,,zone,def,min,max,emotion,icon,CAUSES,C-MISC,C-MISC,C-MISC,C-MISC,C-MISC,C-MISC,C-MISC,C-MISC,C-MISC,C-MISC,C-MISC,C-MISC,C-MISC,C-MISC,C-MISC,C-MISC,C-MISC,C-MISC,C-MISC,C-MISC,C-MISC,C-MISC,C-MISC,C-MISC,C-MISC,C-MISC,C-MISC,C-MISC,C-MISC,C-MISC,C-MISC,C-MISC,C-MISC,C-MISC,C-MISC,C-MISC,C-MISC,C-MISC,C-MISC,C-MISC,C-MISC,C-MISC,C-MISC,C-MISC,C-MISC,C-MISC,C-MISC,C-MISC,C-MISC,C-MISC,C-MISC,C-MISC,C-MISC,C-NEW SIMU,C-NEW SIMU,C-NEW SIMU,C-NEW SIMU,C-NEW SIMU,C-NEW SIMU,C-NEW SIMU,C-NEW SIMU,C-,C-GROUPS,C-GROUPS,C-GROUPS,C-GROUPS,C-GROUPS,C-GROUPS,C-GROUPS,C-GROUPS,C-GROUPS,C-GROUPS,C-GROUPS,C-GROUPS,C-GROUPS,C-GROUPS,C-GROUPS,C-GROUPS,C-GROUPS,C-GROUPS,C-GROUPS,C-EMOTIONS,C-EMOTIONS,C-EMOTIONS,C-EMOTIONS,C-EMOTIONS,C-EMOTIONS,C-SIMU,C-SIMU,C-SIMU,C-SIMU,C-SIMU,C-SIMU,C-SIMU,C-SIMU,C-SIMU,C-SIMU,C-SIMU,C-SIMU,C-SIMU,C-SIMU,C-SIMU,C-SIMU,C-SIMU,C-SIMU,C-SIMU,C-SIMU,C-SIMU,C-SIMU,C-SIMU,C-SIMU,C-SIMU,C-SIMU,C-SIMU,C-SIMU,C-SIMU,C-SIMU,C-SIMU,C-SIMU,C-SIMU,C-SIMU,C-SIMU,C-SIMU,C-SIMU,C-SIMU,C-SIMU,C-SIMU,C-SIMU,C-SIMU,C-SIMU,C-SIMU,C-SIMU,C-SIMU,C-SIMU,C-SIMU,C-SIMU,C-SIMU,C-SIMU,C-SIMU,C-SIMU,C-SIMU,C-SIMU,C-SIMU,C-SIMU,C-SIMU,C-SIMU,C-SIMU,C-SIMU,C-SIMU,C-SIMU,C-SIMU,C-SIMU,C-SIMU,C-SIMU,C-SIMU,C-SIMU,C-SIMU,C-SIMU,EFFECTS,E-MISC,E-MISC,E-MISC,E-MISC,E-MISC,E-MISC,E-MISC,E-MISC,E-MISC,E-MISC,E-MISC,E-MISC,E-MISC,E-MISC,E-MISC,E-MISC,E-NEW SIMU,E-NEW SIMU,E-NEW SIMU,E-NEW SIMU,E-NEW SIMU,E-NEW SIMU,E-NEW SIMU,E-NEW SIMU,E-,E-GROUPS,E-GROUPS,E-GROUPS,E-GROUPS,E-GROUPS,E-GROUPS,E-GROUPS,E-GROUPS,E-GROUPS,E-GROUPS,E-GROUPS,E-GROUPS,E-GROUPS,E-GROUPS,E-GROUPS,E-GROUPS,E-GROUPS,E-GROUPS,E-GROUPS,E-EMOTIONS,E-EMOTIONS,E-EMOTIONS,E-EMOTIONS,E-EMOTIONS,E-EMOTIONS,E-SIMU,E-SIMU,E-SIMU,E-SIMU,E-SIMU,E-SIMU,E-SIMU,E-SIMU,E-SIMU,E-SIMU,E-SIMU,E-SIMU,E-SIMU,E-SIMU,E-SIMU,E-SIMU,E-SIMU,E-SIMU,E-SIMU,E-SIMU,E-SIMU,E-SIMU,E-SIMU,E-SIMU,E-SIMU,E-SIMU,E-SIMU,E-SIMU,E-SIMU,E-SIMU,E-SIMU,E-SIMU,E-SIMU,E-SIMU,E-SIMU,E-SIMU,E-SIMU,E-SIMU,E-SIMU,E-SIMU,E-SIMU,E-SIMU,E-SIMU,E-SIMU,E-SIMU,E-SIMU,E-SIMU,E-SIMU,E-SIMU,E-SIMU,E-SIMU,E-SIMU,E-SIMU,E-SIMU,E-SIMU,E-SIMU,E-SIMU,E-SIMU,E-SIMU,E-SIMU,E-SIMU,E-SIMU,E-SIMU,E-SIMU,E-SIMU,E-SIMU,E-SIMU,E-SIMU,E-SIMU,E-SIMU,E-SIMU
,CULTURE MARKERS,,,,,,,,,,,,,,,,,,,,,,,,,,,,,,,,,,,,,,,,,,,,,,,,,,,,,,,,,,,,,Comp,Coop,Culture,LocalCommunities,BureaucraticKnowledge,GenderTension,SingleParents,StayAtHomeParents,,EthnicMinorities,C-Capitalist,C-Socialist,,C-Liberal,C-Conservatives,C-Retired_perc,C-Young_perc,C-SelfEmployed_perc,C-TradeUnionist_perc,C-Parents_perc,C-StateEmployees_perc,C-Motorist_perc,C-Commuter_perc,C-Patriot_perc,c-Religious_perc,,C-Wealthy_perc,C-Environmentalist_perc,C-Anger,C-Anxiety,C-Disgust,C-Envy,C-Fear,C-Paranoia,GlobalCO2,_HighIncome,_LowIncome,_MiddleIncome,_Terrorism,AirTravel,AlcoholConsumption,AverageTemperature,BusinessConfidence,BusUsage,CarUsage,Charity,CO2Emissions,Corruption,CrimeRate,CurrencyStrength,Democracy,Education,ElectricCarTransition,Emigration,EnergyEfficiency,Environment,Equality,FoodPrice,ForeignAidReceived,ForeignInvestment,ForeignRelations,GDP,GenderEquality,GenerationalWealthGap,Health,HealthcareDemand,HumanDevelopment,Immigration,ImmigrationDemand,IllegalImmigration,IndustrialAutomation,Inflation,InternationalTrade,InternetCurrencyAdoption,InternetSpeed,LegalDrugConsumption,Lifespan,OilDemand,OilPrice,OilSupply,Population,PovertyRate,PrivateEnergy,PrivateHealthcare,PrivateHousing,PrivatePensions,PrivateRail,PrivateSchools,PrivateTelecoms,PrivateWater,RacialTension,RailUsage,Stability,Technology,TobaccoUse,Tourism,TrafficCongestion,Unemployment,Veganism,ViolentCrimeRate,Wages,WorkerProductivity,WorkingWeek,RareEarthPrice,MentalHealth,#,,,,,,,,,,,,,,,,,Comp,Coop,Culture,LocalCommunities,BureaucraticKnowledge,GenderTension,SingleParents,StayAtHomeParents,,EthnicMinorities,Capitalist,Socialist,,Liberal,Conservatives,Retired_perc,Young_perc,SelfEmployed_perc,TradeUnionist_perc,Parents_perc,StateEmployees_perc,Motorist_perc,Commuter_perc,Patriot_perc,Religious_perc,,Wealthy_perc,Environmentalist_perc,Anger,Anxiety,Disgust,Envy,Fear,Paranoia,GlobalCO2,_HighIncome,_LowIncome,_MiddleIncome,_Terrorism,AirTravel,AlcoholConsumption,AverageTemperature,BusinessConfidence,BusUsage,CarUsage,Charity,CO2Emissions,Corruption,CrimeRate,CurrencyStrength,Democracy,Education,ElectricCarTransition,Emigration,EnergyEfficiency,Environment,Equality,FoodPrice,ForeignAidReceived,ForeignInvestment,ForeignRelations,GDP,GenderEquality,GenerationalWealthGap,Health,HealthcareDemand,HumanDevelopment,Immigration,ImmigrationDemand,IllegalImmigration,IndustrialAutomation,Inflation,InternationalTrade,InternetCurrencyAdoption,InternetSpeed,LegalDrugConsumption,Lifespan,OilDemand,OilPrice,OilSupply,Population,PovertyRate,PrivateEnergy,PrivateHealthcare,PrivateHousing,PrivatePensions,PrivateRail,PrivateSchools,PrivateTelecoms,PrivateWater,RacialTension,RailUsage,Stability,Technology,TobaccoUse,Tourism,TrafficCongestion,Unemployment,Veganism,ViolentCrimeRate,Wages,WorkerProductivity,WorkingWeek,RareEarthPrice,MentalHealth
#,Individualism,NOICON,0,0,1.0,UNKNOWN,icons_competitionlaw,#,,,,,,,,,,,,,,,,,,,,,,,,,,,,,,,,,,,,,,,,,,,,,,,"CyberBullying,0+(0.4*x),30","AntisocialBehaviour,0+(0.4*x),30",,,,,,"Comp,0+(0.5*x*x*x*x),30",,,,,,,,,,"Capitalist_perc,0+(1*x*x*x),30",,,,"Conservatives_perc,0+(1*x*x*x)*RIP,30",,,"SelfEmployed_perc,0+(1*x*x*x),30",,,,"Motorist_perc,0+(1*x*x*x),30",,,,,"Wealthy_perc,0+(2*x),30",,,,,,,,,,,,,,,,,,,,,,"CrimeRate,0+(0.4*x),30",,,,,,,,,,,,,,,,,,,,,,,,,,,,,,,,,,"PrivateEnergy,0+(0.5*x),30","PrivateHealthcare,0+(0.5*x),30","PrivateHousing,0+(0.5*x),30","PrivatePensions,0+(0.5*x),30","PrivateRail,0+(0.5*x),30","PrivateSchools,0+(0.5*x),30","PrivateTelecoms,0+(0.5*x),30","PrivateWater,0+(0.5*x),30",,,,,,,,"Unemployment,0-(1*x),30",,"ViolentCrimeRate,0+(0.4*x),30",,,,,,#,"TrackerCultural,0+(1*x)","Relativism,0-(0.1*x*x),30",,,,,,,,,,,,,,,,,,,,,,,,,,,,,,,,,,,,,,,,,,,,,,,,,,,,,,,,,,,,,,,,,,,,,,,,,,,,,,,,,,,,,,,,,,,,,,,,,,,,,,,,,,,,,,,,,,,,,,,
#,Collectivism,NOICON,0,0,1.0,UNKNOWN,sit_icon_egalitariansociety,#,,,,,,,,,,,,,,,,,,,,,,,,,,,,,"Banprivateeducation,0+(0.05*x),30","Banprivatehealthcare,0+(0.05*x),30","BanSecondHomeOwnership,0+(0.05*x),30",,,,,,,,,,,"FoodStamps,0+(0.2*x),30","FreeBusPasses,0+(0.05*x),30","FreeEyeTests,0+(0.05*x),30","FreeParentingClasses,0+(0.05*x),30","FreeSchoolMeals,0+(0.05*x),30","CyberBullying,0-(0.4*x),30","AntisocialBehaviour,0-(0.4*x),30",,,,,,,"Coop,0+(0.5*x*x*x*x),30",,"LocalCommunities,0+(1*x*x*x),30",,,,,,,,"Socialist_perc,0+(1*x*x*x),30",,"Liberal_perc,0+(1*x*x*x)*RIP,30",,,,,"TradeUnionist_perc,0+(1*x*x*x),30",,"StateEmployees_perc,0+(1*x*x*x),30",,"Commuter_perc,0+(1*x*x*x),30","Patriot_perc,0+(1*x*x*x)*ExtremeNationalism,30",,,"Wealthy_perc,0+(2*x)*LuxuryBeliefs,30",,,,,,,,,,,,,,,,,,,,,,,,,,,,,,,,,,,,,,,,,,,,,,,,,,,,,,,"PovertyRate,0+(0.3*x*x*x*x),30","StateEnergy,0+(0.5*x),30","StateHealthService,0+(0.5*x),30","StateHousing,0+(0.5*x),30","StatePensions,0+(0.5*x),30","StateRail,0+(0.5*x),30","StateSchools,0+(0.5*x),30","StateTelecoms,0+(0.5*x),30","StateWater,0+(0.5*x),30","StateAirline,0+(0.5*x),30","StateBroadcaster,0+(0.5*x),30","StatePostService,0+(0.5*x),30",,,,,,,,,,,,,#,"TrackerCultural,0+(1*x)","Relativism,0-(0.1*x*x),30",,,,,,,,,,,,,,,,,,,,,,,,,,,,,,,,,,,,,,,,,,,,,,,,,,,,,,,,,,,,,,,,,,,,,,,,,,,,,,,,,,,,,,,,,,,,,,,,,,,,,,,,,,,,,,,,,,,,,,,
#,Relativism,NOICON,0,0,1.0,UNKNOWN,icons_tobaccotax,#,,,,,,,,"SocialJusticeFoundation,0-(0.1*x*x),30","FunctionalIlliteracy,0+(0.1*x),30","StampOutRacismWeek,0.02-(0.1*x*x,30",,,,,,,,,,,,,,,"AbortionLaw,0+(0.5*x*x*x*x),30",,,,,,,,,,,,,,,,,,,,,,"CyberBullying,0+(0.4*x),30","AntisocialBehaviour,0+(0.4*x),30",,,,,,"Comp,1-(2*x),30","Coop,1-(2*x),30",,,,,,,,"EthnicMinorities_perc,0+(1*x*x*x),30",,,,"Liberal_perc,0+(1*x*x*x)*DegrowthDoctrine,30",,,"Young_perc,0+(1*x*x*x),30",,,,,,,,,,,"Environmentalist_perc,0+(1*x*x*x)*DegrowthDoctrine,30",,,,,,,,,,,,,,,,,,,,,"CrimeRate,0+(0.4*x),30",,,,,,,,,,,,,,,,,,,,,,,,,,,,,,,,,,,,,,,,,,,,,,,,,,,"ViolentCrimeRate,0+(0.4*x),30",,,,,,#,"TrackerCultural,0+(1*x)",,,,,,,,,,,,,,,,,,,,,,,,,,,,,,,,,,,,,,,,,,,,,,,,,,,,,,,,,,,,,,,,,,,,,,,,,,,,,,,,,,,,,,,,,,,,,,,,,,,,,,,,,,,,,,,,,,,,,,,,
#,Moralism,NOICON,0,0,1.0,UNKNOWN,speech,#,,,,,,,,"SocialJusticeFoundation,0+(0.1*x*x),30",,"StampOutRacismWeek,0.02+(0.1*x*x),30",,,,,,,,,,,,,,,"AbortionLaw,0-(0.5*x*x*x*x),30",,,,,,,,,,,,,,,,,,,,,,"CyberBullying,0-(0.4*x),30","AntisocialBehaviour,0-(0.4*x),30",,,,,,,,,,,,,,,,,,"Liberal_perc,0+(1*x*x*x)*CGT,30","Liberal_perc,0+(1*x*x*x)*CRT,30","Conservatives_perc,0+(1*x*x*x),30","Retired_perc,0+(1*x*x*x),30",,,,"Parents_perc,0+(1*x*x*x),30",,,,,"Religious_perc,0+(2*x),30",,,,,,,,,,,,,,,,,,,,,,,,,,,,,,,,,,,,,,,,,,,,,,,,,,,,,,,,,,,,,,,,,,,,,,,,,,,,,,,,,#,"TrackerCultural,0+(1*x)","Relativism,0-(0.1*x*x),30",,,,,,,,,,,,,,,,,,,,,,,,,,,,,,,,,,,,,,,,,,,,,,,,,,,,,,,,,,,,,,,,,,,,,,,,,,,,,,,,,,,,,,,,,,,,,,,,,,,,,,,,,,,,,,,,,,,,,,,
#,Hedonism,NOICON,0,0,1.0,UNKNOWN,sit_icons_obesity,#,,,,,,"Narcotics,-0.4+(1*x),30","LegaliseProstitution,0+(0.7*x*x*x),30",,,,,,,,,,,,,,,,"Gambling,0+(0.7*x*x*x),30",,,,,,"HandgunLaws,0.4-(0.5*x^0.4),30",,,"Obesity,0+(0.5*x),30",,"AlcoholConsumption,0+(0.5*x),30",,,,,,,,,,,,,"CyberBullying,0+(0.4*x),30","AntisocialBehaviour,0+(0.4*x),30",,,,,,,,,,,,,,,,"Capitalist_perc,0+(1*x*x*x)*Relativism_id,30",,,"Liberal_perc,0+(1*x*x*x),30",,,"Young_perc,0+(1*x*x*x),30",,,,,"Motorist_perc,0+(1*x*x*x),30",,,,,"Wealthy_perc,0+(2*x),30","MiddleIncome_perc,0+(1*x*x*x)*Relativism_id,30",,,,,,,,,,,,,,,,,,,,,"CrimeRate,0+(0.4*x),30",,,,,,,,,,,,,,,,,,,,,,,,,,,"LegalDrugConsumption,0+(0.5*x),30",,,,,,,,,,,,,,,,,,,"TobaccoUse,0+(0.5*x),30",,,,,"ViolentCrimeRate,0+(0.4*x),30","Wages,0+(0.4*x*x*x)*_neg_MentalHealth,30",,,,,#,"TrackerCultural,0+(1*x)","Relativism,0-(0.1*x*x),30",,,,,,,,,,,,,,,,,,,,,,,,,,,,,,,,,,,,,,,,,,,,,,,,,,,,,,,,,,,,,,,,,,,,,,,,,,,,,,,,,,,,,,,,,,,,,,,,,,,,,,,,,,,,,,,,,,,,,,,
#,Prohibitionism,NOICON,0,0,1.0,UNKNOWN,icons_end,#,,,,,,"Narcotics,0.4-(1*x),30",,"banalcohol,0+(0.5*x*x*x*x),30","bantobacco,0+(0.5*x*x*x*x),30",,"LuxuryGoodsTax,0+(0.5*x),30",,,,,,,,,,,,"Gambling,0-(0.3*x*x*x),30",,,,,,"HandgunLaws,0+(0.5*x*x*x*x),30",,,"Obesity,0-(0.2*x),30",,"AlcoholConsumption,0-(0.5*x),30",,,,,,,,,,,,,"CyberBullying,0-(0.4*x),30","AntisocialBehaviour,0-(0.4*x),30",,,,,,,,,,,,,,,,,"Socialist_perc,0+(1*x*x*x)*Moralism_id,30",,,"Conservatives_perc,0+(1*x*x*x),30",,,,,"Parents_perc,0+(1*x*x*x),30",,,"Commuter_perc,0+(1*x*x*x),30",,"Religious_perc,0+(1*x*x*x),30",,"Wealthy_perc,0+(2*x)*LuxuryBeliefs,30","Environmentalist_perc,0+(1*x*x*x),30",,,,,,"Paranoia,0+(0.5*x),30",,,,,,,,,,,,,,,,,,,,,,,,,,,,,,,,,,,,,,,,,,,,,,,,,,,,,,,,,,,,,,,,,,,,,,,,#,"TrackerCultural,0+(1*x)","Relativism,0-(0.1*x*x),30",,,,,,,,,,,,,,,,,,,,,,,,,,,,,,,,,,,,,,,,,,,,,,,,,,,,,,,,,,,,,,,,,,,,,,,,,,,,,,,,,,,,,,,,,,,,,,,,,,,,,,,,,,,,,,,,,,,,,,,
#,Objectivism,NOICON,0,0,1.0,UNKNOWN,icons_sciencefunding,#,,,,,,,,,,,,,,,,,,,,,,,,,,,,,,,,,,,,,,,,,,,,,"Creationism,0+(0.6*x*x*x*x),30","SocialMediaAddiction,0-(0.4*x),30","CyberBullying,0-(0.4*x),30","AntisocialBehaviour,0-(0.4*x),30",,,,,,,,,,,,,,,,,,,,"Conservatives_perc,0+(1*x*x*x),30",,,,,,,,,,,,,,"Anger,0-(0.2*x*x*x*x),30","Anxiety,0-(0.2*x*x*x*x),30","Disgust,0-(0.2*x*x*x*x),30","Envy,0-(0.2*x*x*x*x),30","Fear,0-(0.2*x*x*x*x),30","Paranoia,0-(0.2*x*x*x*x),30",,,,,,,,,,,,,,,,,,"Education,0+(0.5*x),30",,,,,,,,,,,,,,,,,,,,,,,,,,,,,,,,,,,,,,,,,,"Technology,0+(0.5*x),30",,,,,,,,,,,,#,"TrackerCultural,0+(1*x)","Relativism,0-(0.1*x*x),30",,,,,,,,,,,,,,,,,,,,,,,,,,,,,,,,,,,,,,,,,,,,,,,,,,,,,,,,,,,,,,,,,,,,,,,,,,,,,,,,,,,,,,,,,,,,,,,,,,,,,,,,,,,,,,,,,,,,,,,
#,Subjectivism,NOICON,0,0,1.0,UNKNOWN,icons_religiousbanknotes,#,,,,,,,,,,"Gambling,0+(1*x*x),30",,,,,,,,,,,,,,,,,,,,,,,,,,,,,,,,"Recycling,0+(0.3*x*x*x*x),30","NuclearWeapons,0+(0.3*x*x),30",,"Creationism,-0.4+0.1/x,30","SocialMediaAddiction,0+(0.4*x),30","CyberBullying,0+(0.4*x),30","AntisocialBehaviour,0+(0.4*x),30",,,,,,,,,,,,,,,,,,,"Liberal_perc,0+(1*x*x*x),30",,,"Young_perc,0+(1*x*x*x),30",,,,,,,"Religious_perc,0+(1*x*x)*_neg_Education,30","Religious_perc,0+(1*x*x*x)*NewAge,30",,"Wealthy_perc,0+(2*x)*NewAge,30","Environmentalist_perc,0+(1*x*x*x)*NewAge,30","Anger,0+(0.2*x*x*x*x),30","Anxiety,0+(0.2*x*x*x*x),30","Disgust,0+(0.2*x*x*x*x),30","Envy,0+(0.2*x*x*x*x),30","Fear,0+(0.2*x*x*x*x),30","Paranoia,0+(0.2*x*x*x*x),30",,,,,,,,,,,,,,,"CrimeRate,0+(0.4*x),30",,,,,,,,,,,,,,,,,,,,,,,,,,,"LegalDrugConsumption,0+(0.2*x*x),30",,,,,,,,,,,,,,,,,,"Technology,0+(0.5*x*x)*_neg_Education,30",,,,,,"ViolentCrimeRate,0+(0.4*x),30",,,,,,#,"TrackerCultural,0+(1*x)","Relativism,0-(0.1*x*x),30",,,,,,,,,,,,,,,,,,,,,,,,,,,,,,,,,,,,,,,,,,,,,,,,,,,,,,,,,,,,,,,,,,,,,,,,,,,,,,,,,,,,,,,,,,,,,,,,,,,,,,,,,,,,,,,,,,,,,,,
#,Anarchism,NOICON,0,0,1.0,UNKNOWN,icons_violentcrimerate,#,,,,,,"Banforeignchurchservice,0-(0.1*x),30","Bandivorce,0-(0.05*x),30","BanCoal,0-(0.05*x),30","AntibioticsBan,0-(0.05*x),30","AntiCorruptionAgency,0-(0.05*x),30",,,,,,,,,,,,,"Banhomosexuality,0-(0.1*x),30","Banlowmpgcars,0-(0.01*x),30","Banprivateeducation,0-(0.05*x),30","Banprivatehealthcare,0-(0.05*x),30","BanSecondHomeOwnership,0-(0.05*x),30","BanSundayShopping,0-(0.05*x),30","HandgunLaws,0.4-(0.5*x^0.4),30","BorderControls,0-(0.1*x*x*x*x),30","CapCEOPayMultiplier,0-(0.05*x),30","CCTVCameras,0-(0.1*x),30","Closeairportscompletely,0-(0.05*x),30","Compulsorychurchattendance,0-(0.1*x),30","CompulsoryFoodLabelling,0-(0.01*x),30","CompulsoryForeignLanguageClasses,0-(0.01*x),30","Compulsorylanguagelessons,0-(0.01*x),30","CompulsorySchoolSports,0-(0.01*x),30","Compulsoryworkfortheunemployed,0-(0.1*x),30","Curfews,0-(0.3*x*x*x*x),30","DeathPenalty,0-(0.3*x*x*x),30","DetentionWithoutTrial,0-(0.1*x),30","Diversityquotasforcompanies,0-(0.05*x),30","DrugEnforcement,0-(0.02*x),30","IntelligenceServices,0-(0.4*x*x*x*x),30",,"CyberBullying,0+(0.4*x),30","AntisocialBehaviour,0+(0.4*x),30",,,"PoliceForce,0.5-(0.8*x^0.5),30","ArmedPolice,0-(0.5*x),30",,,,,,,,,,,,"Capitalist_perc,0+(1*x*x*x)*Relativism_id,30",,,"Liberal_perc,0+(1*x*x*x),30",,,"Young_perc,0+(1*x*x*x),30",,,,,,,,,,,,,,,,,,,,,,,,,,,,,,,,"CrimeRate,0+(0.4*x),30",,,,,,,,,,,,,,,,,,,,,,,,,,,,,,,,,,,,,,,,,,,,,,,,,,,"ViolentCrimeRate,0+(0.4*x),30",,,,,,#,"TrackerCultural,0+(1*x)","Relativism,0-(0.1*x*x),30",,,,,,,,,,,,,,,,,,,,,,,,,,,,,,,,,,,,,,,,,,,,,,,,,,,,,,,,,,,,,,,,,,,,,,,,,,,,,,,,,,,,,,,,,,,,,,,,,,,,,,,,,,,,,,,,,,,,,,,
#,Authoritarianism,NOICON,0,0,1.0,UNKNOWN,icons_policeforce,#,,,,,,"Banforeignchurchservice,0+(0.1*x),30","Bandivorce,0+(0.05*x),30","BanCoal,0+(0.05*x),30","AntibioticsBan,0+(0.05*x),30","AntiCorruptionAgency,0+(0.05*x),30",,,,,,,,,,,,,"Banhomosexuality,0+(0.1*x),30","Banlowmpgcars,0+(0.01*x),30","Banprivateeducation,0+(0.05*x),30","Banprivatehealthcare,0+(0.05*x),30","BanSecondHomeOwnership,0+(0.05*x),30","BanSundayShopping,0+(0.05*x),30","HandgunLaws,0+(0.5*x*x*x*x),30","BorderControls,0+(0.1*x*x*x*x),30","CapCEOPayMultiplier,0+(0.05*x),30","CCTVCameras,0+(0.1*x),30","Closeairportscompletely,0+(0.05*x),30","Compulsorychurchattendance,0+(0.1*x),30","CompulsoryFoodLabelling,0+(0.01*x),30","CompulsoryForeignLanguageClasses,0+(0.01*x),30","Compulsorylanguagelessons,0+(0.01*x),30","CompulsorySchoolSports,0+(0.01*x),30","Compulsoryworkfortheunemployed,0+(0.1*x),30","Curfews,0+(0.3*x*x*x*x),30","DeathPenalty,0+(0.3*x*x*x),30","DetentionWithoutTrial,0+(0.1*x),30","Diversityquotasforcompanies,0+(0.05*x),30","DrugEnforcement,0+(0.02*x),30","IntelligenceServices,0+(0.4*x*x*x*x),30","Forcepoliticalmilitaryreligiousoath,0+(0.1*x*x*x*x),30","CyberBullying,0-(0.4*x),30","AntisocialBehaviour,0-(0.4*x),30",,,"PoliceForce,0+(0.5*x*x*x*x),30","ArmedPolice,0+(0.5*x),30","BodyCameras,-0.05-(0.1*x*x),30",,,,,,,,,,,,"Socialist_perc,0+(1*x*x*x)*Moralism_id,30","Liberal_perc,0+(1*x*x*x)*CGT,30","Liberal_perc,0+(1*x*x*x)*CRT,30","Conservatives_perc,0+(1*x*x*x),30",,"Young_perc,0-(1*x*x*x),30",,,"Parents_perc,0+(1*x*x*x),30","StateEmployees_perc,0+(1*x*x*x),30",,"Patriot_perc,0+(1*x*x*x)*_neg_WWTrauma,30","Patriot_perc,0+(1*x*x*x),30",,,,,,,,,,,,,,,,,,,,,,,,,,,,,,,,,,,,,,,,,,,,,,,,,,,,,,,,,,,,,,,,,,,,,,,,,,,,,,,,,,#,"TrackerCultural,0+(1*x)","Relativism,0-(0.1*x*x),30",,,,,,,,,,,,,,,,,,,,,,,,,,,,,,,,,,,,,,,,,,,,,,,,,,,,,,,,,,,,,,,,,,,,,,,,,,,,,,,,,,,,,,,,,,,,,,,,,,,,,,,,,,,,,,,,,,,,,,,
#,Isolationism,NOICON,0,0,1.0,UNKNOWN,icons_borderwall,#,,,,,,"Banforeignchurchservice,0+(0.2*x),30",,,,"InternationalFusionResearchProject,0-(1*x),30",,,,,,,,,,,,,"GeneralMediaCensorship,0+(0.3*x),30",,,,,"BorderWall,0+(0.5*x),30","ImportTarrifs,0+(1*x),30","BorderControls,0+(0.6*x*x*x*x),30",,,"Closeairportscompletely,0+(0.1*x),30",,,"CompulsoryForeignLanguageClasses,0-(0.1*x),30","Compulsorylanguagelessons,0-(0.1*x),30","DiplomaticService,0-(0.1*x),30",,"Flagsoneverystreetcorner,0+(0.05*x),30",,,,"ForeignInvestmentRestrictions,0+(0.5*x),30","ForeignInvestorTaxBreaks,0-(0.5*x),30","ForeignAid,0-(0.5*x*x),30","CitizenshipTests,0+(0.2*x*x),30","RefugeePolicy,0-(0.5*x),30","ImmigrationRules,0-(0.5*x),30",,,"TradeCouncil,0-(0.1*x),30","Monorail,0-(0.3*x*x),30",,,,"LocalCommunities,0+(0.3*x*x),30",,,,,,,,"Socialist_perc,0+(1*x*x*x),30",,,"Conservatives_perc,0+(1*x*x*x)*PovertyRate,30",,,,"TradeUnionist_perc,0+(1*x*x*x)*Fear,30",,,,"Patriot_perc,0+(1*x*x*x)*EthnicMinorities,30","Patriot_perc,0+(1*x*x*x),30",,"Wealthy_perc,0+(2*x)*LuxuryBeliefs,30","Wealthy_perc,0+(2*x)*LuxuryBeliefs,30","Environmentalist_perc,0+(1*x*x*x)*DegrowthDoctrine,30",,,"Disgust,-1.5+(2*x^0.4),30",,"Fear,-1.5+(2*x^0.4),30",,,,,,,,,,,,,,,,,,,,,,,,,,"ForeignAidReceived,0-(1*x),30","ForeignInvestment,0-(1*x),30","ForeignRelations,0-(1*x*x*x*x),30",,,,,,,,,,,,,,,,,,,,,,,,,,,,,,,,,,,,,,,,,,,,,#,"TrackerCultural,0+(1*x)","Relativism,0-(0.1*x*x),30",,,,,,,,,,,,,,,,,,,,,,,,,,,,,,,,,,,,,,,,,,,,,,,,,,,,,,,,,,,,,,,,,,,,,,,,,,,,,,,,,,,,,,,,,,,,,,,,,,,,,,,,,,,,,,,,,,,,,,,
#,Globalism,NOICON,0,0,1.0,UNKNOWN,icons_internationaltrade,#,,,,,,"Banforeignchurchservice,0-(0.2*x),30",,,,"InternationalFusionResearchProject,0+(1*x),30",,,,,,,,,,,,,"GeneralMediaCensorship,0-(0.3*x),30",,,,,"BorderWall,0-(0.5*x),30","ImportTarrifs,0-(1*x),30","BorderControls,0-(0.6*x*x*x*x),30",,,"Closeairportscompletely,0-(0.1*x),30",,,"CompulsoryForeignLanguageClasses,0+(0.1*x),30","Compulsorylanguagelessons,0+(0.1*x),30","DiplomaticService,0+(0.1*x),30",,"Flagsoneverystreetcorner,0-(0.05*x),30",,,,"ForeignInvestmentRestrictions,0-(0.5*x),30","ForeignInvestorTaxBreaks,0+(0.5*x),30","ForeignAid,0+(0.5*x*x),30","CitizenshipTests,0-(0.2*x*x),30","RefugeePolicy,0+(0.5*x),30","ImmigrationRules,0+(0.5*x),30",,,"TradeCouncil,0+(0.1*x),30","Monorail,0+(0.3*x*x),30",,,,,,,,,,"EthnicMinorities_perc,0+(1*x*x*x),30","Capitalist_perc,0+(1*x*x*x),30",,,"Liberal_perc,0+(1*x*x*x),30",,,,,,,,,,,,,"Wealthy_perc,0+(2*x),30","Environmentalist_perc,0-(1*x*x*x)*DegrowthDoctrine,30",,,"Disgust,0.1-(0.4*x*x),30",,"Fear,0.1-(0.4*x*x),30",,,,,,,,,,,,,,,,,,,,,,,,,,"ForeignAidReceived,0+(1*x),30","ForeignInvestment,0+(1*x),30","ForeignRelations,0+(1*x*x*x*x),30",,,,,,,,,,,,"InternationalTrade,0+(1*x*x),30",,,,,,,,,,,,,,,,,,,,,,,,,,,,,,,,,#,"TrackerCultural,0+(1*x)","Relativism,0-(0.1*x*x),30",,,,,,,,,,,,,,,,,,,,,,,,,,,,,,,,,,,,,,,,,,,,,,,,,,,,,,,,,,,,,,,,,,,,,,,,,,,,,,,,,,,,,,,,,,,,,,,,,,,,,,,,,,,,,,,,,,,,,,,
#,Militarism,NOICON,0,0,1.0,UNKNOWN,icons_militaryspending,#,,,,,,,,,,,,,,,,,,,,,,,,"NationalService,0+(0.6*x),30","NationalArmedForcesWeek,0+(0.1*x*x),30","MilitarySpending,-0.05+(1*x*x),30",,"_percept_strength,0+(0.5*x*x),30","HandgunLaws,0.4-(0.5*x^0.4),30",,"ExtremeNationalism,0.1+(0.8*x),30",,,,,,,,"bordernavy,0+(0.5*x),30","Flagsoneverystreetcorner,0+(0.05*x),30","DeathPenalty,0+(0.5*x*x*x),30","DroneStrikeAct,0+(1*x),30","NuclearWeapons,0+(0.4*x),30",,"IntelligenceServices,0+(0.4*x*x*x*x),30","Forcepoliticalmilitaryreligiousoath,0+(0.05*x),30",,"RefugeePolicy,0-(0.5*x),30",,,,"ArmedPolice,0+(0.5*x),30",,"Comp,-1+(2*x),30","Coop,1-(2*x),30",,,,,,,,,"Capitalist_perc,0+(1*x*x*x)*Relativism_id,30",,,"Liberal_perc,0-(1*x*x*x)*WWTrauma,30","Conservatives_perc,0+(1*x*x*x),30",,,,,,"StateEmployees_perc,0+(1*x*x*x),30",,"Patriot_perc,0+(1*x*x*x)*_neg_WWTrauma,30","Patriot_perc,0+(1*x*x*x),30",,,,"Environmentalist_perc,0-(1*x*x*x),30","Anger,-1+(2*x),15",,"Disgust,-1+(2*x),30","Envy,-1+(2*x),30",,"Paranoia,-1+(2*x),30",,,,,,,,,,,,,,,,,,,,,,,,,"ForeignAidReceived,0-(1*x),30",,"ForeignRelations,0-(1*x*x*x*x),30",,,,,,,,,,,,,,,,,,,,,,,,,,,,,,"RacialTension,0+(0.5*x*x*x*x),30",,,,,,,,,,,,,,,#,"TrackerCultural,0+(1*x)","Relativism,0-(0.1*x*x),30",,,,,,,,,,,,,,,,,,,,,,,,,,,,,,,,,,,,,,,,,,,,,,,,,,,,,,,,,,,,,,,,,,,,,,,,,,,,,,,,,,,,,,,,,,,,,,,,,,,,,,,,,,,,,,,,,,,,,,,
#,Pacifism,NOICON,0,0,1.0,UNKNOWN,icons_foreignrelations,#,,,,,,,,,,,,,,,,,,,,,,,,"NationalService,0-(0.6*x),30",,,"_percept_compassion,0+(0.5*x*x),30",,"HandgunLaws,0+(0.5*x*x*x*x),30",,,"EgalitarianSociety,0.1+(0.4*x*x*x),30",,,,,,"DiplomaticService,0+(0.1*x),30",,,,,,,"IntelligenceServices,0-(0.4*x*x*x*x),30","ForeignAid,0+(0.5*x*x),30",,"RefugeePolicy,0+(0.5*x),30",,,,"ArmedPolice,0-(0.5*x),30",,"Comp,1-(2*x),30","Coop,-1+(2*x),30",,,,,,,,,,"Socialist_perc,0+(1*x*x*x)*WWTrauma,30",,"Liberal_perc,0+(1*x*x*x),30","Conservatives_perc,0+(1*x*x*x)*WWTrauma,30",,,,,"Parents_perc,0+(1*x*x*x),30",,,,,"Religious_perc,0+(1*x*x*x)*WWTrauma,30",,,"Environmentalist_perc,0+(1*x*x*x),30","Anger,0.25-(1*x*x),15",,"Disgust,0.1-(0.4*x*x),30","Envy,0.1-(0.4*x*x),30",,"Paranoia,0.1-(0.4*x*x),30",,,,,,,,,,,,,,,,,,,,,,,,,"ForeignAidReceived,0+(1*x),30",,"ForeignRelations,0+(1*x*x*x*x),30",,,,,,,,,,,,,,,,,,,,,,,,,,,,,,"RacialTension,0-(0.5*x*x*x*x),30",,,,,,,,,,,,,,,#,"TrackerCultural,0+(1*x)","Relativism,0-(0.1*x*x),30",,,,,,,,,,,,,,,,,,,,,,,,,,,,,,,,,,,,,,,,,,,,,,,,,,,,,,,,,,,,,,,,,,,,,,,,,,,,,,,,,,,,,,,,,,,,,,,,,,,,,,,,,,,,,,,,,,,,,,,
,,,,,,,,,,,,,,,,,,,,,,,,,,,,,,,,,,,,,,,,,,,,,,,,,,,,,,,,,,,,,,,,,,,,,,,,,,,,,,,,,,,,,,,,,,,,,,,,,,,,,,,,,,,,,,,,,,,,,,,,,,,,,,,,,,,,,,,,,,,,,,,,,,,,,,,,,,,,,,,,,,,,,,,,,,,,,,,,,,,,,,,,,,,,,,,,,,,,,,,,,,,,,,,,,,,,,,,,,,,,,,,,,,,,,,,,,,,,,,,,,,,,,,,,,,,,,,,,,,,,,,,,,,,,,,,,,,,,,,,,,,,,,,,,
,,,,,,,,,,,,,,,,,,,,,,,,,,,,,,,,,,,,,,,,,,,,,,,,,,,,,,,,,,,,,,,,,,,,,,,,,,,,,,,,,,,,,,,,,,,,,,,,,,,,,,,,,,,,,,,,,,,,,,,,,,,,,,,,,,,,,,,,,,,,,,,,,,,,,,,,,,,,,,,,,,,,,,,,,,,,,,,,,,,,,,,,,,,,,,,,,,,,,,,,,,,,,,,,,,,,,,,,,,,,,,,,,,,,,,,,,,,,,,,,,,,,,,,,,,,,,,,,,,,,,,,,,,,,,,,,,,,,,,,,,,,,,,,,
#,Culture,WELFARE,0,0,1.0,HIGHGOOD,icons_artssubsidies,#,,,,,,,,,,,,,,,,,,,,,,,,,,,,,"StateSchools,0.35*(x^0.6),12",,"Technology,-0.1+(0.2*x),12","SelectiveSchooling,-0.02+(0.04*x),12","PublicLibraries, 0.01+(0.2*x*x*x*x),16","AdultEducationSubsidies, 0.05+(0.1*x*x),12","Creationism,0.1-(0.2*x*x*x*x),16",,"Polarization,-0-(0.7*x),30","WorkingWeek,0.1-(0.4*x*x),8",,,"StateBroadcaster,-0.05+(0.3*x*x*x),4",,,,,,,,,,,,,"ArtsSubsidies, 0.01+(0.3*x*x*x),30",,,"LocalCommunities,0+(0.5*x*x),30",,,,,,,,,,,,,,,,,,,,,,,,,,,,,,,,,,,,,,,,,,"Charity,0+(0.2*x*x*x),12",,,,,,"Education,-0.1+(0.4*x*x),10",,,,,,,,,"ForeignRelations,-0.2+(0.4*x),30",,,,,,,,,,,,,,"InternetSpeed,0-(0.2*x*x),16",,,,,,,,,,,,,"PrivateSchools,0.29*(x^0.6),12",,,,,,,,,,,,,"Wages,-0.1+(0.4*x*x),8",,,,"MentalHealth,-0.05+(0.2*x*x),8",#,,"HumanDevelopment,0+(0.3334*x)",,,,,,,,,,,,,,,,,,,,,,,,,,,,,,,,,,,,,,,,,,,,,,,,,"FakeNews,0.1-(0.4*x*x)","AntisocialBehaviour,0.1-(0.4*x*x)",,,,,,,,,,,,,,,,,,,,,,,,,"ForeignRelations,-0.2+(0.4*x)",,,,,,,,,,,,,,,,,,,,,,,,,,,,,,,,,,,,,,,,,,,,"MentalHealth,-0.225+(1.4-x)*x*x,30"
#,LocalCommunities,PUBLICSERVICES,0.5,0,1.0,HIGHGOOD,icons_compulsorychurchattendance,#,"WorkingWeek,0.0625-(1*x*x*x*x)","Technology,0.0625-(1*x*x*x*x),8",,,,,"PublicLibraries,0.05+(0.1*x),30","SocialCare,0.05+(0.3*x*x),30","YouthPoliticsCouncil,0.01+(0.04*x),16","YoungEntrepreneurScheme,0+(0.05*x),10","YouthClubSubsidies,0.01+(0.08*x),16","StampOutRacismWeek,0.05+(0.15*x),30","bansocialmedia,0+(0.3*x),16","bansocialmedia,-0.3*x^4),4","Environment,-0.1+(0.8*x*x)","RacialTension,0.2-(0.4*x),15","GenderTension,0.2-(0.4*x),15","LegalDrugConsumption,0+(0.2*x)","Punitivetaxonsuperstores,0+(0.2*x),8","FoodPrice,0.05-(0.1*x)","Democracy,-0.2+(0.4*x)",,,,,,"religioustax, 0.02+(0.4*x),4",,"RuralDevelopmentGrants,0.02+(0.2*x*x*x),30",,"CrimeRate,0-(0.5*x),4","Banforeignchurchservice,0-(0.2*x)","Curfews,-0.1-(0.4*x*x*x*x)","ContagiousDisease,-0.2-(0.2*x^3)","SocialMediaAddiction,0.1-(0.9*x),8","AntisocialBehaviour,-0.01-(0.2*x*x),30",,"AlcoholConsumption,0+(0.2*x)","EgalitarianSociety,0.2+(0.3*x*x),4","AdultEducationSubsidies,0.025+(0.05*x),10","FreeParentingClasses,0.025+(0.05*x),4","ArtsSubsidies,0.05+(0.2*x*x),30","TelecommutingInitiative,0.02-(0.1*x),4","BusinessStartupCampaign,0.01+(0.05*x)","CommunityPolicing,0.025+(0.05*x),30","CarPoolingCampaign,0.005+(0.025*x)","StayAtHomeParents,0+(0.2*x),4","Compulsorychurchattendance,0.1+(0.3*x*x*x*x)","CompulsorySchoolSports,0.05+(0.1*x)","DrugTreatment,0.025+(0.025*x)","FaithSchoolSubsidies,0.05+(0.05*x)","JuryTrial,0.025+(0.05*x),10",,"real_MiddleIncome,-0.5+(1*x),4",,,,,,,,,,,,,,,,,,,,,,"Farmers_perc,0+(0.3*x)","EthnicMinorities_perc,0+(0.5*x)","Young_perc,0+(0.4*x)","Religious_perc,0+(0.8*x)","Socialist_perc,0+(0.4*x)",,,,,,,,,,,,,,,,,,,,,,,,,,,,,,,,,,,,,,,,,,,,,,,,"InternetSpeed,0.2-(0.4*x)",,,,,,"Population,-0.2+(0.4*x),16",,,,"PrivateHousing,0-(0.1*x*x*x),4",,,"PrivateSchools,0-(0.1*x*x*x),4",,,,,,,"TobaccoUse,0+(0.05*x)",,,,,"ViolentCrimeRate,0-(0.5*x),4",,,,,,#,,"CrimeRate,0.1-(0.4*x*x),8",,,,,,,,,,,,,,,,,,,,,,,,,,,,,,,,,,,,,,,,,,,,,,,,,"Corruption,0.1-(0.4*x*x),8",,"AntisocialBehaviour,0.2-(0.4*x)","CarUsage,0.05-(0.2*x*x),8","_Terrorism,0.05-(0.2*x*x),8","Unemployment,0.05-(0.2*x*x),8","RacialTension,0.1-(0.2*x),30","GenderTension,0.1-(0.2*x),30","StreetGangs,0.05-(0.2*x*x),8","Organised Crime,0.3-(0.6*x),8","Alcoholism,0.05-(0.2*x*x),8","Charity,-0.1+(0.4*x*x),8","ContagiousDisease,-0.05+(0.2*x*x),8","HealthcareDemand,0.05-(0.2*x*x),8","Tourism,-0.05+(0.2*x*x)","Homelessness,0.05-(0.2*x*x),8","ExtremePoverty,0.05-(0.2*x*x),8","FoodBanks,-0.05+(0.2*x*x)","Polarization,0.05-(0.2*x*x),8","FakeNews,0.05-(0.2*x*x),8","Parents,-0.1+(0.2*x)","Young,-0.1+(0.2*x)","Retired,-0.1+(0.2*x)","Socialist,-0.1+(0.2*x)","Religious,-0.1+(0.2*x)","Socialist_freq,-0.05+(0.2*x*x),30","Religious_freq,-0.05+(0.2*x*x),30","Environmentalist_freq,-0.05+(0.2*x*x),30","SelfEmployed_freq,-0.05+(0.2*x*x),30","TradeUnionist_freq,-0.05+(0.2*x*x),30","Parents_freq,-0.05+(0.2*x*x),30","BlackMarket,-0.2+(0.4*x)","VigilanteMobs,0.05-(0.2*x*x),8",,,,,,,,,,,,,,,,,,,,,,,,,,,,,,,,,,,,,,"MentalHealth,0+(1*x*x),8"
#,BureaucraticKnowledge,PUBLICSERVICES,0,0,1.0,HIGHGOOD,sit_icons_bureaucracy,#,,,,,,,,,"YouthPoliticsCouncil,0.01+(0.04*x),16","YoungEntrepreneurScheme,0+(0.05*x),10",,,,,,,,,,,,,,,,,,,,"PublicLibraries,0.05+(0.1*x),10",,,"StayAtHomeParents,-0+(0.5*x),8",,"UnemployedBenefit,0+(0.25*x),4","SocialCare,0+(0.25*x),4",,,,"AdultEducationSubsidies,0.05+(0.15*x),30","FreeParentingClasses,0.05+(0.1*x),30",,,,,,,,,,,"JuryTrial,0.025+(0.05*x),30",,,,,,,,,,,,,,,,,,,,,,,,,,"TradeUnionist_perc,0+(0.5*x),4","SelfEmployed_perc,0+(0.3*x*x*x),10",,,,,,,,,,,,,,,,,,,,,,,,,,,,,,,,,,,,,,,,,,,,,,,,,,,,,,,,,,,,,,,,,,,,,,,,,,,,,,,,#,,"GDP,-0.1+(0.2*x),30",,,,,,,,,,,,,,,,,,,,,,,,,,,,,,,,,,,,,,,,,,,,,,,,,"Stability,-0.1+(0.2*x),30","BusinessConfidece,-0.1+(0.2*x),30",,"SelfEmployed,-0.1+(0.2*x),30","Bureaucracy,0-(1*x)","Corruption,0.05-(0.1*x),30","IndustialAutomation,0.05-(0.1*x),30","CarUsage,0.05-(0.1*x),30","TaxEvasion,-0.3+(0.6*x)",,,,,,,,,,,,,,,,,,,,,,,,,,,,,,,,,,,,,,,,,,,,,,,,,,,,,,,,,,"Wages,-0.05+(0.1*x),30",,,,"MentalHealth,-0.1+(0.2*x),30"
#,GenderTension,WELFARE,0.5,0,1.0,HIGHBAD,icons_genderdiscriminationact,#,,,,,,,,,,,,,,,,,,,,,,,,,,,,"GenderEquality,-0.4+(0.2/x)","Bandivorce,0+(0.3*x*x*x),8",,,,,"GenderDiscriminationAct,-2*(0.75-x)*x*x-0.01,8",,"AntisocialBehaviour,-0.2+(0.4*x),2",,,,,,,,,,,,"LegaliseProstitution,0-(0.2*x)",,,,,,,,,,,,,,,,,,,,,,,,,,,,,,,,,,,,,,,,,,,,,,,,,,,,,,,,,,,,,,,,,,,,,,,,,,,,,,,,,,,,,,,,,,,,,,,,,,,,,,,,,"ViolentCrimeRate,(0.5*x*x)-0.15",,,,,,#,,,,,,,,,,,,,,,,,,,,,,,,,,,,,,,,,,,,,,,,,,,,,,,,,,,,,"AntisocialBehaviour,-0.2+(0.4*x),2",,"_All_,0.1-(0.2*x),4","Cyberbullying,-0.2+(0.4*x),2",,,,,,,,,,,,,,,,,,,,,,,,,,,,,,,,,,,,,,,,,"Population,0.2-(0.4*x),30",,,,,,,,,,,,,,,,,,,"ViolentCrimeRate,-0.025+(0.1*x*x)",,,,,"MentalHealth,0-(0.2*x*x*x),30"
#,SingleParents,WELFARE,0.5,0,1.0,HIGHBAD,icons_maternityleave,#,,,,,,,,,,,,,,,,,,,,,,,,,,,,"MarriedTaxAllowance,-0.1-(0.3*x*x)","Bandivorce,-0.1-(0.5*x*x*x*x),8",,,"GenderTension,-0.2+(0.4*x),8",,,,"AbortionLaw,-0.1-(0.5*x)","RetirementAge,0+(0.2*x)","Health,0.933-(x^0.1)","PrisonerTagging,-0.01-(0.05*x)",,,,,,,,,,,,"FamilyPlanning,-0.05-(0.15*x),16",,,"CrimeRate,0+(0.3*x),8",,,,,,,,,,,,,,,,,,,,,,,,,,,,,,,,,,,,,,,,,,,,,,,,,,,,,,,,,,,,,,,,,,,,,,,,,,,,,,,,,,,,,,,,,,,,,,,,,,,"ViolentCrimeRate,(0.5*x*x)-0.15",,,,,"MentalHealth,0.175-(0.7*x*x)",#,,"PovertyRate,0+(0.9*x),30",,,,,,,,,,,,,,,,,,,,,,,,,,,,,,,,,,,,,,,,,,,,,,,,,"StayAtHomeParents,0-(0.9*x)",,,,,"Conservatives,0.2-(x^0.5)*0.45",,,"StreetGangs,-0.1+(0.4*x*x),8",,,,,,,,,,,,,,,,,,,,,,,,,,,,,,,,,,,,,,,,,,,,,,,,,,,,,,,,,,,,,,"MentalHealth,0-(0.3*x),30"
#,StayAtHomeParents,WELFARE,0.5,0,1.0,UNKNOWN,sit_icons_homelessness,#,,,,,,,,,,,,,,,,,,,,,,,,,,,,,,,,"Unemployment,0+(1*x*Parents_perc)",,"UnemployedBenefit,0+(0.3*x)",,,"RetirementAge,0-(0.2*x)","EgalitarianSociety,0.1+(0.2*x),4",,,"FreeParentingClasses,0.05+(0.1*x),30",,"TelecommutingInitiative,0.01+(0.05*x*x*x),8","MaternityLeave,0.05+(0.3*x*x*x*x),4","MarriedTaxAllowance,0+(0.3*x)",,,"GayMarriage,0+(0.2*x*x)","ChildBenefit,0+(0.1*x)","ChildcareProvision,0-(0.1*x*x)","FamilyPlanning,0+(0.1*x*x),16	",,,"real_MiddleIncome,-0.5+(1*x),4",,,,,,,,,,,,,,,,,,,,,,,,"Capitalist_perc,0-(Parents_perc*x)",,,"Wealthy_perc,0+(Parents_perc*x)",,,,,,,,,,,,,,,,,,,,,,,,,,,,,,,,,,,,,,,,,,,,,,,,,,,,,,,,,,,,,,,,,,,,,,,,,,,,,,#,,,,,,,,,,,,,,,,,,,,,,,,,,,,,,,,,,,,,,,,,,,,,,,,,,,"Culture,x*(GenderEquality-0.5)*0.4,30","Education,0+(0.2*x),30","Parents,x*(GenderEquality-0.5),4","Liberal,x*(GenderEquality-1),4","Young,0+(0.2*x)","Conservatives,0+(0.8*x)","Middle_Income,0+(0.3*x)","Unemployment,0.5*Parents_perc*x","StreetGangs,0.05-(0.2*x*x),8","GenderTension,x*(0.5-GenderEquality)","Coop,x*(GenderEquality-0.5)*0.4,30","ChildcareProvision_cost,0-(0.5*x)",,,,,,,,,,,,,,,,,,,,,,,,,,,,,,,,,,,"Population,0+(0.2*x),15",,,,,,,,,,,,,,,,,,,,,,,,"MentalHealth,x*(GenderEquality-0.5),30"
,,,,,,,,,,,,,,,,,,,,,,,,,,,,,,,,,,,,,,,,,,,,,,,,,,,,,,,,,,,,,,,,,,,,,,,,,,,,,,,,,,,,,,,,,,,,,,,,,,,,,,,,,,,,,,,,,,,,,,,,,,,,,,,,,,,,,,,,,,,,,,,,,,,,,,,,,,,,,,,,,,,,,,,,,,,,,,,,,,,,,,,,,,,,,,,,,,,,,,,,,,,,,,,,,,,,,,,,,,,,,,,,,,,,,,,,,,,,,,,,,,,,,,,,,,,,,,,,,,,,,,,,,,,,,,,,,,,,,,,,,,,,,,,,
,ParentingStyleGroup,,,,,,,,,,,,,,,,,,,,,,,,,,,,,,,,,,,,,,,,,,,,,,,,,,,,,,,,,,,,,,,,,,,,,,,,,,,,,,,,,,,,,,,,,,,,,,,,,,,,,,,,,,,,,,,,,,,,,,,,,,,,,,,,,,,,,,,,,,,,,,,,,,,,,,,,,,,,,,,,,,,,,,,,,,,,,,,,,,,,,,,,,,,,,,,,,,,,,,,,,,,,,,,,,,,,,,,,,,,,,,,,,,,,,,,,,,,,,,,,,,,,,,,,,,,,,,,,,,,,,,,,,,,,,,,,,,,,,,,,,,,,,,,
,,,,,,,,,,,,,,,,,,,,,,,,,,,,,,,,,,,,,,,,,,,,,,,,,,,,,,,,,,,,,,,,,,,,,,,,,,,,,,,,,,,,,,,,,,,,,,,,,,,,,,,,,,,,,,,,,,,,,,,,,,,,,,,,,,,,,,,,,,,,,,,,,,,,,,,,,,,,,,,,,,,,,,,,,,,,,,,,,,,,,,,,,,,,,,,,,,,,,,,,,,,,,,,,,,,,,,,,,,,,,,,,,,,,,,,,,,,,,,,,,,,,,,,,,,,,,,,,,,,,,,,,,,,,,,,,,,,,,,,,,,,,,,,,
,,,,,,,,,,,,,,,,,,,,,,,,,,,,,,,,,,,,,,,,,,,,,,,,,,,,,,,,,,,,,,,,,,,,,,,,,,,,,,,,,,,,,,,,,,,,,,,,,,,,,,,,,,,,,,,,,,,,,,,,,,,,,,,,,,,,,,,,,,,,,,,,,,,,,,,,,,,,,,,,,,,,,,,,,,,,,,,,,,,,,,,,,,,,,,,,,,,,,,,,,,,,,,,,,,,,,,,,,,,,,,,,,,,,,,,,,,,,,,,,,,,,,,,,,,,,,,,,,,,,,,,,,,,,,,,,,,,,,,,,,,,,,,,,
,,,,,,,,,,,,,,,,,,,,,,,,,,,,,,,,,,,,,,,,,,,,,,,,,,,,,,,,,,,,,,,,,,,,,,,,,,,,,,,,,,,,,,,,,,,,,,,,,,,,,,,,,,,,,,,,,,,,,,,,,,,,,,,,,,,,,,,,,,,,,,,,,,,,,,,,,,,,,,,,,,,,,,,,,,,,,,,,,,,,,,,,,,,,,,,,,,,,,,,,,,,,,,,,,,,,,,,,,,,,,,,,,,,,,,,,,,,,,,,,,,,,,,,,,,,,,,,,,,,,,,,,,,,,,,,,,,,,,,,,,,,,,,,,
,NEGATIVE EMOTIONS,,,,,,,,c-Culture on emotion correction,c-Education on emotion correction,,,,,,,,,,,,,,,,,,,,,,,,,,,,,,,,,,,,,,,,,,,,,,,,,,,,,,,,,,,,,,,c-FakeNews,c-SocialMediaAddiction,,,c-ContagiousDisease,,,,,,,,,,,,,,,,,,,,,,,,,,,,,,,,,,,,,,,,,,,,,,,,,,,,,,,,,,,,,,,,,,,,,,,,,,,,,,,,,,,,,,,,,c-MentalHealth on emotion correction,,,,,,,,,,,,,,,,,,,,,,,,,,,,,,,,,,,,,,,,,,,,,,,,,,,,,,,,e-HealthcareDemand,,,,,,,,,,,,,,,,,,,,,,,,,,,,,,,,,,,,,,,,,,,,,,,,,,,,,,,,,,,,,,,,,,
#,Paranoia,NOICON,0.5,0,1.0,HIGHBAD,hex,#,"Culture,x*(0.5-ParanoiaTrend)*1.2,4","Education,0-(0.5*x),4",,,"Technology,0+(0.3*x*x)*_neg_Education",,,,,,,,,,,,,,,,,,"Corruption,0+(0.05*x),8","IntelligenceServices,0+(0.5*x*x*x*x),30","WelfareFraudDept,0.1+(0.15*x*x),8","GDP,0.1-(0.2*x) ",,,"NuclearWeapons,0.025+(0.1*x),4",,,,,,,,,,,,,,,,,,,,,,,,,,,,,,,,,,,"InternetCensorship,0.05+(1*x*x*x),4","FakeNews,0+(0.15*x)*Paranoia,30","SocialMediaAddiction,0.1+(0.15*x)*Paranoia,30",,"MandatoryMicrochipImplant,0.15+(0.15*x^3),30","ContagiousDisease,0.1+(0.1*x^3),10","CCTVCameras,0.05+(0.25*x*x),16","RightToPrivacy,-0.05-(0.25*x*x),8","Curfews,+0.05+(0.1*x*x*x*x)","AntiCorruptionAgency,0.05+(0.05*x),8","ArmedPolice,0.025+(0.05*x*x*x*x),8","BorderControls,0+(0.05*x),8","BorderWall,0.05+(0.05*x),8","PoliceDrones,0+(0.3*x*x)","Closeairportscompletely,0.05+(0.05*x),8","ClimateChangeAdaptionFund,0+(0.05*x),8","RoboticsResearch,0.05+(0.05*x),8",,,"TortureUsageBySecretServices,0.15+(0.1*x*x*x*x),30","HumanCloningResearchGrants,0.2+(0.1*x),8","MilitarySpending,0+(0.05*x),8","PhoneTapping,0.05+(0.3*x*x),4","PressFreedom,-0.5+(0.1/x),8",,,,,,,,,,,,,,,,,,,,,,,,,,,"ForeignRelations,0.1-(0.2*x),4",,,,,,,,,,,,,,,,,,,,,,,,,,,,,,,,,,,,,,,,,,,,"MentalHealth,-1.6*(x-0.5)^3,4",#,,"Patriot,-0.1+(0.4*x*x),30",,,,,"SocialMediaAddiction,-0.25+(0.5*x),30",,,,,,,,,,,,,,,,,,,,,,,,,,,,,,,,,,,,,,,,,,,,"TaxEvasion,0-(0.2*x*x*x*x),4",,"AntisocialBehaviour,-0.05+(0.2*x*x),5","Complotism,-0.3+(0.8*x)","HealthcareDemand,-0.05+(0.1*x),4","Polarization,-0.3+(0.8*x)",,,,,,,,,,,,,,,,,,,,,,,,,,,,,,,,,,,,,,,,,,,,,,,,,,,,,,,,,,,,"ViolentCrimeRate,-0.2+(0.4*x),10",,,,,"MentalHealth,2*(0.8-x)*x*x-0.05,8"
#,Fear,NOICON,0.5,0,1.0,HIGHBAD,hex,#,"Culture,x*(0.5-FearTrend)*1.2,4","Education,0-(0.5*x),4",,,"Technology,0+(0.3*x*x)*_neg_Education",,,,,,,,,,,,,,,,,,,,,"GDP,-0.2+(0.4*x) ",,,"NuclearWeapons,0.025+(0.1*x),4",,,,,,,,,,,,,"HandgunLaws,(2*Patriot_perc*x)-Patriot_perc","HandgunLaws,Parents_perc-(2*Parents_perc*x)","DeathPenalty,0.01+(0.5*x*x*x*x)",,,,,,,,,,,,,,,,,,,,,"FakeNews,0+(0.15*x)*Fear,30","SocialMediaAddiction,0.1+(0.15*x)*Fear,30",,,"ContagiousDisease,0.2+(0.2*x*x)",,"Liberal_perc,0+(EthnicMinorities_perc*x*PovertyRate) ","Curfews,+0.05+(0.1*x*x*x*x)",,"ArmedPolice,0.05+(0.2*x*x*x*x),8",,,,,,,,,,,,,,,,,,,,,,,,,,,,,,,,,,,,,,,,,,,,,,,,,,,,,,,,,,,,,,,,,,,,,,,,,,,,,,,"ViolentCrimeRate,-0.5+(1*x),4",,,,,"MentalHealth,-1.6*(x-0.5)^3,4",#,,"Liberal_perc,-0.1+(0.4*x*x),30",,,,,"SocialMediaAddiction,-0.25+(0.5*x),30",,,,,,,,,,,,,,,,,,,,,,,,,,,,,,,,,,,,,,,,,,,,"CrimeRate,0.2-(0.4*x),4",,"Stability,-2*(0.8-x)*x*x-0.05,10",,"HealthcareDemand,-0.05+(0.1*x),4",,,,,,,,,,,,,,,,,,,,,,,,,,,,,,,,,,,,,,,,,,,,,,,,,,,,,,,,,,,,,"ViolentCrimeRate,0.2-(0.4*x),10",,,,,"MentalHealth,2*(0.8-x)*x*x-0.05,8"
#,Disgust,NOICON,0.5,0,1.0,HIGHBAD,hex,#,"Culture,x*(0.5-DisgustTrend)*1.2,4","Education,0-(0.5*x),4",,,"Health,0.5-(1*x),4",,,,,,,,,,,,,,,,,,"Corruption,0+(0.3*x*x),8",,,,,,"CitizenshipForSale,0.03-(0.02*x*x*x*x),8","RefugeePolicy,-0.3+(0.6*x*x),8","CitizenshipTests,0-(0.2*x),8",,,,,,,,,,,,,,,,,,,,,,,"CrimeRate,-0.1+(0.2*x),4",,,,,,,,,,,"FakeNews,0+(0.15*x)*Disgust,30","SocialMediaAddiction,0.1+(0.15*x)*Disgust,30","TrafficCongestion,0+(0.5*x*x),8",,"ContagiousDisease,0.2+(0.4*x)","AsthmaEpidemic,0.2+(0.4*x)","Liberal_perc,0-(EthnicMinorities_perc*x*PovertyRate) ","Curfews,-0.05-(0.1*x*x*x*x)",,,"BorderControls,-0-(0.2*x),8","BorderWall,-0.1-(0.3*x),8",,"Closeairportscompletely,-0.1-(0.2*x),8",,"Obesity,0.1+(0.1*x),4","DrugAddiction,0.1+(0.1*x),4","LegaliseProstitution,0.01+(0.1*x*x)",,"HumanCloningResearchGrants,0.2+(0.1*x),8",,,,,,,,,,,,,,,,,,,,,,,,,,,,,,,,,,,,,,,,,,,,,,,,,,,,,,,,,,,,,,,,,,,,,,,,,,"MentalHealth,0.25-(0.5*x),4",#,,"Liberal_perc,0.1-(0.4*x*x),30",,,,,"SocialMediaAddiction,-0.25+(0.5*x),30",,,,,,,,,,,,,,,,,,,,,,,,,,,,,,,,,,,,,,,,,,,,,,"AntisocialBehaviour,-0.05+(0.2*x*x),5","Charity,0.05-(0.2*x*x),8","HealthcareDemand,-0.05+(0.1*x),4",,,,,,,,,,,,,,,,,,,,,,,,,,,,,,,,,,,,,,,,,,,,,,,,,,,,,,,,,,,,,,,,,,"MentalHealth,2*(0.8-x)*x*x-0.05,8"
#,Envy,NOICON,0.5,0,1.0,HIGHBAD,hex,#,"Culture,x*(0.5-EnvyTrend)*1.2,4","Education,0-(0.5*x),4",,,,,,,,,,,,,,,,,,,,,,,,,,,"CitizenshipForSale,0.3-(0.2*x*x*x*x),8",,,,,,,,,,,,,,,,,,,,,,,,,"CrimeRate,-0.1+(0.2*x),4","real_HighIncome,1*(x-real_LowIncome)",,,,,,"real_MiddleIncome,0.2*(x-real_LowIncome)","real_HighIncome,0.6*(x-real_MiddleIncome)",,,"FakeNews,0+(0.15*x)*Envy,30","SocialMediaAddiction,0.1+(0.15*x)*Envy,30",,"PovertyRate,0+(0.3*x)","Equality,0.2-(0.8*x)","LuxuryGoodsTax,-0.05-(0.3*x*x)","MansionTax,-0.05-(0.3*x*x)","Curfews,+0.05+(0.1*x*x*x*x)","CapCEOPayMultiplier,-0.05-(0.3*x*x)","bansocialmedia,-0.05-(0.3*x*x)","Corruption,0+(0.6*x*x),30","workersdividend,-0.05-(0.3*x*x)","TaxShelters,0.05+(0.15*x*x)","SelectiveSchooling,-0.075+(0.3*x*x)","Publictaxreturns,-0.05-(0.15*x*x),8","Punitivewealthtax,-0.05-(0.3*x*x)","ProportionalFines,-0.025-(0.1*x*x)","LegaliseProstitution,0.01+(0.1*x*x)","ForeignAid,0.025+(0.3*x*x*PovertyRate)","GatedCommunities,0+(0.15*x*x*x),8",,,,,,,,,,,,,,,,,,,,,,,,,,,,,,,,,,,,,,,,,,,,,,,,,,,,,,,,,,,,,,,,,,,,,,,,,,"MentalHealth,-1.6*(x-0.5)^3,4",#,,"Socialist_perc,-0.1+(0.4*x*x),30",,,,,"SocialMediaAddiction,-0.25+(0.5*x),30",,,,,,,,,,,,,,,,,,,,,,,,,,,,,,,,,,,,,,,,,,,,"CrimeRate,-0.2+(0.8*x*x),8",,"ClassWarfare,0+(0.5*x),4",,"HealthcareDemand,-0.05+(0.1*x),4","Unemployment,0.1-(0.2*x),8",,,,,,,,,,,,,,,,,,,,,,,,,,,,,,,,,,,,,,,,,,,,,,,,,,,,,,,,,,,,,,,,,"MentalHealth,2*(0.8-x)*x*x-0.05,8"
#,Anger,NOICON,0.5,0,1.0,HIGHBAD,hex,#,"Culture,x*(0.5-AngerTrend)*1.2,4","Education,0-(0.5*x),4",,,"Unemployment,-StayAtHomeParents+(0.1*x)",,,,,,,,,,,,,,,,,,,,,,,,,,,,,,,,,,,,,,,,,,,,,,,,,,,,,,,,,,,,"FakeNews,0+(0.3*x)*Anger,15","SocialMediaAddiction,0.1+(0.3*x)*Anger,15","TrafficCongestion,0+(0.5*x*x),4","PovertyRate,0+(0.3*x*x)","Equality,0.2-(0.4*x)","RacialTension,-0.2+(0.4*x)","GenderTension,-0.2+(0.4*x)","Curfews,+0.05+(0.1*x*x*x*x)",,"bansocialmedia,0+(1*x*x)*SocialMediaAddiction","Corruption,0+(0.6*x*x)",,,,,,,"LegaliseProstitution,-0.01-(0.1*x*x)",,,"MilitarySpending,0+(0.1*x)*Liberal_perc,8",,,,,,,,,,,,,,,,,,,,,,,,,,,,,"ForeignRelations,0.2-(0.4*x) ",,,,,,,,,,,,,,,,,,,,,,,,,,,,,,,,,,,,,,,,,,,,"MentalHealth,-1.6*(x-0.5)^3,4",#,,,"GenderTension,0+(0.1*x),15",,,,"SocialMediaAddiction,-0.25+(0.5*x),30",,,,,,,,,,,,,,,,,,,,,,,,,,,,,,,,,,,,,,,,,,,,"CrimeRate,-0.1+(0.2*x),4",,"ClassWarfare,0+(0.5*x)*Socialist_perc,4",,"HealthcareDemand,-0.05+(0.1*x),4",,,,,,,,,,,,,,,,,,,,,,,,,,,,,,,,,,,,,,,,,,,,,,,,,,,,,,,,,,,,,"ViolentCrimeRate,-0.125+(0.5*x*x),8",,,,,"MentalHealth,2*(0.8-x)*x*x-0.05,4"
#,Anxiety,NOICON,0.5,0,1.0,HIGHBAD,hex,#,"Culture,x*(0.5-AnxietyTrend)*1.2,4","Education,0-(0.5*x),4",,,"Unemployment,-StayAtHomeParents+(0.5*x)",,,,,,,,,,,,,,,,,,,,,,,,"NuclearWeapons,0.025+(0.1*x),4",,,,,,,,,,,,,,,,,,,,,,,,,"PovertyRate,0+(1*x*x*x*x),4",,,,,,,,,,,"FakeNews,0+(0.15*x)*Envy,30","SocialMediaAddiction,0.1+(0.15*x)*Envy,30",,,,"RacialTension,-0.2+(0.4*x)","GenderTension,-0.2+(0.4*x)","Curfews,+0.05+(0.1*x*x*x*x)",,,,,,"SelectiveSchooling,-0.075+(0.3*x*x)",,,,"LegaliseProstitution,-0.01-(0.1*x*x)",,,,,,,,,,,,,,,,,,,,,,,,,,,,,,,,,,,,,,,,,,,,,,,,,,,,,,,,,,,,,,,,,,,,,,,,,,,,"MentalHealth,-1.6*(x-0.5)^3,4",#,, ,,,,,"SocialMediaAddiction,-0.25+(0.5*x),30",,,,,,,,,,,,,,,,,,,,,,,,,,,,,,,,,,,,,,,,,,,,,,,,"HealthcareDemand,-0.025+(0.2*x*x*x*x),4",,,,,,,,,,,,,,,,,,,,,,,,,,,,,,,,,,,,,,,,,,,,,,,,,,,,,,,,,,,,,,,,,,"MentalHealth,2*(0.8-x)*x*x-0.05,8"
,,,,,,,,,,,,,,,,,,,,,,,,,,,,,,,,,,,,,,,,,,,,,,,,,,,,,,,,,,,,,,,,,,,,,,,,,,,,,,,,,,,,,,,,,,,,,,,,,,,,,,,,,,,,,,,,,,,,,,,,,,,,,,,,,,,,,,,,,,,,,,,,,,,,,,,,,,,,,,,,,,,,,,,,,,,,,,,,,,,,,,,,,,,,,,,,,,,,,,,,,,,,,,,,,,,,,,,,,,,,,,,,,,,,,,,,,,,,,,,,,,,,,,,,,,,,,,,,,,,,,,,,,,,,,,,,,,,,,,,,,,,,,,,,
#,ParanoiaTrend,HIDDEN,0,0,1.0,HIGHBAD,hex,#,"Paranoia,0+(1*x),4",,,,,,,,,,,,,,,,,,,,,,,,,,,,,,,,,,,,,,,,,,,,,,,,,,,,,,,,,,,,,,,,,,,,,,,,,,,,,,,,,,,,,,,,,,,,,,,,,,,,,,,,,,,,,,,,,,,,,,,,,,,,,,,,,,,,,,,,,,,,,,,,,,,,,,,,,,,,,,#,,,,,,,,,,,,,,,,,,,,,,,,,,,,,,,,,,,,,,,,,,,,,,,,,,,,,,,,,,,,,,,,,,,,,,,,,,,,,,,,,,,,,,,,,,,,,,,,,,,,,,,,,,,,,,,,,,,,,,,,,
#,FearTrend,HIDDEN,0,0,1.0,HIGHBAD,hex,#,"Fear,0+(1*x),4",,,,,,,,,,,,,,,,,,,,,,,,,,,,,,,,,,,,,,,,,,,,,,,,,,,,,,,,,,,,,,,,,,,,,,,,,,,,,,,,,,,,,,,,,,,,,,,,,,,,,,,,,,,,,,,,,,,,,,,,,,,,,,,,,,,,,,,,,,,,,,,,,,,,,,,,,,,,,,#,,,,,,,,,,,,,,,,,,,,,,,,,,,,,,,,,,,,,,,,,,,,,,,,,,,,,,,,,,,,,,,,,,,,,,,,,,,,,,,,,,,,,,,,,,,,,,,,,,,,,,,,,,,,,,,,,,,,,,,,,
#,DisgustTrend,HIDDEN,0,0,1.0,HIGHBAD,hex,#,"Disgust,0+(1*x),4",,,,,,,,,,,,,,,,,,,,,,,,,,,,,,,,,,,,,,,,,,,,,,,,,,,,,,,,,,,,,,,,,,,,,,,,,,,,,,,,,,,,,,,,,,,,,,,,,,,,,,,,,,,,,,,,,,,,,,,,,,,,,,,,,,,,,,,,,,,,,,,,,,,,,,,,,,,,,,#,,,,,,,,,,,,,,,,,,,,,,,,,,,,,,,,,,,,,,,,,,,,,,,,,,,,,,,,,,,,,,,,,,,,,,,,,,,,,,,,,,,,,,,,,,,,,,,,,,,,,,,,,,,,,,,,,,,,,,,,,
#,EnvyTrend,HIDDEN,0,0,1.0,HIGHBAD,hex,#,"Envy,0+(1*x),4",,,,,,,,,,,,,,,,,,,,,,,,,,,,,,,,,,,,,,,,,,,,,,,,,,,,,,,,,,,,,,,,,,,,,,,,,,,,,,,,,,,,,,,,,,,,,,,,,,,,,,,,,,,,,,,,,,,,,,,,,,,,,,,,,,,,,,,,,,,,,,,,,,,,,,,,,,,,,,#,,,,,,,,,,,,,,,,,,,,,,,,,,,,,,,,,,,,,,,,,,,,,,,,,,,,,,,,,,,,,,,,,,,,,,,,,,,,,,,,,,,,,,,,,,,,,,,,,,,,,,,,,,,,,,,,,,,,,,,,,
#,AngerTrend,HIDDEN,0,0,1.0,HIGHBAD,hex,#,"Anger,0+(1*x),4",,,,,,,,,,,,,,,,,,,,,,,,,,,,,,,,,,,,,,,,,,,,,,,,,,,,,,,,,,,,,,,,,,,,,,,,,,,,,,,,,,,,,,,,,,,,,,,,,,,,,,,,,,,,,,,,,,,,,,,,,,,,,,,,,,,,,,,,,,,,,,,,,,,,,,,,,,,,,,#,,,,,,,,,,,,,,,,,,,,,,,,,,,,,,,,,,,,,,,,,,,,,,,,,,,,,,,,,,,,,,,,,,,,,,,,,,,,,,,,,,,,,,,,,,,,,,,,,,,,,,,,,,,,,,,,,,,,,,,,,
#,AnxietyTrend,HIDDEN,0,0,1.0,HIGHBAD,hex,#,"Anxiety,0+(1*x),4",,,,,,,,,,,,,,,,,,,,,,,,,,,,,,,,,,,,,,,,,,,,,,,,,,,,,,,,,,,,,,,,,,,,,,,,,,,,,,,,,,,,,,,,,,,,,,,,,,,,,,,,,,,,,,,,,,,,,,,,,,,,,,,,,,,,,,,,,,,,,,,,,,,,,,,,,,,,,,#,,,,,,,,,,,,,,,,,,,,,,,,,,,,,,,,,,,,,,,,,,,,,,,,,,,,,,,,,,,,,,,,,,,,,,,,,,,,,,,,,,,,,,,,,,,,,,,,,,,,,,,,,,,,,,,,,,,,,,,,,
,,,,,,,,,,,,,,,,,,,,,,,,,,,,,,,,,,,,,,,,,,,,,,,,,,,,,,,,,,,,,,,,,,,,,,,,,,,,,,,,,,,,,,,,,,,,,,,,,,,,,,,,,,,,,,,,,,,,,,,,,,,,,,,,,,,,,,,,,,,,,,,,,,,,,,,,,,,,,,,,,,,,,,,,,,,,,,,,,,,,,,,,,,,,,,,,,,,,,,,,,,,,,,,,,,,,,,,,,,,,,,,,,,,,,,,,,,,,,,,,,,,,,,,,,,,,,,,,,,,,,,,,,,,,,,,,,,,,,,,,,,,,,,,,
#,Comp,NOICON,0,0,1.0,HIGHGOOD,arrows_lr,#,"Coop,0.0001-(x^12)*0.5","Envy,-0.15+(0.3*x),12","Anger,-0.15+(0.3*x),6","Anxiety,0.15-(0.3*x),12","SelectiveSchooling,-0.05+(0.4*x*x*x),20",,,,,,,,,,,,,,,,,,,,,,,,,,,,,,,,,,,,,,,,,,,,,,,,,"CapCEOPayMultiplier,0-(0.2*x*x*x),2",,,,,,,,"MilitarySpending,1.5*(x-0.5)^3+0.012,8",,"Capitalist_perc,0+(1*x),4",,,,,,,,,,,,,,,,,,,,,,,,,,,,,,,,,,,,,,,,,,,,,,,,,,"ForeignRelations,0.2-(0.2*x),4",,,,,,,,,,,,,,,,,,,,,,,,,,,,,,,,,,,,,,,,,,,,,#,"WorkerProductivity,-0.1+(0.2*x)","WorkingWeek,-0.1+(0.2*x)","SingleParents,-0.1+(0.2*x),30","Capitalist,-0.2+(0.4*x)","SkillsShortage,0.2-(0.4*x)","Uncompetitive Economy,0.1-(0.4*x*x),16","HighProductivity,-0.2+(0.4*x)","AntisocialBehaviour,-0.2+(0.4*x)","BrainDrain,0.2-(0.4*x)","TaxEvasion,-0.2+(0.4*x)",,,"ExtremeNationalism,-0.2+(0.4*x)",,"CyberBullying,-0.2+(0.4*x)","SocialMediaAddiction,-0.2+(0.4*x)",,,,,,,,,,,,,,,,,,,,,,,,,,,,,,,,,,,,"Education,-0.2+(0.4*x),30","BusinessConfidece,-0.2+(0.4*x)","Corruption,-0.2+(0.4*x)",,,,,,,,,,,,,,,,,,,,,,,,,,,,,,,,,,,,,,,,,,,,,,,,,,,,,,,,,,,,,,,"Wages,-0.05+(0.1*x),30",,,,
#,Coop,NOICON,0,0,1.0,HIGHGOOD,arrows_lr,#,"Comp,0.0001-(x^12)*0.5","Fear,-0.15+(0.3*x),12","Paranoia,0.15-(0.3*x),12","Disgust,0.15-(0.3*x),12",,,,,,,,,,,,,,,,,,,,,,,,,,,,,,,,,,,,,,,,,,,,,,,,,,,,,,,,,,"Foodcrisis,0.05+(0.15*x*x),30",,,"Socialist_perc,0+(1*x),4","ExtremePoverty,0.05+(0.15*x*x),30",,,,,,,,,,,,,,,,,,,,,,,,,,,,,,,,,,,,,,,,,,,,,,,,"ForeignRelations,0+(0.2*x*x),4",,,,,,,,,,,,,,,,,,,,,,,,,,,,,,,,,,,,,,,,,,,,,#,"LocalCommunities,-0.3+(0.6*x),4",,"StayAtHomeParents,-0.1+(0.2*x),30","Socialist,-0.2+(0.4*x)","GeneralStrike,-0.2+(0.4*x)","Organised Crime,-0.2+(0.4*x)","VigilanteMobs,-0.2+(0.4*x)","TeachersStrike,-0.2+(0.4*x)","DoctorsStrike,-0.2+(0.4*x)","Rail Strike,-0.2+(0.4*x)","ClassWarfare,-0.2+(0.4*x)","RaceRiots,-0.2+(0.4*x)","ExtremeNationalism,-0.2+(0.4*x)","LudditeRiots,-0.2+(0.4*x)","EnvironmentalProtests,-0.2+(0.4*x)","FoodBanks,-0.2+(0.4*x)",,,,,,,,,,,,,,,,,,,,,,,,,,,,,,,,,,,,"Culture,-0.2+(0.4*x),30","BusinessConfidece,-0.1+(0.2*x)","AntisocialBehaviour,0.2-(0.4*x)","TaxEvasion,0.1-(0.2*x),4",,,,,,,"Charity,-0.05+(0.2*x*x)",,,,,,,,,,,,,,,,,,,,,,,,,,,,,,,,,,,,,,,,,,,,,,,,,,,,,,,,,,,
#,CompCoopDelta,ECONOMY,0,0,1.0,UNKNOWN,arrows_lr,#,"Comp,-0.5+(1*x)","Coop,0.5-(1*x)",,,,,,,,,,,,,,,,,,,,,,,,,,,,,,,,,,,,,,,,,,,,,,,,,,,,,,,,,,,,,,,,#,,,,,,,,,,,,,,,,,,,,,,,,,,,,,,,,,,,,,,,,,,,,,,,,,,,,,,,,,,,,,,,,,,,,,,,,,,,,,,,,,,,,,,,,,,,,,,,,,,,,,,,,,,,,,,,,,,,,,,,,,,,,,,,,,,,,,,,,,,,,,,,,,,,,,,,,,,,,,,,,,,,,,,,,,,,,,,,,,,,,,,,,,,,,,,,,,,,,,,,,,,,,,,,,,,,,,,
,,,,,,,,,,,,,,,,,,,,,,,,,,,,,,,,,,,,,,,,,,,,,,,,,,,,,,,,,,,,,,,,,,,,,,,,,,,,,,,,,,,,,,,,,,,,,,,,,,,,,,,,,,,,,,,,,,,,,,,,,,,,,,,,,,,,,,,,,,,,,,,,,,,,,,,,,,,,,,,,,,,,,,,,,,,,,,,,,,,,,,,,,,,,,,,,,,,,,,,,,,,,,,,,,,,,,,,,,,,,,,,,,,,,,,,,,,,,,,,,,,,,,,,,,,,,,,,,,,,,,,,,,,,,,,,,,,,,,,,,,,,,,,,,
,NORMALIZED VALUES,,,,,,,,,,,,,,,,,,,,,,,,,,,,,,,,,,,,,,,,,,,,,,,,,,,,,,,,,,,,,,,,,,,,,,,,,,,,,,,,,,,,,,,,,,,,,,,,,,,,,,,,,,,,,,,,,,,,,,,,,,,,,,,,,,,,,,,,,,,,,,,,,,,,,,,,,,,,,,,,,,,,,,,,,,,,,,,,,,,,,,,,,,,,,,,,,,,,,,,,,,,,,,,,,,,,,,,,,,,,,,,,,,,,,,,,,,,,,,,,,,,,,,,,,,,,,,,,,,,,,,,,,,,,,,,,,,,,,,,,,,,,,,,
#,real_LowIncome,NOICON,0,0,1.0,UNKNOWN,icons_lowincome,#,"_LowIncome,0.5 + (x/2)",#,,,,,,,,,,,,,,,,,,,,,,,,,,,,,,,,,,,,,,,,,,,,,,,,,,,,,,,,,,,,,,,,,,,,,,,,,,,,,,,,,,,,,,,,,,,,,,,,,,,,,,,,,,,,,,,,,,,,,,,,,,,,,,,,,,,,,,,,,,,,,,,,,,,,,,,,,,,,,,,,,,,,,,,,,,,,,,,,,,,,,,,,,,,,,,,,,,,,,,,,,,,,,,,,,,,,,,,,,,,,,,,,,,,,,,,,,,,,,,,,,,,,,,,,,,,,,,,,,,,,,,,,,,,,,,,,,,,,,,
#,real_MiddleIncome,NOICON,0,0,1.0,UNKNOWN,icons_middleincome,#,"_MiddleIncome,0.5 + (x/2)",#,,,,,,,,,,,,,,,,,,,,,,,,,,,,,,,,,,,,,,,,,,,,,,,,,,,,,,,,,,,,,,,,,,,,,,,,,,,,,,,,,,,,,,,,,,,,,,,,,,,,,,,,,,,,,,,,,,,,,,,,,,,,,,,,,,,,,,,,,,,,,,,,,,,,,,,,,,,,,,,,,,,,,,,,,,,,,,,,,,,,,,,,,,,,,,,,,,,,,,,,,,,,,,,,,,,,,,,,,,,,,,,,,,,,,,,,,,,,,,,,,,,,,,,,,,,,,,,,,,,,,,,,,,,,,,,,,,,,,,
#,real_HighIncome,NOICON,0,0,1.0,UNKNOWN,icons_highincome,#,"_HighIncome,0.5 + (x/2)",#,,,,,,,,,,,,,,,,,,,,,,,,,,,,,,,,,,,,,,,,,,,,,,,,,,,,,,,,,,,,,,,,,,,,,,,,,,,,,,,,,,,,,,,,,,,,,,,,,,,,,,,,,,,,,,,,,,,,,,,,,,,,,,,,,,,,,,,,,,,,,,,,,,,,,,,,,,,,,,,,,,,,,,,,,,,,,,,,,,,,,,,,,,,,,,,,,,,,,,,,,,,,,,,,,,,,,,,,,,,,,,,,,,,,,,,,,,,,,,,,,,,,,,,,,,,,,,,,,,,,,,,,,,,,,,,,,,,,,,
,,,,,,,,,,,,,,,,,,,,,,,,,,,,,,,,,,,,,,,,,,,,,,,,,,,,,,,,,,,,,,,,,,,,,,,,,,,,,,,,,,,,,,,,,,,,,,,,,,,,,,,,,,,,,,,,,,,,,,,,,,,,,,,,,,,,,,,,,,,,,,,,,,,,,,,,,,,,,,,,,,,,,,,,,,,,,,,,,,,,,,,,,,,,,,,,,,,,,,,,,,,,,,,,,,,,,,,,,,,,,,,,,,,,,,,,,,,,,,,,,,,,,,,,,,,,,,,,,,,,,,,,,,,,,,,,,,,,,,,,,,,,,,,,
,,,,,,,,,,,,,,,,,,,,,,,,,,,,,,,,,,,,,,,,,,,,,,,,,,,,,,,,,,,,,,,,,,,,,,,,,,,,,,,,,,,,,,,,,,,,,,,,,,,,,,,,,,,,,,,,,,,,,,,,,,,,,,,,,,,,,,,,,,,,,,,,,,,,,,,,,,,,,,,,,,,,,,,,,,,,,,,,,,,,,,,,,,,,,,,,,,,,,,,,,,,,,,,,,,,,,,,,,,,,,,,,,,,,,,,,,,,,,,,,,,,,,,,,,,,,,,,,,,,,,,,,,,,,,,,,,,,,,,,,,,,,,,,,
,,,,,,,,,,,,,,,,,,,,,,,,,,,,,,,,,,,,,,,,,,,,,,,,,,,,,,,,,,,,,,,,,,,,,,,,,,,,,,,,,,,,,,,,,,,,,,,,,,,,,,,,,,,,,,,,,,,,,,,,,,,,,,,,,,,,,,,,,,,,,,,,,,,,,,,,,,,,,,,,,,,,,,,,,,,,,,,,,,,,,,,,,,,,,,,,,,,,,,,,,,,,,,,,,,,,,,,,,,,,,,,,,,,,,,,,,,,,,,,,,,,,,,,,,,,,,,,,,,,,,,,,,,,,,,,,,,,,,,,,,,,,,,,,
,,,,,,,,,,,,,,,,,,,,,,,,,,,,,,,,,,,,,,,,,,,,,,,,,,,,,,,,,,,,,,,,,,,,,,,,,,,,,,,,,,,,,,,,,,,,,,,,,,,,,,,,,,,,,,,,,,,,,,,,,,,,,,,,,,,,,,,,,,,,,,,,,,,,,,,,,,,,,,,,,,,,,,,,,,,,,,,,,,,,,,,,,,,,,,,,,,,,,,,,,,,,,,,,,,,,,,,,,,,,,,,,,,,,,,,,,,,,,,,,,,,,,,,,,,,,,,,,,,,,,,,,,,,,,,,,,,,,,,,,,,,,,,,,
,,,,,,,,,,,,,,,,,,,,,,,,,,,,,,,,,,,,,,,,,,,,,,,,,,,,,,,,,,,,,,,,,,,,,,,,,,,,,,,,,,,,,,,,,,,,,,,,,,,,,,,,,,,,,,,,,,,,,,,,,,,,,,,,,,,,,,,,,,,,,,,,,,,,,,,,,,,,,,,,,,,,,,,,,,,,,,,,,,,,,,,,,,,,,,,,,,,,,,,,,,,,,,,,,,,,,,,,,,,,,,,,,,,,,,,,,,,,,,,,,,,,,,,,,,,,,,,,,,,,,,,,,,,,,,,,,,,,,,,,,,,,,,,,
,,,,,,,,,,,,,,,,,,,,,,,,,,,,,,,,,,,,,,,,,,,,,,,,,,,,,,,,,,,,,,,,,,,,,,,,,,,,,,,,,,,,,,,,,,,,,,,,,,,,,,,,,,,,,,,,,,,,,,,,,,,,,,,,,,,,,,,,,,,,,,,,,,,,,,,,,,,,,,,,,,,,,,,,,,,,,,,,,,,,,,,,,,,,,,,,,,,,,,,,,,,,,,,,,,,,,,,,,,,,,,,,,,,,,,,,,,,,,,,,,,,,,,,,,,,,,,,,,,,,,,,,,,,,,,,,,,,,,,,,,,,,,,,,
,,,,,,,,,,,,,,,,,,,,,,,,,,,,,,,,,,,,,,,,,,,,,,,,,,,,,,,,,,,,,,,,,,,,,,,,,,,,,,,,,,,,,,,,,,,,,,,,,,,,,,,,,,,,,,,,,,,,,,,,,,,,,,,,,,,,,,,,,,,,,,,,,,,,,,,,,,,,,,,,,,,,,,,,,,,,,,,,,,,,,,,,,,,,,,,,,,,,,,,,,,,,,,,,,,,,,,,,,,,,,,,,,,,,,,,,,,,,,,,,,,,,,,,,,,,,,,,,,,,,,,,,,,,,,,,,,,,,,,,,,,,,,,,,
,,,,,,,,,,,,,,,,,,,,,,,,,,,,,,,,,,,,,,,,,,,,,,,,,,,,,,,,,,,,,,,,,,,,,,,,,,,,,,,,,,,,,,,,,,,,,,,,,,,,,,,,,,,,,,,,,,,,,,,,,,,,,,,,,,,,,,,,,,,,,,,,,,,,,,,,,,,,,,,,,,,,,,,,,,,,,,,,,,,,,,,,,,,,,,,,,,,,,,,,,,,,,,,,,,,,,,,,,,,,,,,,,,,,,,,,,,,,,,,,,,,,,,,,,,,,,,,,,,,,,,,,,,,,,,,,,,,,,,,,,,,,,,,,
,,,,,,,,,,,,,,,,,,,,,,,,,,,,,,,,,,,,,,,,,,,,,,,,,,,,,,,,,,,,,,,,,,,,,,,,,,,,,,,,,,,,,,,,,,,,,,,,,,,,,,,,,,,,,,,,,,,,,,,,,,,,,,,,,,,,,,,,,,,,,,,,,,,,,,,,,,,,,,,,,,,,,,,,,,,,,,,,,,,,,,,,,,,,,,,,,,,,,,,,,,,,,,,,,,,,,,,,,,,,,,,,,,,,,,,,,,,,,,,,,,,,,,,,,,,,,,,,,,,,,,,,,,,,,,,,,,,,,,,,,,,,,,,,
,,,,,,,,,,,,,,,,,,,,,,,,,,,,,,,,,,,,,,,,,,,,,,,,,,,,,,,,,,,,,,,,,,,,,,,,,,,,,,,,,,,,,,,,,,,,,,,,,,,,,,,,,,,,,,,,,,,,,,,,,,,,,,,,,,,,,,,,,,,,,,,,,,,,,,,,,,,,,,,,,,,,,,,,,,,,,,,,,,,,,,,,,,,,,,,,,,,,,,,,,,,,,,,,,,,,,,,,,,,,,,,,,,,,,,,,,,,,,,,,,,,,,,,,,,,,,,,,,,,,,,,,,,,,,,,,,,,,,,,,,,,,,,,,
,NEG,,,,,,,,,,,,,,,,,,,,,,,,,,,,,,,,,,,,,,,,,,,,,,,,,,,,,,,,,,,,,,,,,,,,,,,,,,,,,,,,,,,,,,,,,,,,,,,,,,,,,,,,,,,,,,,,,,,,,,,,,,,,,,,,,,,,,,,,,,,,,,,,,,,,,,,,,,,,,,,,,,,,,,,,,,,,,,,,,,,,,,,,,,,,,,,,,,,,,,,,,,,,,,,,,,,,,,,,,,,,,,,,,,,,,,,,,,,,,,,,,,,,,,,,,,,,,,,,,,,,,,,,,,,,,,,,,,,,,,,,,,,,,,,
#,_neg_Culture,HIDDEN,1,0,1.0,UNKNOWN,arrows_lr,#,"Culture,0-(1*x)",,,,,,,,,,,,,,,,,,,,,,,,,,,,,,,,,,,,,,,,,,,,,,,,,,,,,,,,,,,,,,,,,,,,,,,,,,,,,,,,,,,,,,,,,,,,,,,,,,,,,,,,,,,,,,,,,,,,,,,,,,,,,,,,,,,,,,,,,,,,,,,,,,,,,,,,,,,,,,,,,,,,,,,,,,,,,,,,,,,,,,,,,,,,,,,,,,,,,,,,,,,,,,,,,,,,,,,,,,,,,,,,,,,,,,,,,,,,,,,,,,,,,,,,,,,,,,,,,,,,,,,,,,,,,,,,,,,,,,,
#,_neg_Education,HIDDEN,1,0,1.0,UNKNOWN,arrows_lr,#,"Education,0-(1*x)",,,,,,,,,,,,,,,,,,,,,,,,,,,,,,,,,,,,,,,,,,,,,,,,,,,,,,,,,,,,,,,,,,,,,,,,,,,,,,,,,,,,,,,,,,,,,,,,,,,,,,,,,,,,,,,,,,,,,,,,,,,,,,,,,,,,,,,,,,,,,,,,,,,,,,,,,,,,,,,,,,,,,,,,,,,,,,,,,,,,,,,,,,,,,,,,,,,,,,,,,,,,,,,,,,,,,,,,,,,,,,,,,,,,,,,,,,,,,,,,,,,,,,,,,,,,,,,,,,,,,,,,,,,,,,,,,,,,,,,
#,_neg_Technology,HIDDEN,1,0,1.0,UNKNOWN,arrows_lr,#,"Technology,0-(1*x)",,,,,,,,,,,,,,,,,,,,,,,,,,,,,,,,,,,,,,,,,,,,,,,,,,,,,,,,,,,,,,,,,,,,,,,,,,,,,,,,,,,,,,,,,,,,,,,,,,,,,,,,,,,,,,,,,,,,,,,,,,,,,,,,,,,,,,,,,,,,,,,,,,,,,,,,,,,,,,,,,,,,,,,,,,,,,,,,,,,,,,,,,,,,,,,,,,,,,,,,,,,,,,,,,,,,,,,,,,,,,,,,,,,,,,,,,,,,,,,,,,,,,,,,,,,,,,,,,,,,,,,,,,,,,,,,,,,,,,,
#,_neg_WWTrauma,HIDDEN,1,0,1.0,UNKNOWN,arrows_lr,#,"WWTrauma,0-(1*x)",,,,,,,,,,,,,,,,,,,,,,,,,,,,,,,,,,,,,,,,,,,,,,,,,,,,,,,,,,,,,,,,,,,,,,,,,,,,,,,,,,,,,,,,,,,,,,,,,,,,,,,,,,,,,,,,,,,,,,,,,,,,,,,,,,,,,,,,,,,,,,,,,,,,,,,,,,,,,,,,,,,,,,,,,,,,,,,,,,,,,,,,,,,,,,,,,,,,,,,,,,,,,,,,,,,,,,,,,,,,,,,,,,,,,,,,,,,,,,,,,,,,,,,,,,,,,,,,,,,,,,,,,,,,,,,,,,,,,,,
#,_neg_GenderEquality,HIDDEN,1,0,1.0,UNKNOWN,arrows_lr,#,"GenderEquality,0-(1*x)",,,,,,,,,,,,,,,,,,,,,,,,,,,,,,,,,,,,,,,,,,,,,,,,,,,,,,,,,,,,,,,,,,,,,,,,,,,,,,,,,,,,,,,,,,,,,,,,,,,,,,,,,,,,,,,,,,,,,,,,,,,,,,,,,,,,,,,,,,,,,,,,,,,,,,,,,,,,,,,,,,,,,,,,,,,,,,,,,,,,,,,,,,,,,,,,,,,,,,,,,,,,,,,,,,,,,,,,,,,,,,,,,,,,,,,,,,,,,,,,,,,,,,,,,,,,,,,,,,,,,,,,,,,,,,,,,,,,,,,
#,_neg_Equality,HIDDEN,1,0,1.0,UNKNOWN,arrows_lr,#,"Equality,0-(1*x)",,,,,,,,,,,,,,,,,,,,,,,,,,,,,,,,,,,,,,,,,,,,,,,,,,,,,,,,,,,,,,,,,,,,,,,,,,,,,,,,,,,,,,,,,,,,,,,,,,,,,,,,,,,,,,,,,,,,,,,,,,,,,,,,,,,,,,,,,,,,,,,,,,,,,,,,,,,,,,,,,,,,,,,,,,,,,,,,,,,,,,,,,,,,,,,,,,,,,,,,,,,,,,,,,,,,,,,,,,,,,,,,,,,,,,,,,,,,,,,,,,,,,,,,,,,,,,,,,,,,,,,,,,,,,,,,,,,,,,,
#,_neg_MentalHealth,HIDDEN,1,0,1.0,UNKNOWN,arrows_lr,#,"MentalHealth,0-(1*x)",,,,,,,,,,,,,,,,,,,,,,,,,,,,,,,,,,,,,,,,,,,,,,,,,,,,,,,,,,,,,,,,,,,,,,,,,,,,,,,,,,,,,,,,,,,,,,,,,,,,,,,,,,,,,,,,,,,,,,,,,,,,,,,,,,,,,,,,,,,,,,,,,,,,,,,,,,,,,,,,,,,,,,,,,,,,,,,,,,,,,,,,,,,,,,,,,,,,,,,,,,,,,,,,,,,,,,,,,,,,,,,,,,,,,,,,,,,,,,,,,,,,,,,,,,,,,,,,,,,,,,,,,,,,,,,,,,,,,,,
#,_neg_AbortionLaw,HIDDEN,1,0,1.0,UNKNOWN,arrows_lr,#,"AbortionLaw,0-(1*x)",,,,,,,,,,,,,,,,,,,,,,,,,,,,,,,,,,,,,,,,,,,,,,,,,,,,,,,,,,,,,,,,,,,,,,,,,,,,,,,,,,,,,,,,,,,,,,,,,,,,,,,,,,,,,,,,,,,,,,,,,,,,,,,,,,,,,,,,,,,,,,,,,,,,,,,,,,,,,,,,,,,,,,,,,,,,,,,,,,,,,,,,,,,,,,,,,,,,,,,,,,,,,,,,,,,,,,,,,,,,,,,,,,,,,,,,,,,,,,,,,,,,,,,,,,,,,,,,,,,,,,,,,,,,,,,,,,,,,,,
#,_neg_FamilyPlanning,HIDDEN,1,0,1.0,UNKNOWN,arrows_lr,#,"FamilyPlanning,0-(1*x)",,,,,,,,,,,,,,,,,,,,,,,,,,,,,,,,,,,,,,,,,,,,,,,,,,,,,,,,,,,,,,,,,,,,,,,,,,,,,,,,,,,,,,,,,,,,,,,,,,,,,,,,,,,,,,,,,,,,,,,,,,,,,,,,,,,,,,,,,,,,,,,,,,,,,,,,,,,,,,,,,,,,,,,,,,,,,,,,,,,,,,,,,,,,,,,,,,,,,,,,,,,,,,,,,,,,,,,,,,,,,,,,,,,,,,,,,,,,,,,,,,,,,,,,,,,,,,,,,,,,,,,,,,,,,,,,,,,,,,,
,,,,,,,,,,,,,,,,,,,,,,,,,,,,,,,,,,,,,,,,,,,,,,,,,,,,,,,,,,,,,,,,,,,,,,,,,,,,,,,,,,,,,,,,,,,,,,,,,,,,,,,,,,,,,,,,,,,,,,,,,,,,,,,,,,,,,,,,,,,,,,,,,,,,,,,,,,,,,,,,,,,,,,,,,,,,,,,,,,,,,,,,,,,,,,,,,,,,,,,,,,,,,,,,,,,,,,,,,,,,,,,,,,,,,,,,,,,,,,,,,,,,,,,,,,,,,,,,,,,,,,,,,,,,,,,,,,,,,,,,,,,,,,,,
,,,,,,,,,,,,,,,,,,,,,,,,,,,,,,,,,,,,,,,,,,,,,,,,,,,,,,,,,,,,,,,,,,,,,,,,,,,,,,,,,,,,,,,,,,,,,,,,,,,,,,,,,,,,,,,,,,,,,,,,,,,,,,,,,,,,,,,,,,,,,,,,,,,,,,,,,,,,,,,,,,,,,,,,,,,,,,,,,,,,,,,,,,,,,,,,,,,,,,,,,,,,,,,,,,,,,,,,,,,,,,,,,,,,,,,,,,,,,,,,,,,,,,,,,,,,,,,,,,,,,,,,,,,,,,,,,,,,,,,,,,,,,,,,
,,,,,,,,,,,,,,,,,,,,,,,,,,,,,,,,,,,,,,,,,,,,,,,,,,,,,,,,,,,,,,,,,,,,,,,,,,,,,,,,,,,,,,,,,,,,,,,,,,,,,,,,,,,,,,,,,,,,,,,,,,,,,,,,,,,,,,,,,,,,,,,,,,,,,,,,,,,,,,,,,,,,,,,,,,,,,,,,,,,,,,,,,,,,,,,,,,,,,,,,,,,,,,,,,,,,,,,,,,,,,,,,,,,,,,,,,,,,,,,,,,,,,,,,,,,,,,,,,,,,,,,,,,,,,,,,,,,,,,,,,,,,,,,,
#,debug_MentalHealth,NOICON,0.5,0,1.0,UNKNOWN,icons_mentalhealth,#,"Stability,-0.2+(0.4*x),4","Democracy,-0.25+(1*x*x),4","Education,-0.225+(1.4-x)*x*x,4","Environment,-0.2+(0.8*x*x),4",#,,,,,,,,,,,,,,,,,,,,,,,,,,,,,,,,,,,,,,,,,,,,,,,,,"MentalHealth,-0.5+(1*x)",,,,,,,,,,,,,,,,,,,,,,,,,,,,,,,,,,,,,,,,,,,,,,,,,,,,,,,,,,,,,,,,,,,,,,,,,,,,,,,,,,,,,,,,,,,,,,,,,,,,,,,,,,,,,,,,,,,,,,,,,,,,,,,,,,,,,,,,,,,,,,,,,,,,,,,,,,,,,,,,,,,,,,,,,,,,,,,,,,,,,,,,,,,,,,,,,,,,,,,,,,,,,,,,,,,,,,,,,,,,,,,,,,
#,debug_BusinessConfidence,NOICON,0.5,0,1.0,UNKNOWN,icons_businessconfidence,#,"Organised Crime,-0.05-(0.2*x*x)",,,,#,,,,,,,,,,,,,,,,,,,,,,,,,,,,,,,,,,,,,,,,,,,,,,,,,"BusinessConfidence,-0.5+(1*x)",,,,,,,,,,,,,,,,,,,,,,,,,,,,,,,,,,,,,,,,,,,,,,,,,,,,,,,,,,,,,,,,,,,,,,,,,,,,,,,,,,,,,,,,,,,,,,,,,,,,,,,,,,,,,,,,,,,,,,,,,,,,,,,,,,,,,,,,,,,,,,,,,,,,,,,,,,,,,,,,,,,,,,,,,,,,,,,,,,,,,,,,,,,,,,,,,,,,,,,,,,,,,,,,,,,,,,,,,,,,,,,,,,
,,,,,,,,,,,,,,,,,,,,,,,,,,,,,,,,,,,,,,,,,,,,,,,,,,,,,,,,,,,,,,,,,,,,,,,,,,,,,,,,,,,,,,,,,,,,,,,,,,,,,,,,,,,,,,,,,,,,,,,,,,,,,,,,,,,,,,,,,,,,,,,,,,,,,,,,,,,,,,,,,,,,,,,,,,,,,,,,,,,,,,,,,,,,,,,,,,,,,,,,,,,,,,,,,,,,,,,,,,,,,,,,,,,,,,,,,,,,,,,,,,,,,,,,,,,,,,,,,,,,,,,,,,,,,,,,,,,,,,,,,,,,,,,,
,,,,,,,,,,,,,,,,,,,,,,,,,,,,,,,,,,,,,,,,,,,,,,,,,,,,,,,,,,,,,,,,,,,,,,,,,,,,,,,,,,,,,,,,,,,,,,,,,,,,,,,,,,,,,,,,,,,,,,,,,,,,,,,,,,,,,,,,,,,,,,,,,,,,,,,,,,,,,,,,,,,,,,,,,,,,,,,,,,,,,,,,,,,,,,,,,,,,,,,,,,,,,,,,,,,,,,,,,,,,,,,,,,,,,,,,,,,,,,,,,,,,,,,,,,,,,,,,,,,,,,,,,,,,,,,,,,,,,,,,,,,,,,,,
,,,,,,,,,,,,,,,,,,,,,,,,,,,,,,,,,,,,,,,,,,,,,,,,,,,,,,,,,,,,,,,,,,,,,,,,,,,,,,,,,,,,,,,,,,,,,,,,,,,,,,,,,,,,,,,,,,,,,,,,,,,,,,,,,,,,,,,,,,,,,,,,,,,,,,,,,,,,,,,,,,,,,,,,,,,,,,,,,,,,,,,,,,,,,,,,,,,,,,,,,,,,,,,,,,,,,,,,,,,,,,,,,,,,,,,,,,,,,,,,,,,,,,,,,,,,,,,,,,,,,,,,,,,,,,,,,,,,,,,,,,,,,,,,
,,,,,,,,,,,,,,,,,,,,,,,,,,,,,,,,,,,,,,,,,,,,,,,,,,,,,,,,,,,,,,,,,,,,,,,,,,,,,,,,,,,,,,,,,,,,,,,,,,,,,,,,,,,,,,,,,,,,,,,,,,,,,,,,,,,,,,,,,,,,,,,,,,,,,,,,,,,,,,,,,,,,,,,,,,,,,,,,,,,,,,,,,,,,,,,,,,,,,,,,,,,,,,,,,,,,,,,,,,,,,,,,,,,,,,,,,,,,,,,,,,,,,,,,,,,,,,,,,,,,,,,,,,,,,,,,,,,,,,,,,,,,,,,,
,RiskAversion,HIDDEN,0,0,1.0,UNKNOWN,icons_mentalhealth,,,,,,,,,,,,,,,,,,,,,,,,,,,,,,,,,,,,,,,,,,,,,,,,,,,,,,,,,,,,,,,,,,,,,,,,,,,,,,,,,,,,,,,,,,,,,,,,,,,,,,,,,,,,,,,,,,,,,,,,,,,,,,,,,,,,,,,,,,,,,,,,,,,,,,,,,,,,,,,,,,,,,,,,,,,,,,,,,,,,,,,,,,,,,,,,,,,,,,,,,,,,,,,,,,,,,,,,,,,,,,,,,,,,,,,,,,,,,,,,,,,,,,,,,,,,,,,,,,,,,,,,,,,,,,,,,,,,,,,,,
,,,,,,,,,,,,,,,,,,,,,,,,,,,,,,,,,,,,,,,,,,,,,,,,,,,,,,,,,,,,,,,,,,,,,,,,,,,,,,,,,,,,,,,,,,,,,,,,,,,,,,,,,,,,,,,,,,,,,,,,,,,,,,,,,,,,,,,,,,,,,,,,,,,,,,,,,,,,,,,,,,,,,,,,,,,,,,,,,,,,,,,,,,,,,,,,,,,,,,,,,,,,,,,,,,,,,,,,,,,,,,,,,,,,,,,,,,,,,,,,,,,,,,,,,,,,,,,,,,,,,,,,,,,,,,,,,,,,,,,,,,,,,,,,
,,,,,,,,,,,,,,,,,,,,,,,,,,,,,,,,,,,,,,,,,,,,,,,,,,,,,,,,,,,,,,,,,,,,,,,,,,,,,,,,,,,,,,,,,,,,,,,,,,,,,,,,,,,,,,,,,,,,,,,,,,,,,,,,,,,,,,,,,,,,,,,,,,,,,,,,,,,,,,,,,,,,,,,,,,,,,,,,,,,,,,,,,,,,,,,,,,,,,,,,,,,,,,,,,,,,,,,,,,,,,,,,,,,,,,,,,,,,,,,,,,,,,,,,,,,,,,,,,,,,,,,,,,,,,,,,,,,,,,,,,,,,,,,,
,,,,,,,,,,,,,,,,,,,,,,,,,,,,,,,,,,,,,,,,,,,,,,,,,,,,,,,,,,,,,,,,,,,,,,,,,,,,,,,,,,,,,,,,,,,,,,,,,,,,,,,,,,,,,,,,,,,,,,,,,,,,,,,,,,,,,,,,,,,,,,,,,,,,,,,,,,,,,,,,,,,,,,,,,,,,,,,,,,,,,,,,,,,,,,,,,,,,,,,,,,,,,,,,,,,,,,,,,,,,,,,,,,,,,,,,,,,,,,,,,,,,,,,,,,,,,,,,,,,,,,,,,,,,,,,,,,,,,,,,,,,,,,,,
,,,,,,,,,,,,,,,,,,,,,,,,,,,,,,,,,,,,,,,,,,,,,,,,,,,,,,,,,,,,,,,,,,,,,,,,,,,,,,,,,,,,,,,,,,,,,,,,,,,,,,,,,,,,,,,,,,,,,,,,,,,,,,,,,,,,,,,,,,,,,,,,,,,,,,,,,,,,,,,,,,,,,,,,,,,,,,,,,,,,,,,,,,,,,,,,,,,,,,,,,,,,,,,,,,,,,,,,,,,,,,,,,,,,,,,,,,,,,,,,,,,,,,,,,,,,,,,,,,,,,,,,,,,,,,,,,,,,,,,,,,,,,,,,
,,,,,,,,,,,,,,,,,,,,,,,,,,,,,,,,,,,,,,,,,,,,,,,,,,,,,,,,,,,,,,,,,,,,,,,,,,,,,,,,,,,,,,,,,,,,,,,,,,,,,,,,,,,,,,,,,,,,,,,,,,,,,,,,,,,,,,,,,,,,,,,,,,,,,,,,,,,,,,,,,,,,,,,,,,,,,,,,,,,,,,,,,,,,,,,,,,,,,,,,,,,,,,,,,,,,,,,,,,,,,,,,,,,,,,,,,,,,,,,,,,,,,,,,,,,,,,,,,,,,,,,,,,,,,,,,,,,,,,,,,,,,,,,,
,,,,,,,,,,,,,,,,,,,,,,,,,,,,,,,,,,,,,,,,,,,,,,,,,,,,,,,,,,,,,,,,,,,,,,,,,,,,,,,,,,,,,,,,,,,,,,,,,,,,,,,,,,,,,,,,,,,,,,,,,,,,,,,,,,,,,,,,,,,,,,,,,,,,,,,,,,,,,,,,,,,,,,,,,,,,,,,,,,,,,,,,,,,,,,,,,,,,,,,,,,,,,,,,,,,,,,,,,,,,,,,,,,,,,,,,,,,,,,,,,,,,,,,,,,,,,,,,,,,,,,,,,,,,,,,,,,,,,,,,,,,,,,,,
,,,,,,,,,,,,,,,,,,,,,,,,,,,,,,,,,,,,,,,,,,,,,,,,,,,,,,,,,,,,,,,,,,,,,,,,,,,,,,,,,,,,,,,,,,,,,,,,,,,,,,,,,,,,,,,,,,,,,,,,,,,,,,,,,,,,,,,,,,,,,,,,,,,,,,,,,,,,,,,,,,,,,,,,,,,,,,,,,,,,,,,,,,,,,,,,,,,,,,,,,,,,,,,,,,,,,,,,,,,,,,,,,,,,,,,,,,,,,,,,,,,,,,,,,,,,,,,,,,,,,,,,,,,,,,,,,,,,,,,,,,,,,,,,
,,,,,,,,,,,,,,,,,,,,,,,,,,,,,,,,,,,,,,,,,,,,,,,,,,,,,,,,,,,,,,,,,,,,,,,,,,,,,,,,,,,,,,,,,,,,,,,,,,,,,,,,,,,,,,,,,,,,,,,,,,,,,,,,,,,,,,,,,,,,,,,,,,,,,,,,,,,,,,,,,,,,,,,,,,,,,,,,,,,,,,,,,,,,,,,,,,,,,,,,,,,,,,,,,,,,,,,,,,,,,,,,,,,,,,,,,,,,,,,,,,,,,,,,,,,,,,,,,,,,,,,,,,,,,,,,,,,,,,,,,,,,,,,,
