,,,prereqs,,positive,start trigger,stop trigger,cost,costfunction,income,incomefunction,_default_,C-MISC,C-MISC,C-MISC,C-MISC,C-MISC,C-MISC,C-MISC,C-MISC,C-MISC,C-MISC,C-MISC,C-MISC,C-MISC,C-MISC,C-MISC,C-MISC,C-MISC,C-MISC,C-MISC,C-MISC,C-MISC,C-MISC,C-MISC,C-MISC,C-MISC,C-MISC,C-MISC,C-MISC,C-MISC,C-MISC,C-MISC,C-MISC,C-MISC,C-MISC,C-MISC,C-MISC,C-MISC,C-MISC,C-MISC,C-MISC,C-MISC,C-MISC,C-MISC,C-MISC,C-MISC,C-MISC,C-,C-NEW SIMU,C-NEW SIMU,C-NEW SIMU,C-NEW SIMU,C-NEW SIMU,C-NEW SIMU,C-NEW SIMU,C-NEW SIMU,C-NEW SIMU,C-EMOTIONS,C-EMOTIONS,C-EMOTIONS,C-EMOTIONS,C-EMOTIONS,C-EMOTIONS,C-GROUPS,C-GROUPS,C-GROUPS,C-GROUPS,C-GROUPS,C-GROUPS,C-GROUPS,C-GROUPS,C-GROUPS,C-GROUPS,C-GROUPS,C-GROUPS,C-GROUPS,C-GROUPS,C-GROUPS,C-GROUPS,C-GROUPS,C-GROUPS,C-GROUPS,C-,C-,C-,C-,C-,C-,C-,C-,C-,C-,C-,C-,C-,C-,C-,C-,C-,C-,C-,C-,C-,C-,C-,C-,C-,C-,C-,C-,C-,C-,C-,C-,C-,C-,C-,C-,C-,C-,C-,C-,C-,C-,C-,C-,C-,C-,C-,C-,C-,C-,C-,C-,C-,C-,C-,C-,C-,C-,C-,C-,C-,C-,C-,C-,C-,C-,C-,C-,C-,C-,C-,EFFECTS,E-MISC,E-MISC,E-MISC,E-MISC,E-MISC,E-NEW SIMU,E-NEW SIMU,E-NEW SIMU,E-NEW SIMU,E-NEW SIMU,E-NEW SIMU,E-NEW SIMU,E-NEW SIMU,E-NEW SIMU,E-EMOTIONS,E-EMOTIONS,E-EMOTIONS,E-EMOTIONS,E-EMOTIONS,E-EMOTIONS,E-GROUPS,E-GROUPS,E-GROUPS,E-GROUPS,E-GROUPS,E-GROUPS,E-GROUPS,E-GROUPS,E-GROUPS,E-GROUPS,E-GROUPS,E-GROUPS,E-GROUPS,E-GROUPS,E-GROUPS,E-GROUPS,E-GROUPS,E-GROUPS,E-GROUPS,E-GROUPS,E-SIMU,E-SIMU,E-SIMU,E-SIMU,E-SIMU,E-SIMU,E-SIMU,E-SIMU,E-SIMU,E-SIMU,E-SIMU,E-SIMU,E-SIMU,E-SIMU,E-SIMU,E-SIMU,E-SIMU,E-SIMU,E-SIMU,E-SIMU,E-SIMU,E-SIMU,E-SIMU,E-SIMU,E-SIMU,E-SIMU,E-SIMU,E-SIMU,E-SIMU,E-SIMU,E-SIMU,E-SIMU,E-SIMU,E-SIMU,E-SIMU,E-SIMU,E-SIMU,E-SIMU,E-SIMU,E-SIMU,E-SIMU,E-SIMU,E-SIMU,E-SIMU,E-SIMU,E-SIMU,E-SIMU,E-SIMU,E-SIMU,E-SIMU,E-SIMU,E-SIMU,E-SIMU,E-SIMU,E-SIMU,E-SIMU,E-SIMU,E-SIMU,E-SIMU,E-SIMU,E-SIMU,E-SIMU,E-SIMU,E-SIMU,E-SIMU,E-SIMU,E-SIMU,E-SIMU,E-SIMU,E-SIMU,E-SIMU
,,,,,,,,,,,,,,,,,,,,,,,,,,,,,,,,,,,,,,,,,,,,,,,,,,,,,,,,,,,_year,Comp,Coop,Culture,LocalCommunities,BureaucraticKnowledge,GenderTension,SingleParents,StayAtHomeParents,,Anger,Anxiety,Disgust,Envy,Fear,Paranoia,EthnicMinorities,Capitalist,Socialist,,Liberal,Conservatives,Retired,Young,SelfEmployed,TradeUnionist,Parents,StateEmployees,Motorist,Commuter,Patriot,Religious,,Wealthy,Environmentalist,GlobalCO2,_HighIncome,_LowIncome,_MiddleIncome,_Terrorism,AirTravel,AlcoholConsumption,AverageTemperature,BusinessConfidence,BusUsage,CarUsage,Charity,CO2Emissions,Corruption,CrimeRate,CurrencyStrength,Democracy,Education,ElectricCarTransition,Emigration,EnergyEfficiency,Environment,Equality,FoodPrice,ForeignAidReceived,ForeignInvestment,ForeignRelations,GDP,GenderEquality,GenerationalWealthGap,Health,HealthcareDemand,HumanDevelopment,Immigration,ImmigrationDemand,IllegalImmigration,IndustrialAutomation,Inflation,InternationalTrade,InternetCurrencyAdoption,InternetSpeed,LegalDrugConsumption,Lifespan,OilDemand,OilPrice,OilSupply,Population,PovertyRate,PrivateEnergy,PrivateHealthcare,PrivateHousing,PrivatePensions,PrivateRail,PrivateSchools,PrivateTelecoms,PrivateWater,RacialTension,RailUsage,Stability,Technology,TobaccoUse,Tourism,TrafficCongestion,Unemployment,Veganism,ViolentCrimeRate,Wages,WorkerProductivity,WorkingWeek,RareEarthPrice,MentalHealth,,,,,,,Comp,Coop,Culture,LocalCommunities,BureaucraticKnowledge,GenderTension,SingleParents,StayAtHomeParents,,Anger,Anxiety,Disgust,Envy,Fear,Paranoia,EthnicMinorities,Capitalist,Socialist,Liberal,Conservatives,Retired,Young,SelfEmployed,TradeUnionist,Parents,StateEmployees,Motorist,Commuter,Patriot,Religious,Farmers,Poor,MiddleIncome,Wealthy,Environmentalist,GlobalCO2,_HighIncome,_LowIncome,_MiddleIncome,_Terrorism,AirTravel,AlcoholConsumption,AverageTemperature,BusinessConfidence,BusUsage,CarUsage,Charity,CO2Emissions,Corruption,CrimeRate,CurrencyStrength,Democracy,Education,ElectricCarTransition,Emigration,EnergyEfficiency,Environment,Equality,FoodPrice,ForeignAidReceived,ForeignInvestment,ForeignRelations,GDP,GenderEquality,GenerationalWealthGap,Health,HealthcareDemand,HumanDevelopment,Immigration,ImmigrationDemand,IllegalImmigration,IndustrialAutomation,Inflation,InternationalTrade,InternetCurrencyAdoption,InternetSpeed,LegalDrugConsumption,Lifespan,OilDemand,OilPrice,OilSupply,Population,PovertyRate,PrivateEnergy,PrivateHealthcare,PrivateHousing,PrivatePensions,PrivateRail,PrivateSchools,PrivateTelecoms,PrivateWater,RacialTension,RailUsage,Stability,Technology,TobaccoUse,Tourism,TrafficCongestion,Unemployment,Veganism,ViolentCrimeRate,Wages,WorkerProductivity,WorkingWeek,RareEarthPrice,MentalHealth
#,ColTrauma,FOREIGNPOLICY,,icons_foreigninvestment,0,0.2,0.1,0,0+(1.0*x),0,0+(1.0*x),"_default_,0.5",,,,,,,"MilitarySpending,0+(0.5*x*x*x*x)",,,,,,,,,,,,,,,,,,,,,,,,,,,,,,,,,,,,,,,,"_year,0-(0.015*x)","Culture,0.1-(1.6*x*x*x*x),30",,,,,,,,,,,,,,,,,,,,,,,,,,,,,,,,,,,,,,,,,,,,,,,,,,,"Education,0.1-(0.4*x*x),30",,,,,,,,,,"_percept_compassion,0-(0.5*x*x)",,,,,,,"EgalitarianSociety,-0.1-(0.2*x)",,,,"ForeignAid,0-(0.05*x*x),16",,,,,,,,,,,,,,,,,,,,,,,,,,,,,,,,,#,,,,,,,,"Culture,0-(0.15*x*x),16",,,,,,,,,,,,,,,,,,,,,,,,,,,,,,,,,,,,,,,,,,,,,,,,,,,,,,,,"Polarization,0.1+(0.2*x*x),16",,"RacialTension,0+(0.2*x*x),16",,"Education,0-(0.15*x*x),16",,,,,,,,,,,,,,,,,,,,,,,,,,,,,,,,,,,,,,,,,,,"MentalHealth,-0.02-(0.20*x*x),16"
#,WWTrauma,FOREIGNPOLICY,,icons_foreignrelations,0,0.2,0.1,0,0+(1.0*x),0,0+(1.0*x),"_default_,0.5",,,,"OneChildPolicy,0.1+(0.3*x)","NationalService,0+(0.3*x)","NationalArmedForcesWeek,0+(0.05*x*x)","MilitarySpending,0+(0.5*x*x*x*x)",,,,,,,,,,,,,,,,,,,,,,,,,,,,,,,,,,,,,,,,"_year,0-(0.015*x)","Culture,0.1-(1.6*x*x*x*x),30",,,,,,,,,,,,,,,,,,,,,,,,,,,,,,,,,,,,,,,,"Creationism,-0.1+(0.2*x*x*x*x),30",,,,"StampOutRacismWeek,0-(0.15*x)*_inv_RIP,30",,,,,"RacialProfiling,0.1+(0.5*x)",,"Education,0.1-(0.4*x*x),30",,,,,,,"HumanCloningResearchGrants,0+(0.3*x)",,"ForeignRelations,0.25-(1*x),30","_percept_compassion,0-(0.5*x*x)",,"FemaleGenitalMutilation,0+(0.1*x)","Flagsoneverystreetcorner,0+(0.2*x)",,"Hyperinflation,0+(0.2*x)","ExtremeNationalism,0.1+(0.8*x)","EgalitarianSociety,-0.1-(0.2*x)","Ghettos,0.1+(0.3*x)","RaceRiots,0.1+(0.3*x)","ClassWarfare,0.1+(0.3*x)",,,,,,,,,,,,,,,,,,,,,,,,,,,,,,,,,,#,,,,,,,,"Culture,0-(0.15*x*x),16",,,,,,,,,,,,,,,"Socialist_freq,0+(0.2*x*x),16","Liberal_freq,0+(0.3*x*x),16",,,,,,,,,,"Patriot_freq,0-(0.15*x*x),16","Religious_freq,0-(0.15*x*x),16",,,,,,,,,,,,,,,,,,,,,,,,,"ExtremeNationalism,0-(0.1*x*x),16",,,,"Polarization,0.1+(0.2*x*x),16",,"RacialTension,0+(0.2*x*x),16",,"Education,0-(0.15*x*x),16",,,,,,,,,,,,,,,,,,,,,,,,,,,,,,,,,,,,,,,,,,,"MentalHealth,-0.02-(0.20*x*x),16"
#,CWTrauma,FOREIGNPOLICY,,icons_nuclearweapons,0,0.2,0.1,0,0+(1.0*x),0,0+(1.0*x),"_default_,0.5",,,,"NuclearFission,-0.01+(0.4*x*x*x),8","NationalService,0+(0.3*x)","NationalArmedForcesWeek,0+(0.05*x*x)","MilitarySpending,0+(0.5*x*x*x*x)","IntelligenceServices,0+(0.4*x*x*x*x),8",,,,,,,,,,"GeneralMediaCensorship,0+(0.3*x)",,,,,,,,,,,,,,,,,,,,,,,,,,,,,"_year,0-(0.015*x)","Culture,0.1-(1.6*x*x*x*x),30",,,,,,,,,,,,,,,,,,,,,,,,,,,,,,,,,,,,,,,,,,,,,,,,"NuclearWeapons,0+(0.3*x*x)",,,"Education,0.1-(0.4*x*x),30",,,,,,,,,"ForeignRelations,1-(2*x),30","_percept_compassion,0-(0.5*x*x)",,,,,,,"EgalitarianSociety,-0.1-(0.2*x)",,,"ClassWarfare,0.1+(0.3*x)",,,,,,,,,,,,,,,,,,,,,,,,,,,,,,,,,,#,,,,,,,,"Culture,0-(0.15*x*x),16",,,,,,,,,,,,,,,"Socialist_freq,0-(0.2*x*x),16",,,,,,,,,,,,,,,,,,,,,,,,,,,,,,,,,,,,,,,,,"Polarization,0.1+(0.2*x*x),16",,,,,,,,,,,,,,,,,,,,,,,,,,,,,,,,,,,,,,,,,,,,,,,"MentalHealth,-0.02-(0.20*x*x),16"
#,RIP,WELFARE,,icons_diversityquotasforcompanies,0,0.6,0.4,0,0+(1.0*x),0,0+(1.0*x),,,,"Socialist_perc,0+(1*x)*Corruption",,,,,,,,,,,,,,,"GeneralMediaCensorship,-0.2-(1*x*x*x),30",,,,,,,,,,,,,,,,,,,,,,,,,,,"CRT,0+(0.1*x),8","CGT,0+(0.1*x),8","MentalHealth,0.2-(0.8*x*x),16",,,,,,,,,,,,,,,,,,,,,,,,,,,,,,,,,,,,,,,,,,,,,,,,,,,,,,,,"SocialJusticeFoundation,0+(0.1*x*x)",,,,,"ForeignRelations,0.1-(0.2*x),30",,,,,,,,,,,,,,,,,,,,,,,,,,,,,,,,,,,,,,,,,,,,,#,,"_All_,0-(0.2*x*x*x*x),30",,,,,,,"LocalCommunities,0.2-(0.4*x),8",,,,,,,,,,,,,,"Socialist_freq,0+(0.2*x),30",,,,,,,,,,,,,,,,,,,,,,,,,,,,,,,,,,,,"Education,0-(0.8*x*x*x*x),30",,,,,"Polarization,0.1+(0.2*x),30","Corruption,0+(0.2*x*x),10",,"CyberBullying,0.1+(0.2*x*x),10",,,,"ClassWarfare,0+(0.7*x),30",,,"Comp,-0.1-(0.3*x),30",,,,,,,,,,,,,,,,,,,,,,,,,,,,,,,,,,,,,"MentalHealth,-0.03-(0.30*x),30"
#,CRT,WELFARE,,icons_racialprofiling,0,0.6,0.4,0,0+(1.0*x),0,0+(1.0*x),"_default_,0.5",,,"Socialist_perc,0+(1*x)*Corruption",,,,,,,,,,,,,,,"GeneralMediaCensorship,-0.2-(1*x*x*x),30","SocialMediaAddiction,0+(0.5*x*x*x*x),16",,,,,,,,,,,,,,,,,,,,,,,,,,"ColTrauma,0+(1*x)","CGT,0.1+(0.1*x),30","RacialTension,0+(1*x*x)*ColTrauma,8",,,"Culture,0.5-(2*x*x),16",,,,,,,,,,,,,,,,,,,,,,,,,,,,,,,,,,,,,,,,,,,,,"ExtremeNationalism,0.1+(0.5*x*x*x),4",,,,"Education,0.1-(0.2*x),30",,"CitizenshipForSale,0.15-(0.1*x),8","RacialProfiling,0.2+(0.4*x*x*x)","SelectiveSchooling,0+EthnicMinorities_perc*PovertyRate*x*x,4","Equality,0.125-(0.9*x*x*x),8",,,,,"Conservatives_perc,0-(1*x)",,"GenerationalWealthGap,0+(0.1*x*x)","Religious_perc,0-(1*x)",,,,,,,,,,,,,,,,,,,,,,,,,,,,,,,,,,,,,,,,"MentalHealth,0.2-(0.8*x*x),16",#,"_All_,0-(0.2*x*x*x)*RIP,30",,,,,,,,"LocalCommunities,0.2-(0.4*x),8",,,,,,,,,,,,,,"Socialist_freq,0+(0.1*x),30",,,,,,,"Parents,0-(0.5*x*x*x*x),30",,,,,,,,,,,,,,,,,,,,,,,,,,,,,,,,,,"Polarization,0.1+(0.2*x),30","Corruption,0+(0.2*x*x),10","VigilanteMobs,0.1+(0.34*x),16","CyberBullying,0.1+(0.2*x*x),10","StateEmployees,0-(0.4*x)","RaceRiots,0+(0.7*x),30",,"AntisocialBehaviour,0+(0.2*x)","RacialTension,0.2+(0.1*x*x),20",,"Comp,-0.1-(0.3*x),30",,,,,,,,,,,,,,,,,,,,,,,,,,,,,,,,,,,,,"MentalHealth,-0.01-(0.10*x),30"
#,CGT,WELFARE,,icons_gendertransition,0,0.6,0.4,0,0+(1.0*x),0,0+(1.0*x),"_default_,0.4",,,"Socialist_perc,0+(1*x)*Corruption",,,,,,,,,,,,,,,"GeneralMediaCensorship,-0.2-(1*x*x*x),30","SocialMediaAddiction,0+(0.5*x*x*x*x),16",,,,,,,,,,,,,,,,,,,,,,,,,,,"CRT,0.1+(0.1*x),30","GenderTension,0+(1*x*x),8",,,"Culture,0.5-(2*x*x),16",,,,,,,,,,,,,,,,,,,,,,,,,,,,,,,,,,,,,,,,,,,"MarriedTaxAllowance,0.05+(0.45*x*x)","Bandivorce,0.1+(0.9*x*x*x*x)","GenderTransition,0.05+(0.5*x*x)",,,,"Education,0.1-(0.2*x),30",,"FreeParentingClasses,0.05+(0.3*RIP*x),10","FamilyPlanning,0.05+(0.3*RIP*x),10",,,,,,,,"GenderEquality,0.125-(0.9*x*x*x)","Conservatives_perc,0-(1*x)","Religious_perc,0-(1*x)",,,,,,,,,,,,,,,,,,,,,,,,,,,,,,,,,,,,,,,,"MentalHealth,0.2-(0.8*x*x),16",#,"_All_,0-(0.2*x*x*x)*RIP,30",,,,,,,,"LocalCommunities,0.2-(0.4*x),8",,,,,,,,,,,,,,"Socialist_freq,0+(0.1*x),30",,,,,,,"Parents,0-(0.5*x*x*x*x),30",,,,,,,,,,,,,,,,,,,,,,,,,,,,,,,,,,"Polarization,0.1+(0.2*x),30","Corruption,0+(0.2*x*x),10","HealthcareDemand,0.1*(x*x*x*x)*GenderTransition,10","CyberBullying,0.1+(0.2*x*x),10",,,,"AntisocialBehaviour,0+(0.2*x)","GenderTension,0.2+(0.1*x*x),20",,"Comp,-0.1-(0.3*x),30",,,,,,,,,,,,,,,,,,,,,,,,,,,,,,,,,,,,,"MentalHealth,-0.01-(0.10*x),30"
#,LuxuryBeliefs,WELFARE,,icons_luxurygoodstax,0,0.6,0.4,0,0+(1.0*x),0,0+(1.0*x),"_default_,0.2",,,,,,,,,,,,,,,,,,,,,,,,,,,,,,,,,,,,,,,,,,,,,,,,,,"Culture,0-(0.4*x*x*x*x),8",,,,,,,,,,,,,,,,,,,,,,,,,,,,,,,,,"real_HighIncome,-1+(2*x),4","real_LowIncome,-1+(2*x),4","MiddleIncome_perc,0+(1*x*x),8","real_MiddleIncome,-1+(2*x),4",,,,,,,,,,,,,,,,,,,,,,,,,,,,,,,,,,,,,,,,,,,,,,,,,,,,,,,,,,,,,,,,,,,#,"Polarization,0+(0.5*x),30",,,,,,,,,,,,,,,,,,,,,,,,,,,,,,,,,,,,,,,,,,,,,,,,,,,,,,,,,,,,,,,,,,,,,,,,,,,,,,,,,,,,,,,,,,,,,,,,,,,,,,,,,,,,,,
#,Complotism,WELFARE,,icons_CCTVCameras,0,0.6,0.4,0,0+(1.0*x),0,0+(1.0*x),"_default_,1",,,,,,,,,,,,,,,,,,"GeneralMediaCensorship,-0.2-(1*x*x*x),30","SocialMediaAddiction,0+(0.5*x)",,,,,,,,,,,,,,,,,,,,,,,,,,,,,,,"Culture,0.2-(0.8*x*x),30",,,,,,,,,,,,,,,,,,,,,,,,,,,,,,,,,,,,,,"NewAge,0.2+(0.7*x*x*x),30","Religious_perc,0-(1*x)",,,,"ScienceFunding,0+(0.2*x)*_neg_Culture","ScienceFunding,0+(0.2*x)*_neg_Education","ScienceFunding,0-(0.4*x*x*x)","FakeNews,0.1+(0.7*x*x),10","InternetCensorship,-0.1-(0.3*x),16",,"Education,0.5-(2*x*x),30","Creationism,0.22-(0.22*x),30","AdultEducationSubsidies,0-(0.17*x),8","SpaceProgram,0+(0.5*x)","SpaceProgram,0-(0.7*x*x*x*x)","ForeignIntelligenceInterference,0.2+(0.3*x*x),4","ForeignAid,0+(0.1*x*x),30","religiousbanknotes,0+(0.1*x*x),30",,"bansocialmedia,0-(0.4*x*x),16","bansocialmedia,0+(0.2*x),4","PrivateSpaceProgram,0+(0.25*x)","PrivateSpaceProgram,0-(0.30*x*x*x*x),16",,,,,"DrugAddiction,0+(0.2*x*x*x*x),8",,,,,,,,,,,,,,,,,,,,,,,,,,,,,,,,,,,,"MentalHealth,0.5-(1*x),16",#,,,,,,,,,,,,,,,,,,,,,,,,,,,,,,,,,,,,,,,,,,,,,,,,,,,,,,,,,"ArmedReligiousCommunities,0+(0.2*x*x*x*x),8","Stability,0-(0.2*x*x*x*x),30",,"Health,0-(0.2*x*x*x),30",,,,,,"Religious_freq,0+(0.5*x*x),30","Environmentalist_freq,0-(0.2*x),30",,,,,,"FakeNews,0+(0.1*x*x),30",,,,,,,,,,,,,,,,,,,,,,,,"RacialTension,0+(0.3*x*x*x),16",,,,,,,,,,,,,,"MentalHealth,-0.03-(0.30*x*x),30"
#,HookupCulture,WELFARE,,icons_familyplanning,0,0.6,0.4,0,0+(1.0*x),0,0+(1.0*x),"_default_,1",,,,,,,,,,,,,,,,,,,,,,,,,,,,,,,,,,,,,,,,,,,"MarriedTaxAllowance,0-(0.5*x*x),8","GayMarriage,-0.05-(0.3*x),8","Curfews,-0.05-(0.4*x*x),4",,"Bandivorce,0.1+(0.9*x*x*x*x),8",,,,"LocalCommunities,1-(2*x),8",,,,,,,,,,,,,,,,,,,,,,,,,,,,,,,,,,,,,,,,"LegaliseProstitution,0-(0.4*x*x*x),16",,,,,,,,,,,,,,,,,,,"GenderEquality,0+(0.4*x*x),8",,,,,,,,,,,,"InternetSpeed,-0.1+(0.2*x),4",,,,,,,,,,,,,,,,,,,"Technology,0+(0.2*x*x),8",,,,,,,,,,,,#,"SingleParents,0+(0.2*x*x)*_neg_AbortionLaw,30","SingleParents,0+(0.2*x*x)*_neg_FamilyPlanning,30","SocialMediaAddiction,0+(0.2*x)*Young_perc,8",,,"Comp,0+(0.2*x),16",,,,"GenderTension,0+(0.2*x)*Young_perc",,,,,,,,,,,,"Capitalist,0+(0.1*x*x),8",,"Liberal,0+(0.2*x*x),8","Conservatives,0-(0.2*x*x),8",,,,,"Parents,0-(0.2*x*x),8",,,,,"Religious,0-(0.2*x*x),8",,,,,,,,,,,,,,,,,,,,,,,,,,,,,,,,,,,,,,,,,,,,,,,,,,,,,,,,,,,,,,,,,,,,,,,,,,,,
#,FatAcceptance,PUBLICSERVICES,,sit_icons_obesity,0,0.6,0.4,0,0+(1.0*x),0,0+(1.0*x),,,,,,,,,,,,,,,,,,,"GeneralMediaCensorship,-0.2-(1*x*x*x),30",,,,,,,,,,,,,,,,,,,,,,,,,,,,,,,,,,,,,,,,,,,,,,,,,,,,,,,,,,,,,,,,,,,,,,,"Comp,0.2-(0.8*x*x),4",,"Obesity,0.1+(0.5*x),30","RIP,0.1+(0.5*x),10",,,,,,,,,,,,,,,,,,,,,,,,,,,,,,,,,,,,,,,,,,,,,,,,,,,,,,,,,,,,"MentalHealth,0.1-(0.4*x*x)*Obesity,16",#,,,,,,,,,,,,,,,,,,,,,,,,,,,,,,,,,,,,,,,,,,,,,,,,,,,,,,,,,,"Obesity,0.1+(0.5*x),30",,,,,,,,,,,,,,,,,,,,,,,,,,,,,,,,,,,,,,,,,,,,,,,,,,,,,"MentalHealth,-0.01-(0.10*x),30"
#,PSAFatigue,PUBLICSERVICES,,icons_statebroadcaster,0,0.6,0.4,0,0+(1.0*x),0,0+(1.0*x),,,,,,,,,,,,,,,,,,,,,,,,,,,,,,,,,,,,,,,,,,,,,,,,,,,,,,,,,,,,,,,,,,,,,,,,,,,,,,,,,,,,,,,,,,,,"StateBroadcaster,0.02-(0.5*x*x),4","AlcoholAwarenessCampaign,0.02+(0.1*x*x),4",,,"BusinessStartupCampaign,0.02+(0.1*x*x),4","CarPoolingCampaign,0.02+(0.1*x*x),4","Cyberbullyingawarenesscampaign,0.02+(0.1*x*x),4",,,"HealthyEatingCampaign,0.02+(0.1*x*x),4","KeepTheCountryTidyCampaign,0.02+(0.1*x*x),4","TobaccoAwarenessCampaign,0.02+(0.1*x*x),4","StampOutRacismWeek,0.02+(0.1*x*x),4","co2campaign,0.02+(0.1*x*x),4","CyclingCampaign,0.02+(0.1*x*x),4",,,"MediaMonopolies,0.025+(0.2*x*x)*PSAFatigue,4","FakeNews,0.025+(0.1*x*x)*PSAFatigue,4","WokeWashing,0.025+(0.1*x*x),4","GreenWashing,0.025+(0.1*x*x),4",,,,,,,,,,,,,,,,,,,,,,,,,,,,,,,,,,,,,,,,,"MentalHealth,0.5-(1*x)*PSAFatigue,16",#,,,,,,,,,,,,,,,,,,,,,,,"Socialist_freq,0-(0.1*x*x*x),20",,,,,,,,,,,,,,,"MiddleIncome,0-(0.1*x*x),30",,,,,,,,,,,,,,,,,,,,,,,,"LudditeRiots,0.1+(0.1*x)",,,"Paranoia,0+(0.1*x*x),20",,,,,,,,,,,,,,,,,,,,,,,,,,,,,,,,,,,,,,,,,,,,,,"MentalHealth,-0.005-(0.05*x),30"
#,FunctionalIlliteracy,PUBLICSERVICES,,icons_stateschools,0,0.6,0.4,0,0+(1.0*x),0,0+(1.0*x),"_default_,0.7",,,,,,,,,,,,,,,,,,,,,,,,,,,,,,,,,,,,,,,,,,,,,,,,,,"Culture,0-(0.7*x*x*x),12",,,,,,,,,,,,,,,,,,,,,,,,,,,,,,,,,,,,,,,"Complotism,0+(0.5*x),8",,"NewAge,0+(0.5*x),8",,,,,,,,"Education,0-(0.3*x*x*x),12",,,,,,,,,,,,,,,,,,,,,,,,,,,,,,,,,,,,,,,,,,,,,,,,,,,,,,#,,,,,,,,,"LocalCommunities,-0.1-(0.3*x),12",,,,,,,,,,,,,,,,,,,,,,,,,"Patriot_freq,0.05+(0.1*x),30",,,,,,,,,,,,,,,,,,,,,,,,"BureaucraticKnowledge,-0.1-(0.3*x),12",,,"GreenWashing,0.1+(0.3*x),30","WokeWashing,0.1+(0.3*x),30","Polarization,0.1+(0.5*x),30",,,"Uncompetitive Economy,0.1+(0.2*x),30","AntisocialBehaviour,0.1+(0.2*x),30","TeacherShortage,0.1+(0.2*x),30","ExtremeNationalism,0.1+(0.2*x),30","LudditeRiots,0.1+(0.4*x*x),30","GigEconomy,0.1+(0.4*x*x),30","CyberBullying,0.1+(0.2*x),30","FakeNews,0+(0.2*x*x),30","SocialMediaAddiction,0+(0.2*x*x),30","_turnout,0-(0.2*x*x),30","Tourism,0-(0.2*x*x),30","InternationalTrade,0-(0.2*x*x),30","SkillsShortage,0.1+(0.5*x),30",,,,,,,,,,,,,,,,,,,,,,,,,,,,,,,,,
#,AbortionObjectors,PUBLICSERVICES,,icons_abortionlaw,0,0.6,0.4,0,0+(1.0*x),0,0+(1.0*x),,,,,,,,,,,,,,,,,,,,,,,,,,,,,,,,,,,,,,,,,,,,,,"Fundamentalism,0+(1*x)",,"Religious_perc,0+(1*x)*AbortionLaw","Conservatives_perc,0+(1*x)*AbortionLaw",,,,,,,,,,,,,,,,,,,,,,,,,,,,,,,,,,,,,,,,,,,,,,,,,,,,,,,,,,,,,,,,,,,,,,,,,,,,,,,,,,,,,,,,,,,,,,,,,,,,,,,,,#,,,,,,,,,,,,,,,,,,,,,,,,"Liberal,0-(0.1*x)",,,,,,,,,,,,,,,,,,,,,,,,,,,,,,,,,,,,,,,,,,,,,"GenderEquality,0-(0.1*x)",,,,,,,,,,,,,,,,,,,,,,,,,,,,,,,,,,,,,,,,,,
#,Fundamentalism,LAWANDORDER,,icons_forcepoliticalmilitaryreligiousoath,0,0.6,0.4,0,0+(1.0*x),0,0+(1.0*x),"_default_,1",,,,,,,,,,,,,,,,,,,,,,,,,,,,,,,,,,,,,,,"Creationism,-0.4+0.1/x,30","FunctionalIlliteracy,0+(0.5*x),8","NewAge,0+(0.2*x),8","Polarization,0+(0.4*x*x*x*x),4",,,,,"Bandivorce,0+(0.3*x*x*x*x),8",,,,,,,,,,,,,,,,,,,,,,,,,,,,,,,"Religious_perc,0+(1*x)*_neg_Education","Religious_perc,0+(1*x)*_neg_Culture",,,,,,,,,,,,,,,,,,,,,,,,,,,,,,,,,,,"HumanDevelopment,0.5-(1*x),16",,,,,,,,,,,,,,,,,,,,,,,,,,,,,,,,,,,,,,"MentalHealth,0.5-(1*x),16",#,,"Complotism,0+(0.5*x),8",,,,,,,,"GenderTension,0-(0.4*x*x)*Religious_perc",,,,,,,,,,,,,,"Liberal,0-(0.2*x*x),8",,,,,,,,,,,,,,,,,,,,,,,,,,,,,,,,,"ArmedReligiousCommunities,0+(0.2*x*x),8",,,,,,,,,,,,"GenderEquality,0-(0.4*x*x)*Religious_perc",,,,,,,,,,,,,,,,,,,,,,,,,,,,"RacialTension,0-(0.4*x*x)*Religious_perc",,,,,,,,,,,,,,
#,SlowJustice,LAWANDORDER,,icons_jurytrial,0,0.6,0.4,100,0+(0.5*x),0,0+(1.0*x),,,,,,,,,,,,,,,,,,,,,,,,,,,,,,,,,,,,,,,,,,,,,,,,,,,,,,,,,,,,,,,,,,,,,,,,,,,,,,,,,,,,,,,,"InternetSpeed,0.2-(0.4*x),4",,,,,,,,,,,,"Education,0+(0.5*x*x)*Individualism,8",,,,,,,,,,,,,,,,,,,,,,,,,,,,,,,,,,,,,,,,,,,,,,,,,,"WorkerProductivity,0.225-(1.4-x)*x*x,16",,,,#,"Bureaucracy,0.1+(0.4*x),16",,,,,,,,,,,,,,,,,,,,,,,,,,,,,,,,,,,,,,,,,,,,,,,,,,,,,,,,,,,,,,"Equality,-0.1-(0.4*x),30",,,,,,,,,,,,,,,,,,,,,,,,,,,,,,,,,,,,,,,,,,,,,,,,
#,Absenteeism,LAWANDORDER,,icons_labordaybankholiday,0,0.6,0.4,100,0+(1.0*x*x),0,0+(1.0*x),,,"CCTVCameras,0-(1*x*x*x),8","WelfareFraudDept,0-(0.4*x),8",,,,,,,,,,,,,,,,,,,,,,,,,,,,,,,,,,,,,,,,,,,,,,,,,,,,,,,,,,,,,,,,,,,,,,,,,,,,,,,,,,"Corruption,0+(1*x*x),8",,,,,,,,,,,,,,,,,,,,,,,,,,,,,,,,,,,,,,,,,,,,,,,,,,,,,,,,,,,,,,,,,,,,#,,,,,,,,,,,,,,,,,,,,,,,,,,,,,,,,,,,,,,,,,,,,,,,,,,,,,,,,,,,,,,,,,,,,,,,,,,,,,,,,,,,,,,,,,,,,,,,,,,,,,,,,,,,,,,,
#,TrophySyndrome,ECONOMY,,sit_icons_TrophySyndrome,0,0.6,0.4,0,0+(1.0*x),0,0+(1.0*x),,,,,,,,,,,,,,,,,,,,,,,,,,,,,,,,,,,,,,,,,,,,,,,,,,,,,,,,,,,,,,,,,,,,,,,,,,,,,,,,,,,,,,,,,,,,"SelectiveSchooling,+0.1-(0.8*x*x*x),20","GenderDiscriminationAct,-0.075+(0.3*x*x),8","RaceDiscriminationAct,-0.075+(0.3*x*x),8",,,"UniversalBasicIncome,0.1+(0.9*x*x*x*x,8",,,,"Diversityquotasforcompanies,0.05+(0.3*x*x),8",,,,,,,,,,,,,,,,,,,,,,,,,,,,,,,,,,,,,,,,,,,,,,,,,,,,"MentalHealth,0.1-(0.4*x*x)*TrophySyndrome,16",#,,,,,,"Comp,-0.1-(0.2*x*x),30",,,,,"GenderTension,0+(0.2*x),20",,,,,,,,,,,,"Socialist_freq,0.4*x*x*x,30","Liberal_freq,-(0.4*x*x*x),30",,,,,,,,,,,,,,,,,,,,,,,,,,,,,,,,,,,,,,"BusinessConfidence,0-(0.2*x),20","Equality,-0.125-(0.3*x*x*x),30",,"EgalitarianSociety,-0.1-(0.6*x*x),8","Envy,0.1+(0.5*x),30",,,"GenderEquality,-0.125-(0.3*x*x*x),30",,,,,,,,,"SkillsShortage,0.05+(0.1*x*x),20",,,,,,,,,,,,,,,,,,,"RacialTension,0+(0.2*x),20",,,,,,,,,,,"WorkerProductivity,0-(0.2*x),20",,,"MentalHealth,-0.005-(0.05*x),30"
#,NewAge,ECONOMY,,icons_religiousbanknotes,0,0.6,0.4,0,0+(1.0*x),0,0+(1.0*x),"_default_,0.8",,,,,,,,,,,,,,,,,,,"SocialMediaAddiction,0+(0.5*x)",,,,,,,,,,,,,,,,,,,,,,,,"ConsumerRights,0-(0.1*x*x),8",,,,,,,"Culture,0.5-(1*x),16",,,,,,,,,,,,,,,,,,,,,,,,,,,,,,,,,,"Education,0.5-(1*x),30",,,,,"Religious,0-(1*x),30",,"Religious_perc,0-(1*x)","Complotism,0.1+(0.35*x*x*x),30","statereligion,-0.05-(0.4*x*x*x),4",,"Publicreligiousbroadcasts,0.1-(0.4*x*x*x),8",,,,,,,,,,,,,,,,,,,,,,,,,,,,,,,,,,,,,,,,,,,,,,,,,,,,,,,,,"MentalHealth,0.5-(1*x),16",#,,,,,,,,,,,,,,,,,,,,,,,,,,,,,,,,,,,,,,,,,,,,,,,,,,,,,,,,,"Corruption,0+(0.3*x)*religioustax,4","Corruption,0.1+(0.3*x*x*x),30",,"Health,0-(0.2*x*x*x),30","Charity,0-(0.1*x),4","Veganism,0+(0.5*x)*Liberal_perc,16","Veganism,0-(0.5*x)*Conservatives_perc,16",,,,,,,,,,,,,,,,,,,,,,,,,,,,,,,,,,,,,,,,,,,,,,,,"MentalHealth,-0.03-(0.30*x*x),30"
#,GreenWashing,ECONOMY,,sit_icons_weatherprediction,0,0.6,0.4,0,0+(1.0*x),0,0+(1.0*x),,,,,,,,,,,,,,,,,,,"GeneralMediaCensorship,-0.2-(1*x*x*x),30","SocialMediaAddiction,0+(0.15*x),4",,,,,,,,,,,,,,,,,,,,"DegrowthDoctrine,0+(0.5*x*x),16",,,"Polarization,0+(0.4*x*x*x*x),4","ConsumerRights,0-(0.4*x*x)",,"GreenElectronicsInitiative,0.1-(0.3*x*x),4",,,,,,,,,,,,,,,,,,,,,,,,,,,,,,,,,,,,,,,,,,,,"AverageTemperature,-0.1+(1.5-x)*x*x*2.2",,,"Paranoia,0+(1*x)*Environmentalist_perc","EnvironmentalProtests,0+(0.2*x),8","Environmentalist,0-(1*x),8","Environmentalist_perc,0+(1*x),8","Environmentalist_income,0+(1*x)","co2campaign,0.15-(0.3*x),8","FoodPrice,0.3-(0.6*x),4",,"BusinessConfidence,0.2-(0.4*x),4","Corruption,0+(0.4*x*x*x*x),4",,,,,,,"CompulsoryFoodLabelling,0.5-(1*x)","AntibioticsBan,-0.1+(0.2*x)","Recycling,0.1-(0.2*x),4","FoodStandards,0.05+(0.4*x*x)*Corruption,4",,,,"Environmentalist_income,0+(1*x),4",,,,,,,,,,,,,,,,,,,,,,,,,,,,,,,,,,,,,"MentalHealth,0.2-(0.8*x*x),16",#,"FoodPrice,0.05+(0.3*x*x),30","Veganism,0-(0.4*x*x*x)*FoodPrice",,,,,,,,,,,,,,,,,,,,,,,,,,,,,,,,,,"Farmers_income,0.05+(0.2*x*x)*FoodPrice,10",,,,,,"_HighIncome,0.05+(0.2*x*x)*FoodPrice,10",,"_MiddleIncome,-0.05-(0.2*x*x)*FoodPrice,12",,,,,,,,,,,,,,,,,"Education,0-(0.1*x),30","Fear,0+(0.1*x),30","Disgust,0+(0.1*x),30","Paranoia,0+(0.1*x),30","Obesity,0+(0.1*x),30",,"InternationalTrade,0-(0.2*x*x*x),16",,"ForeignRelations,0-(0.2*x*x*x),16",,"Health,0-(0.1*x),30","Technology,0-(0.1*x*x),30","FakeNews,0+(0.1*x*x),30","Environmentalist_freq,0+(0.1*x)*_neg_Education,30","Environmentalist_freq,0+(0.1*x)*_neg_Culture,30",,,,,,,,,,,,,,,,,,,,,,,,,,,,,,,,,,,,
#,WokeWashing,ECONOMY,,icons_diversityquotasforcompanies,0,0.6,0.4,0,0+(1.0*x),0,0+(1.0*x),"_default_,0.1",,,,,,,,,,,,,,,,,,"GeneralMediaCensorship,-0.2-(1*x*x*x),30","SocialMediaAddiction,0+(0.3*x*x),4",,,,,,,,,,,,,,,,,,,,,,,"Polarization,0+(0.4*x*x*x*x),4","ConsumerRights,0-(0.4*x*x)",,,,,,,,,,,,,,,,,,,,,,,,,,,,,,,,,,,,,,,,,,,,,,,,,"CGT,0+(1*x)*Capitalist_perc","CRT,0+(1*x)*Capitalist_perc","RIP,0+(1*x)*Capitalist_perc",,"Young_income,0+(1*x)","Liberal_income,0+(1*x)",,,"BusinessConfidence,0.2-(0.4*x),4","Corruption,0+(0.4*x*x*x*x),4",,,,,,,,,,,,,,,,,,,,,,,,,,,,,,,,,,,,,,,,,,,,,,,,,,,"MentalHealth,0.2-(0.8*x*x),16",#,,,,,,,,"Culture,0-(0.3*x*x*x),30",,,"GenderTension,0+(0.1*x),30",,,,,,,,,,,"Capitalist_income,0.05+(0.2*x*x)*Liberal_perc,10",,,,,,,,,,,,,,,,,,,,,,,,,,,,,,,,,,,,,,,,,,"Envy,0+(0.1*x),30",,,,,,,,,"FakeNews,0+(0.1*x*x),30",,,,,,,,,,,,,,,,,,,,,,,,"RacialTension,0+(0.1*x),30",,,,,,,,,,,,,,"MentalHealth,-0.005-(0.05*x),30"
#,DegrowthDoctrine,ECONOMY,,icons_onechildpolicy,0,0.6,0.4,0,0+(1.0*x),0,0+(1.0*x),"_default_,0.4",,,"Foodcrisis,0+(0.2*x)",,,,,,,,,,,,,,,"GeneralMediaCensorship,-0.2-(1*x*x*x),30",,,,,,,,,,,,,,,,,,,,,,"FakeNews,0+(0.1*x)",,,,,,,,,,,,,,,,,,,,,,,,,,,,,,,,,,,,,,,,,,"GlobalCO2,0+(1*x)","Young,0-(1*x)",,"Capitalist_perc,0-(1*x)","Education,0-(0.1*x*x*x*x)","Comp,0+(1*x*x*x*x)","Coop,0-(1*x*x*x*x)","AverageTemperature,-0.1+(1.5-x)*x*x*2.2",,"Religious_perc,0-(1*x)","Complotism,0+(0.2*x*x*x),8",,,,"Population,-0.2+(0.8*x*x)","EthnicMinorities_perc,0+(1*x*x)*Patriot_perc",,,"OneChildPolicy,-0.1-(0.8*x)",,,"Environment,-1+(0.5*1/x),8",,,,,,"GDP,0+(1*x*x*x*x)",,,,,,,,,,,,,,,,,,,,,,,,,,,,,,,,,,,,,,,,,,,"MentalHealth,0.1-(0.4*x*x),16",#,"Population,0-(0.3*x*x),30","_All_,0-(0.4*x*x*x*x),30",,,,,,,,,,,,,,,,,,,,,"Socialist_freq,0+(0.2*x),30",,,,,,,,,,,,,,,,,,,,,,,,,,,,,,,,,,,,"Stability,0-(0.2*x*x*x*x),30",,"Comp,0-(0.2*x),30",,,,,,"EnviromentalProtests,0+(0.6*x)",,,,,,,,,,,,,,,,,,,,,,,,,,,,,,,,,,,,,,,,,"WorkerProductivity,0-(0.6*x)*Environmentalist_perc",,,"MentalHealth,-0.01-(0.10*x),30"
#,QuietQuitting,ECONOMY,,icons_unemployment,0,0.6,0.4,0,0+(1.0*x),0,0+(1.0*x),,,,,,,,,,,,,,,,,,,,,,,,,,,,,,,,,,,,,,,,,,,,,,"TelecommutingInitiative,0.1+(0.2*x*x),8",,,,,,,,,,,,,,,,,,,,,,,,,,,,,,,,,,,,,,,,"real_MiddleIncome,0.5-(1*x),4",,,,,,"DegrowthDoctrine,0.1+(0.2*x),16","TrophySyndrome,0.1+(0.2*x),16","Education,0+(0.3*x)*PovertyRate,16","WorkSafetyLaw,0-(0.2*x*x*x)",,,,,,,,,,"Equality,0.4-(0.8*x),8",,,,,,,"GenerationalWealthGap,0+(0.1*x*x)",,,,,,"UniversalBasicIncome,-0.01-(0.6*x*x),4","UnemployedBenefit,-0.01-(0.4*x*x),4",,,,,,,,,,,,,,,,,,,,,,,,,,,,,,,,,,,#,,,,,,,,,,,,,,,,,,,,,,"Capitalist,0.1-(0.2*x*x),30",,,,,,,,,,,,,,,,,,,,,,,,,,,,,,,,,,,,"Unemployment,0+(0.3*x),30","SkillsShortage,0+(0.3*x),16",,,,,,,,,,,,,,,,,,,,,,,,,,,,,,,,,,,,,,,,,,,,,,,,,"WorkerProductivity,0-(0.2*x),16","WorkingWeek,0-(0.2*x),16",,
#,PlannedObsolescence,ECONOMY,,icons_greenelectronicsinitiative,0,0.6,0.4,0,0+(1.0*x),0,0+(1.0*x),"_default_,0.5",,,"GreenElectronicsInitiative,0-(0.3*x),8",,,,,,,,,,,,,,,,,,,,,,,,,,,,,,,,,,,,,,,,,,,,,"OilPrice,1-(2*x),8",,,,,,,,,,,,,,,,,,,,,,,,,,,,,,,,,,"RareEarthPrice,1-(2*x),8","EnergyEfficiency,-1+(2*x),8",,,,,,,,,,,,,,,,,,,,,,,,,,,,,,,,,,,,,,,,,,,,,,,,,,,,,,,,,,,,,,,,,,,,,,#,,,,,,,,,,,,,,,,,,,,,,,,,,,,,,,,,,,,,,,,,,,,,,,,,,,,,,,,,,,,,,,,,,,,,,,,,,,,,,,,,,,,,,,,,,,,,,,,,,,,,,,,,,,,,,,
#,CreatorEconomy,ECONOMY,,sit_icons_mediamonopoly,1,0.6,0.4,0,0+(1.0*x),0,0+(1.0*x),,,,"InternetTax,0-(0.4*x),4",,,,,,,,,,,,,,,,"SocialMediaAddiction,0+(0.4*x*x),8",,,,,,,,,,,,,,,,,,,,,,,,,,,"MediaMonopolies,0+(0.4*x),16",,,,,,,,,,,,,,,,,,,,,,,,,,,,,,,,,,,,"Technology,0+(0.2*x*x*x*x),4",,,"Technology,0+(0.2*x),4",,,"InternetSpeed,-0.5+(1*x),4",,,"LegaliseProstitution,0+(0.4*x*x*x),16",,,,,,,,,,,,,,,,,,,,,,,,,,,,,,,,,,,,,,,,,,,,,,,,,,,,,,,,,,,,,,#,"Young_income,0+(0.2*x*x),8","InternetCurrencyAdoption,0+(0.4*x*x),8","SelfEmployed_freq,0+(0.1*x*x),16",,,,,,,,,,,,,,,,,,,,,,,,"Young,0+(0.2*x*x),8",,,,,,,,,,,,,,,,,,,,,,,,,,,,,,,,,,,,,,,,,,,,,,,,,,,,,,,,,,,,,,,,,,,,,,,,,,,,,,,,,,,,
,,,,,,,,,,,,,,,,,,,,,,,,,,,,,,,,,,,,,,,,,,,,,,,,,,,,,,,,,,,,,,,,,,,,,,,,,,,,,,,,,,,,,,,,,,,,,,,,,,,,,,,,,,,,,,,,,,,,,,,,,,,,,,,,,,,,,,,,,,,,,,,,,,,,,,,,,,,,,,,,,,,,,,,,,,,,,,,,,,,,,,,,,,,,,,,,,,,,,,,,,,,,,,,,,,,,,,,,,,,,,,,,,,,,,,,,,,,,,,,,,,,,,,,,,,,,,,,,,,,,,,,,,,,,,,,,,,,,
,,,,,,,,,,,,,,,,,,,,,,,,,,,,,,,,,,,,,,,,,,,,,,,,,,,,,,,,,,,,,,,,,,,,,,,,,,,,,,,,,,,,,,,,,,,,,,,,,,,,,,,,,,,,,,,,,,,,,,,,,,,,,,,,,,,,,,,,,,,,,,,,,,,,,,,,,,,,,,,,,,,,,,,,,,,,,,,,,,,,,,,,,,,,,,,,,,,,,,,,,,,,,,,,,,,,,,,,,,,,,,,,,,,,,,,,,,,,,,,,,,,,,,,,,,,,,,,,,,,,,,,,,,,,,,,,,,,,
,IDEOLOGY MARKERS,,,,,,,,,,,,,,,,,,,,,,,,,,,,,,,,,,,,,,,,,,,,,,,,,,,,,,,,,,,,,,,,,,,,,,,,,,,,,,,,,,,,,,,,,,,,,,,,,,,,,,,,,,,,,,,,,,,,,,,,,,,,,,,,,,,,,,,,,,,,,,,,,,,,,,,,,,,,,,,,,,,,,,,,,,,,,,,,,,,,,,,,,,,,,,,,,,,,,,,,,,,,,,,,,,,,,,,,,,,,,,,,,,,,,,,,,,,,,,,,,,,,,,,,,,,,,,,,,,,,,,,,,,,,,,,,,,,
#,Individualism_id,NOICON,,icons_competitionlaw,0,0.6,0.4,0,0+(1.0*x),0,0+(1.0*x),"Collectivism_id,0-(2*x),30",,"Polarization,0+(0.5*x)*Individualism_id,16",,,,,,,,,,,,,,,,,,,,,,,,,,,,,,,,,,,,,,,,,,,,"Individualism,0+(1*x)","Collectivism,0-(1*x)",,,,,,,,,,,,,,,,,,,,,,,,,,,,,,,,,,,,,,,,,,,"StateSchools,0+(0.3*x*x)*Individualism_id,30","ArtsSubsidies,0+(0.3*x*x)*Individualism_id,30","StateBroadcaster,0+(0.3*x*x)*Individualism_id,30",,,,,,,,,,,,,,,,,,,,,,,,,,,,,,,,,,,,,,,,,,,,,,,,,,,,,,,,,,,,,#,"TrackerIdeology,0+(1*x)","Pragmatism,0-(0.5*x),16","Ideologism,0+(0.15*x),16",,,,,,,,,,,,,,,,,,,,,,,,,,,,,,,,,,,,,,,,,,,,,,,,,,,,,"ExtremeNationalism,0+(0.1*x),16",,,,"LocalCommunities,0-(0.6*x),16","Charity,0-(0.2*x*x),16",,,,"TaxEvasion,0.1+(0.2*x),16","StayAtHomeParents,0-(0.5*x),16","ClassWarfare,0-(0.4*x),16","GDP,0+(0.2*x),16",,,"VigilanteMobs,0-(0.4*x),16",,,,,,,,,,,,,,,,,,,,,,,,,,,,,,"QuietQuitting,0+(0.1*x),16","LuxuryBeliefs,0+(1*x),16","Absenteeism,0+(0.1*x),16",,,,,"CreatorEconomy,0+(0.1*x),16",,,
#,Collectivism_id,NOICON,,sit_icon_egalitariansociety,0,0.6,0.4,0,0+(1.0*x),0,0+(1.0*x),"Individualism_id,0-(2*x),30",,"Polarization,0+(0.5*x)*Collectivism_id,16",,,,,,,,,,,,,,,,,,,,,,,,,,,,,,,,,,,,,,,,,,,,"Collectivism,0+(1*x)","Individualism,0-(1*x)",,,,,,,,,,,,,,,,,,,,,,,,,,,,,,,,,,,,,,,,,,,"StateSchools,0+(0.3*x*x)*Collectivism_id,30","ArtsSubsidies,0+(0.3*x*x)*Collectivism_id,30","StateBroadcaster,0+(0.3*x*x)*Collectivism_id,30",,,,,,,,,,,,,,,,,,,,,,,,,,,,,,,,,,,,,,,,,,,,,,,,,,,,,,,,,,,,,#,"TrackerIdeology,0+(1*x)","Pragmatism,0-(0.5*x),16","Ideologism,0+(0.15*x),16",,,,,,,,,,,,,,,,,,,,,,,,,,,,,,,,,,,,,,,,,,,,,,,,,,,,,"ExtremeNationalism,0+(0.1*x),16",,,,"WorkerProductivity,0-(0.2*x),16","WorkingWeek,0-(0.2*x),16","Wages,0-(0.1*x),16",,,,"SingleParents,0-(0.5*x),16","ClassWarfare,0+(0.4*x),16","GDP,0-(0.2*x),16","SkillsShortage,0+(0.4*x),16","Uncompetitive Economy,0+(0.4*x*x),16","HighProductivity,0-(0.4*x),16",,,,,,,,,,,,,,,,,"RIP,0+(0.2*x),16","CRT,0+(0.2*x),16","CGT,0+(0.2*x),16","TrophySyndrome,0+(0.1*x),16",,,,,,,,,,,,,,,,,,,,
#,Relativism_id,NOICON,,icons_tobaccotax,0,0.6,0.4,0,0+(1.0*x),0,0+(1.0*x),"Moralism_id,0-(2*x),30",,"Polarization,0+(0.5*x)*Relativism_id,16",,,,,,,,,,,,,,,,,,,,,,,,,,,,,,,,,,,,,,,,,,,,"Relativism,0+(1*x)","Moralism,0-(1*x)",,,,,,,,,,,,,,,,,,,,,,,,,,,,,,,,,,,,,,,,,,,"StateSchools,0+(0.3*x*x)*Relativism_id,30","ArtsSubsidies,0+(0.3*x*x)*Relativism_id,30","StateBroadcaster,0+(0.3*x*x)*Relativism_id,30",,,,,,,,,,,,,,,,,,,,,,,,,,,,,,,,,,,,,,,,,,,,,,,,,,,,,,,,,,,,,#,"TrackerIdeology,0+(1*x)","Pragmatism,0-(0.5*x),16","Ideologism,0+(0.15*x),16",,,,,,,,,,,,,,,,,,,,,,,,,,,,,,,,,,,,,,,,,,,,,,,,,,,,,"ExtremeNationalism,0-(0.1*x),16",,,,,,,"Charity,0-(0.2*x),16",,,,"ClassWarfare,0-(0.4*x),16",,,,"GeneralStrike,0-(0.4*x),16","TeachersStrike,0-(0.4*x),16","DoctorsStrike,0-(0.4*x),16","RailStrike,0-(0.4*x),16",,"RaceRiots,0-(0.4*x),16",,"LudditeRiots,0-(0.4*x),16","EnvironmentalProtests,0-(0.4*x),16","FoodBanks,0-(0.4*x),16",,,,,,,,,"CRT,0+(0.2*x),16","CGT,0+(0.2*x),16","TrophySyndrome,0+(0.1*x),16","FatAcceptance,0+(0.1*x),16",,,"DegrowthDoctrine,0+(0.2*x)*Environmentalist_perc,16",,,,"PSAFatigue,0+(0.1*x),16",,"QuietQuitting,0+(0.1*x),16","LuxuryBeliefs,0+(1*x),16","Absenteeism,0+(0.1*x),16","PlannedObsolescence,0+(0.1*x),16","HookupCulture,0+(0.1*x),16",,,,,,
#,Moralism_id,NOICON,,speech,0,0.6,0.4,0,0+(1.0*x),0,0+(1.0*x),"Relativism_id,0-(2*x),30",,"Polarization,0+(0.5*x)*Moralism_id,16",,,,,,,,,,,,,,,,,,,,,,,,,,,,,,,,,,,,,,,,,,,,"Moralism,0+(1*x)","Relativism,0-(1*x)",,,,,,,,,,,,,,,,,,,,,,,,,,,,,,,,,,,,,,,,,,,"StateSchools,0+(0.3*x*x)*Moralism_id,30","ArtsSubsidies,0+(0.3*x*x)*Moralism_id,30","StateBroadcaster,0+(0.3*x*x)*Moralism_id,30",,,,,,,,,,,,,,,,,,,,,,,,,,,,,,,,,,,,,,,,,,,,,,,,,,,,,,,,,,,,,#,"TrackerIdeology,0+(1*x)","Pragmatism,0-(0.5*x),16","Ideologism,0+(0.15*x),16",,,,,,,,,,,,,,,,,,,,,,,,,,,,,,,,,,,,,,,,,,,,,,,,,,,,,,,,,,,,"Charity,0+(0.2*x),16",,,,,,,,,,,,,,,,,,,,,,,,,,"CRT,0+(0.2*x),16","CGT,0+(0.2*x),16",,,"GreenWashing,0+(0.6*x),16","WokeWashing,0+(0.6*x),16",,,,,"PSAFatigue,0-(0.1*x),16",,,,,,,"Fundamentalism,0+(0.1*x),16","AbortionObjectors,0+(0.1*x)*AbortionLaw,16",,,,
#,Hedonism_id,NOICON,,sit_icons_obesity,0,0.6,0.4,0,0+(1.0*x),0,0+(1.0*x),"Prohibitionism_id,0-(2*x),30",,"Polarization,0+(0.5*x)*Hedonism_id,16",,,,,,,,,,,,,,,,,,,,,,,,,,,,,,,,,,,,,,,,,,,,"Hedonism,0+(1*x)","Prohibitionism,0-(1*x)",,,,,,,,,,,,,,,,,,,,,,,,,,,,,,,,,,,,,,,,,,,"StateSchools,0+(0.3*x*x)*Hedonism_id,30","ArtsSubsidies,0+(0.3*x*x)*Hedonism_id,30","StateBroadcaster,0+(0.3*x*x)*Hedonism_id,30",,,,,,,,,,,,,,,,,,,,,,,,,,,,,,,,,,,,,,,,,,,,,,,,,,,,,,,,,,,,,#,"TrackerIdeology,0+(1*x)","Pragmatism,0-(0.5*x),16","Ideologism,0+(0.15*x),16",,,,,,,,,,,,,,,,,,,,,,,,,,,,,,,,,,,,,,,,,,,,,,,,,,,,,"DrugAddiction,0+(0.5*x),16",,"SocialMediaAddiction,0+(0.5*x),16",,,"Veganism,0-(0.3*x),16","Tourism,0+(0.2*x),16","Charity,0-(0.2*x),16",,,,,"GDP,0+(0.2*x),16",,,,,,,,,,,,,,,,,,,,,,"CGT,0+(0.2*x),16",,"FatAcceptance,0+(0.1*x),16",,,,,,,,,"QuietQuitting,0+(0.1*x),16","LuxuryBeliefs,0+(1*x),16","Absenteeism,0+(0.1*x),16","PlannedObsolescence,0+(0.1*x),16","HookupCulture,0+(0.1*x),16",,,,,,
#,Prohibitionism_id,NOICON,,icons_end,0,0.6,0.4,0,0+(1.0*x),0,0+(1.0*x),"Hedonism_id,0-(2*x),30",,"Polarization,0+(0.5*x)*Prohibitionism_id,16",,,,,,,,,,,,,,,,,,,,,,,,,,,,,,,,,,,,,,,,,,,,"Prohibitionism,0+(1*x)","Hedonism,0-(1*x)",,,,,,,,,,,,,,,,,,,,,,,,,,,,,,,,,,,,,,,,,,,"StateSchools,0+(0.3*x*x)*Prohibitionism_id,30","ArtsSubsidies,0+(0.3*x*x)*Prohibitionism_id,30","StateBroadcaster,0+(0.3*x*x)*Prohibitionism_id,30",,,,,,,,,,,,,,,,,,,,,,,,,,,,,,,,,,,,,,,,,,,,,,,,,,,,,,,,,,,,,#,"TrackerIdeology,0+(1*x)","Pragmatism,0-(0.5*x),16","Ideologism,0+(0.15*x),16",,,,,,,,,,,,,,,,,,,,,,,,,,,,,,,,,,,,,,,,,,,,,,,,,,,,,,,,,,,,,,,,,"GDP,0-(0.2*x),16",,,,,,,,,,,,,,,,,,,,,,,,,"GreenWashing,0+(0.4*x),16",,"DegrowthDoctrine,0+(1*x)*Environmentalist_perc,16",,,,,,,,,,,,,,,,
#,Objectivism_id,NOICON,,icons_sciencefunding,0,0.6,0.4,0,0+(1.0*x),0,0+(1.0*x),"Subjectivism_id,0-(2*x),30",,"Polarization,0+(0.5*x)*Objectivism_id,16",,,,,,,,,,,,,,,,,,,,,,,,,,,,,,,,,,,,,,,,,,,,"Objectivism,0+(1*x)","Subjectivism,0-(1*x)",,,,,,,,,,,,,,,,,,,,,,,,,,,,,,,,,,,,,,,,,,,"StateSchools,0+(0.3*x*x)*Objectivism_id,30","ArtsSubsidies,0+(0.3*x*x)*Objectivism_id,30","StateBroadcaster,0+(0.3*x*x)*Objectivism_id,30",,,,,,,,,,,,,,,,,,,,,,,,,,,,,,,,,,,,,,,,,,,,,,,,,,,,,,,,,,,,,#,"TrackerIdeology,0+(1*x)","Pragmatism,0-(0.5*x),16","Ideologism,0+(0.15*x),16",,,,,,,,,,,,,,,,,,,,,,,,,,,,,,,,,,,,,,,,,,,,,,,,,,,"IndustrialAutomation,0+(0.2*x),16",,"LocalCommunities,0-(0.2*x),16","AlcoholConsumption,0-(0.2*x),16","LegalDrugConsumption,0-(0.2*x),16","TobaccoUse,0-(0.2*x),16",,,,,,,,,,,"DroneProtests,0-(0.2*x),16",,"EnvironmentalProtests,0-(0.2*x),16",,"EmergencyPowers,0-(0.2*x),16","FakeNews,0-(0.2*x),16",,,"LudditeRiots,0-(0.2*x),16",,,,,,,,,,,,,,,,,,,"Complotism,0-(0.4*x),16","NewAge,0-(0.4*x),16",,,,,,,,,,,,,
#,Subjectivism_id,NOICON,,icons_religiousbanknotes,0,0.6,0.4,0,0+(1.0*x),0,0+(1.0*x),"Objectivism_id,0-(2*x),30",,"Polarization,0+(0.5*x)*Subjectivism_id,16",,,,,,,,,,,,,,,,,,,,,,,,,,,,,,,,,,,,,,,,,,,,"Subjectivism,0+(1*x)","Objectivism,0-(1*x)",,,,,,,,,,,,,,,,,,,,,,,,,,,,,,,,,,,,,,,,,,,"StateSchools,0+(0.3*x*x)*Subjectivism_id,30","ArtsSubsidies,0+(0.3*x*x)*Subjectivism_id,30","StateBroadcaster,0+(0.3*x*x)*Subjectivism_id,30",,,,,,,,,,,,,,,,,,,,,,,,,,,,,,,,,,,,,,,,,,,,,,,,,,,,,,,,,,,,,#,"TrackerIdeology,0+(1*x)","Pragmatism,0-(0.5*x),16","Ideologism,0+(0.15*x),16",,,,,,,,,,,,,,,,,,,,,,,,,,,,,,,,,,,,,,,,,,,,,,,,,,,,,,,"GeneralStrike,0+(0.2*x),16","InnerCityRiots,0+(0.2*x),16","StreetGangs,0+(0.2*x),16","VigilanteMobs,0+(0.2*x),16",,"TeachersStrike,0+(0.2*x),16","DoctorsStrike,0+(0.2*x),16","PetrolProtests,0+(0.2*x),16","RailStrike,0+(0.2*x),16","ClassWarfare,0+(0.2*x),16",,"ArmedReligiousCommunities,0+(0.2*x),16","DroneProtests,0+(0.2*x),16",,"EnvironmentalProtests,0+(0.2*x),16",,"EmergencyPowers,0+(0.2*x),16","FakeNews,0+(0.2*x),16",,,"LudditeRiots,0+(0.2*x),16",,,"RaceRiots,0+(0.2*x),16",,,,,,,"RIP,0+(0.2*x),16","CRT,0+(0.2*x),16","CGT,0+(0.2*x),16","TrophySyndrome,0+(0.1*x),16","FatAcceptance,0+(0.1*x),16","GreenWashing,0+(0.4*x),16","WokeWashing,0+(0.4*x),16",,FunctionalIlliteracy,,"NewAge,0+(1*x),16",,,,"LuxuryBeliefs,0+(1*x),16	",,,,"Fundamentalism,0+(0.1*x),16","AbortionObjectors,0+(0.1*x)*AbortionLaw,16",,,,
#,Anarchism_id,NOICON,,icons_violentcrimerate,0,0.6,0.4,0,0+(1.0*x),0,0+(1.0*x),"Authoritarianism_id,0-(2*x),30",,"Polarization,0+(0.5*x)*Anarchism_id,16",,,,,,,,,,,,,,,,,,,,,,,,,,,,,,,,,,,,,,,,,,,,"Anarchism,0+(1*x)","Authoritarianism,0-(1*x)",,,,,,,,,,,,,,,,,,,,,,,,,,,,,,,,,,,,,,,,,,,"StateSchools,0+(0.3*x*x)*Anarchism_id,30","ArtsSubsidies,0+(0.3*x*x)*Anarchism_id,30","StateBroadcaster,0+(0.3*x*x)*Anarchism_id,30",,,,,,,,,,,,,,,,,,,,,,,,,,,,,,,,,,,,,,,,,,,,,,,,,,,,,,,,,,,,,#,"TrackerIdeology,0+(1*x)","Pragmatism,0-(0.5*x),16","Ideologism,0+(0.15*x),16",,,,,,,,,,,,,,,,,,,,,,,,,,,,,,,,,,,,,,,,,,,,,,,,,,,,,"ExtremeNationalism,0-(0.4*x),16",,,,,,"Tourism,0-(0.2*x),16",,,,,,,,,,,,,,,,,,,,,,,,,,,"CRT,0+(0.4*x),16","CGT,0+(0.4*x),16	",,,,,,,,,,,"QuietQuitting,0+(0.1*x),16",,"Absenteeism,0+(0.1*x),16",,,,,,,,
#,Authoritarianism_id,NOICON,,icons_policeforce,0,0.6,0.4,0,0+(1.0*x),0,0+(1.0*x),"Anarchism_id,0-(2*x),30",,"Polarization,0+(0.5*x)*Authoritarianism_id,16",,,,,,,,,,,,,,,,,,,,,,,,,,,,,,,,,,,,,,,,,,,,"Authoritarianism,0+(1*x)","Anarchism,0-(1*x)",,,,,,,,,,,,,,,,,,,,,,,,,,,,,,,,,,,,,,,,,,,"StateSchools,0+(0.3*x*x)*Authoritarianism_id,30","ArtsSubsidies,0+(0.3*x*x)*Authoritarianism_id,30","StateBroadcaster,0+(0.3*x*x)*Authoritarianism_id,30",,,,,,,,,,,,,,,,,,,,,,,,,,,,,,,,,,,,,,,,,,,,,,,,,,,,,,,,,,,,,#,"TrackerIdeology,0+(1*x)","Pragmatism,0-(0.5*x),16","Ideologism,0+(0.15*x),16",,,,,,,,,,,,,,,,,,,,,,,,,,,,,,,,,,,,,,,,,,,,,,,,,,,,,"ExtremeNationalism,0+(0.4*x),16",,,,,,"Tourism,0-(0.2*x),16",,,,,,,,,,,,,,,,,,,,,,,,,,,,,,,,,,,,,,,,,,,,"Fundamentalism,0+(0.1*x),16",,,,,
#,Isolationism_id,NOICON,,icons_borderwall,0,0.6,0.4,0,0+(1.0*x),0,0+(1.0*x),"Globalism_id,0-(2*x),30",,"Polarization,0+(0.5*x)*Isolationism_id,16",,,,,,,,,,,,,,,,,,,,,,,,,,,,,,,,,,,,,,,,,,,,"Isolationism,0+(1*x)","Globalism,0-(1*x)",,,,,,,,,,,,,,,,,,,,,,,,,,,,,,,,,,,,,,,,,,,"StateSchools,0+(0.3*x*x)*Isolationism_id,30","ArtsSubsidies,0+(0.3*x*x)*Isolationism_id,30","StateBroadcaster,0+(0.3*x*x)*Isolationism_id,30",,,,,,,,,,,,,,,,,,,,,,,,,,,,,,,,,,,,,,,,,,,,,,,,,,,,,,,,,,,,,#,"TrackerIdeology,0+(1*x)","Pragmatism,0-(0.5*x),16","Ideologism,0+(0.15*x),16",,,,,,,,,,,,,,,,,,,,,,,,,,,,,,,,,,,,,,,,,,,,,,,,,,,,,,,,,,,,,,,,,,,,,,,,,,,,,,,,,,,,,,,,,,,,,,,,,,,,,,,,,,,,
#,Globalism_id,NOICON,,icons_internationaltrade,0,0.6,0.4,0,0+(1.0*x),0,0+(1.0*x),"Isolationism_id,0-(2*x),30",,"Polarization,0+(0.5*x)*Globalism_id,16",,,,,,,,,,,,,,,,,,,,,,,,,,,,,,,,,,,,,,,,,,,,"Globalism,0+(1*x)","Isolationism,0-(1*x)",,,,,,,,,,,,,,,,,,,,,,,,,,,,,,,,,,,,,,,,,,,"StateSchools,0+(0.3*x*x)*Globalism_id,30","ArtsSubsidies,0+(0.3*x*x)*Globalism_id,30","StateBroadcaster,0+(0.3*x*x)*Globalism_id,30",,,,,,,,,,,,,,,,,,,,,,,,,,,,,,,,,,,,,,,,,,,,,,,,,,,,,,,,,,,,,#,"TrackerIdeology,0+(1*x)","Pragmatism,0-(0.5*x),16","Ideologism,0+(0.15*x),16",,,,,,,,,,,,,,,,,,,,,,,,,,,,,,,,,,,,,,,,,,,,,,,,,,,,,,,,,,,,,,,,,,,,,,,,,,,,,,,,,,,,,,,,,,,,,,,,,,,,,,,,,"CreatorEconomy,0+(0.1*x),16",,,
#,Militarism_id,NOICON,,icons_militaryspending,0,0.6,0.4,0,0+(1.0*x),0,0+(1.0*x),"Pacifism_id,0-(2*x),30",,"Polarization,0+(0.5*x)*Militarism_id,16",,,,,,,,,,,,,,,,,,,,,,,,,,,,,,,,,,,,,,,,,,,,"Militarism,0+(1*x)","Pacifism,0-(1*x)",,,,,,,,,,,,,,,,,,,,,,,,,,,,,,,,,,,,,,,,,,,"StateSchools,0+(0.3*x*x)*Militarism_id,30","ArtsSubsidies,0+(0.3*x*x)*Militarism_id,30","StateBroadcaster,0+(0.3*x*x)*Militarism_id,30",,,,,,,,,,,,,,,,,,,,,,,,,,,,,,,,,,,,,,,,,,,,,,,,,,,,,,,,,,,,,#,"TrackerIdeology,0+(1*x)","Pragmatism,0-(0.5*x),16","Ideologism,0+(0.15*x),16",,,,,,,,,,,,,,,,,,,,,,,,,,,,,,,,,,,,,,,,,,,,,,,,,,,,,,,,,,,,,,,,,,,,,,,,,,,,,,,,,,,,,,,,,,,,,,,,,,,,,,,,,,,,
#,Pacifism_id,NOICON,,icons_foreignrelations,0,0.6,0.4,0,0+(1.0*x),0,0+(1.0*x),"Militarism_id,0-(2*x),30",,"Polarization,0+(0.5*x)*Pacifism_id,16",,,,,,,,,,,,,,,,,,,,,,,,,,,,,,,,,,,,,,,,,,,,"Pacifism,0+(1*x)","Militarism,0-(1*x)",,,,,,,,,,,,,,,,,,,,,,,,,,,,,,,,,,,,,,,,,,,"StateSchools,0+(0.3*x*x)*Pacifism_id,30","ArtsSubsidies,0+(0.3*x*x)*Pacifism_id,30","StateBroadcaster,0+(0.3*x*x)*Pacifism_id,30",,,,,,,,,,,,,,,,,,,,,,,,,,,,,,,,,,,,,,,,,,,,,,,,,,,,,,,,,,,,,#,"TrackerIdeology,0+(1*x)","Pragmatism,0-(0.5*x),16","Ideologism,0+(0.15*x),16",,,,,,,,,,,,,,,,,,,,,,,,,,,,,,,,,,,,,,,,,,,,,,,,,,,,,,,,,,,,,,,,,,,,,,,,,,,,,,,,,,,,,,,,,,,,,,,,,,,,,,,,,,,,
,,,,,,,,,,,,,,,,,,,,,,,,,,,,,,,,,,,,,,,,,,,,,,,,,,,,,,,,,,,,,,,,,,,,,,,,,,,,,,,,,,,,,,,,,,,,,,,,,,,,,,,,,,,,,,,,,,,,,,,,,,,,,,,,,,,,,,,,,,,,,,,,,,,,,,,,,,,,,,,,,,,,,,,,,,,,,,,,,,,,,,,,,,,,,,,,,,,,,,,,,,,,,,,,,,,,,,,,,,,,,,,,,,,,,,,,,,,,,,,,,,,,,,,,,,,,,,,,,,,,,,,,,,,,,,,,,,,,
,COUNTERCULTURE MARKERS,,,,,,,,,,,,,,Education Pushback,Culture Pushback,MentalHealth Pushback,,,,Young_perc,YouthPoliticsCouncil,YouthClubSubsidies,,,,,,,,,,,,,,,,,,,,,,,,,,,,,,,,,,,,,,,,,,,,,,,,,,,,,,,,,,,,,,,,,,,,,,,,,,,,,,,,,,,,,,,,,,,,,,,,,,,,,,,,,,,,,,,,,,,,,,,,,,,,,,,,,,,,,,,,,,,,,,,,,,,,,,,,,,,,,,,,,,,,,,,,,,,,,,,,,,,,,,,,,,,,,,,,,,,,,,,,,,,,,,,,,,,,,,,,,,,,,,,,,,,,,,,,,,,,,,,,,,,,,,,,,,,,,
#,Individualism_cc,NOICON,,icons_competitionlaw,1,0.2,0.1,0,0+(1.0*x),0,0+(1.0*x),"_prereq_,Collectivism_id","bansocialmedia,0-(0.4*x),8","Polarization,0+(1*x)*Collectivism_id,16","Education,0+(0.3*x),8","Culture,0+(0.3*x),8","MentalHealth,0+(0.3*x),8","LuxuryBeliefs,0+(0.4*x)*MiddleIncome_perc,30","LuxuryBeliefs,0+(0.8*x)*Wealthy_perc,30",,"Young_perc,0+(0.5*x)*Collectivism_id,8","YouthPoliticsCouncil,0.01+(0.04*x)*Collectivism_id,8","YouthClubSubsidies,0.05+(0.1*x)*Collectivism_id,8","LocalCommunities,0.05+(0.1*x)*Collectivism_id,8",,,,,,,,,,,,,,,,,,,,,,,,,,,,,,,,,,,,,,,,,,,,,,,,,,,,,,,,,,,,,,,,,"Patriot_perc,0-(0.5*x)",,,,,,,,,,,,,,,,,,,,,,,,,,,,,,,,,,,,,,,,,,,,,,,,,,,,,,,,,,,,,,,,,,,,,,,,,,,,#,"TrackerIdeology,0+(1*x)","Pragmatism,0-(0.1*x),16","Ideologism,0+(0.1*x),16",,,,,,,,,,,,,,,,,,,,,,,,,,,,,,,,,,,,,,,,,,,,,,,,,,,,,"ExtremeNationalism,0+(0.1*x),16",,,,"LocalCommunities,0-(0.6*x),16","Charity,0-(0.2*x*x),16",,,,"TaxEvasion,0.1+(0.2*x),16","StayAtHomeParents,0-(0.5*x),16","ClassWarfare,0-(0.4*x),16","GDP,0+(0.2*x),16",,,"VigilanteMobs,0-(0.4*x),16",,,,,,,,,,,,,,,,,,,,,,,,,,,,,,"QuietQuitting,0+(0.1*x),16","LuxuryBeliefs,0+(1*x),16","Absenteeism,0+(0.1*x),16",,,,,"CreatorEconomy,0+(0.1*x),16",,,
#,Collectivism_cc,NOICON,,sit_icon_egalitariansociety,1,0.2,0.1,0,0+(1.0*x),0,0+(1.0*x),"_prereq_,Individualism_id","bansocialmedia,0-(0.4*x),8","Polarization,0+(1*x)*Individualism_id,16","Education,0+(0.3*x),8","Culture,0+(0.3*x),8","MentalHealth,0+(0.3*x),8","LuxuryBeliefs,0+(0.4*x)*MiddleIncome_perc,30","LuxuryBeliefs,0+(0.8*x)*Wealthy_perc,30",,"Young_perc,0+(0.5*x)*Individualism_id,8","YouthPoliticsCouncil,0.01+(0.04*x)*Individualism_id,8","YouthClubSubsidies,0.05+(0.1*x)*Individualism_id,8","LocalCommunities,0.05+(0.1*x)*Individualism_id,8",,,,,,,,,,,,,,,,,,,,,,,,,,,,,,,,,,,,,,,,,,,,,,,,,,,,,,,,,,,,,,,,,"Patriot_perc,0-(0.5*x)",,,,,,,,,,,,,,,,,,,,,,,,,,,,,,,,,,,,,,,,,,,,,,,,,,,,,,,,,,,,,,,,,,,,,,,,,,,,#,"TrackerIdeology,0+(1*x)","Pragmatism,0-(0.1*x),16","Ideologism,0+(0.1*x),16",,,,,,,,,,,,,,,,,,,,,,,,,,,,,,,,,,,,,,,,,,,,,,,,,,,,,"ExtremeNationalism,0+(0.1*x),16",,,,"WorkerProductivity,0-(0.2*x),16","WorkingWeek,0-(0.2*x),16","Wages,0-(0.1*x),16",,,,"SingleParents,0-(0.5*x),16","ClassWarfare,0+(0.4*x),16","GDP,0-(0.2*x),16","SkillsShortage,0+(0.4*x),16","Uncompetitive Economy,0+(0.4*x*x),16","HighProductivity,0-(0.4*x),16",,,,,,,,,,,,,,,,,"RIP,0+(0.2*x),16","CRT,0+(0.2*x),16","CGT,0+(0.2*x),16","TrophySyndrome,0+(0.1*x),16",,,,,,,,,,,,,,,,,,,,
#,Relativism_cc,NOICON,,icons_tobaccotax,1,0.2,0.1,0,0+(1.0*x),0,0+(1.0*x),"_prereq_,Moralism_id","bansocialmedia,0-(0.4*x),8","Polarization,0+(1*x)*Moralism_id,16","Education,0+(0.3*x),8","Culture,0+(0.3*x),8","MentalHealth,0+(0.3*x),8","LuxuryBeliefs,0+(0.4*x)*MiddleIncome_perc,30","LuxuryBeliefs,0+(0.8*x)*Wealthy_perc,30",,"Young_perc,0+(0.5*x)*Moralism_id,8","YouthPoliticsCouncil,0.01+(0.04*x)*Moralism_id,8","YouthClubSubsidies,0.05+(0.1*x)*Moralism_id,8","LocalCommunities,0.05+(0.1*x)*Moralism_id,8",,,,,,,,,,,,,,,,,,,,,,,,,,,,,,,,,,,,,,,,,,,,,,,,,,,,,,,,,,,,,,,,,"Patriot_perc,0-(0.5*x)",,,,,,,,,,,,,,,,,,,,,,,,,,,,,,,,,,,,,,,,,,,,,,,,,,,,,,,,,,,,,,,,,,,,,,,,,,,,#,"TrackerIdeology,0+(1*x)","Pragmatism,0-(0.1*x),16","Ideologism,0+(0.1*x),16",,,,,,,,,,,,,,,,,,,,,,,,,,,,,,,,,,,,,,,,,,,,,,,,,,,,,"ExtremeNationalism,0-(0.1*x),16",,,,,,,"Charity,0-(0.2*x),16",,,,"ClassWarfare,0-(0.4*x),16",,,,"GeneralStrike,0-(0.4*x),16","TeachersStrike,0-(0.4*x),16","DoctorsStrike,0-(0.4*x),16","RailStrike,0-(0.4*x),16",,"RaceRiots,0-(0.4*x),16",,"LudditeRiots,0-(0.4*x),16","EnvironmentalProtests,0-(0.4*x),16","FoodBanks,0-(0.4*x),16",,,,,,,,,"CRT,0+(0.2*x),16","CGT,0+(0.2*x),16","TrophySyndrome,0+(0.1*x),16","FatAcceptance,0+(0.1*x),16",,,"DegrowthDoctrine,0+(0.2*x)*Environmentalist_perc,16",,,,"PSAFatigue,0+(0.1*x),16",,"QuietQuitting,0+(0.1*x),16","LuxuryBeliefs,0+(1*x),16","Absenteeism,0+(0.1*x),16","PlannedObsolescence,0+(0.1*x),16","HookupCulture,0+(0.1*x),16",,,,,,
#,Moralism_cc,NOICON,,speech,1,0.2,0.1,0,0+(1.0*x),0,0+(1.0*x),"_prereq_,Relativism_id","bansocialmedia,0-(0.4*x),8","Polarization,0+(1*x)*Relativism_id,16","Education,0+(0.3*x),8","Culture,0+(0.3*x),8","MentalHealth,0+(0.3*x),8","LuxuryBeliefs,0+(0.4*x)*MiddleIncome_perc,30","LuxuryBeliefs,0+(0.8*x)*Wealthy_perc,30",,"Young_perc,0+(0.5*x)*Relativism_id,8","YouthPoliticsCouncil,0.01+(0.04*x)*Relativism_id,8","YouthClubSubsidies,0.05+(0.1*x)*Relativism_id,8","LocalCommunities,0.05+(0.1*x)*Relativism_id,8",,,,,,,,,,,,,,,,,,,,,,,,,,,,,,,,,,,,,,,,,,,,,,,,,,,,,,,,,,,,,,,,,"Patriot_perc,0-(0.5*x)",,,,,,,,,,,,,,,,,,,,,,,,,,,,,,,,,,,,,,,,,,,,,,,,,,,,,,,,,,,,,,,,,,,,,,,,,,,,#,"TrackerIdeology,0+(1*x)","Pragmatism,0-(0.1*x),16","Ideologism,0+(0.1*x),16",,,,,,,,,,,,,,,,,,,,,,,,,,,,,,,,,,,,,,,,,,,,,,,,,,,,,,,,,,,,"Charity,0+(0.2*x),16",,,,,,,,,,,,,,,,,,,,,,,,,,"CRT,0+(0.2*x),16","CGT,0+(0.2*x),16",,,"GreenWashing,0+(0.6*x),16","WokeWashing,0+(0.6*x),16",,,,,"PSAFatigue,0-(0.1*x),16",,,,,,,"Fundamentalism,0+(0.1*x),16","AbortionObjectors,0+(0.1*x)*AbortionLaw,16",,,,
#,Hedonism_cc,NOICON,,sit_icons_obesity,1,0.2,0.1,0,0+(1.0*x),0,0+(1.0*x),"_prereq_,Prohibitionism_id","bansocialmedia,0-(0.4*x),8","Polarization,0+(1*x)*Prohibitionism_id,16","Education,0+(0.3*x),8","Culture,0+(0.3*x),8","MentalHealth,0+(0.3*x),8","LuxuryBeliefs,0+(0.4*x)*MiddleIncome_perc,30","LuxuryBeliefs,0+(0.8*x)*Wealthy_perc,30",,"Young_perc,0+(0.5*x)*Prohibitionism_id,8","YouthPoliticsCouncil,0.01+(0.04*x)*Prohibitionism_id,8","YouthClubSubsidies,0.05+(0.1*x)*Prohibitionism_id,8","LocalCommunities,0.05+(0.1*x)*Prohibitionism_id,8",,,,,,,,,,,,,,,,,,,,,,,,,,,,,,,,,,,,,,,,,,,,,,,,,,,,,,,,,,,,,,,,,"Patriot_perc,0-(0.5*x)",,,,,,,,,,,,,,,,,,,,,,,,,,,,,,,,,,,,,,,,,,,,,,,,,,,,,,,,,,,,,,,,,,,,,,,,,,,,#,"TrackerIdeology,0+(1*x)","Pragmatism,0-(0.1*x),16","Ideologism,0+(0.1*x),16",,,,,,,,,,,,,,,,,,,,,,,,,,,,,,,,,,,,,,,,,,,,,,,,,,,,,"DrugAddiction,0+(0.5*x),16",,"SocialMediaAddiction,0+(0.5*x),16",,,"Veganism,0-(0.3*x),16","Tourism,0+(0.2*x),16","Charity,0-(0.2*x),16",,,,,"GDP,0+(0.2*x),16",,,,,,,,,,,,,,,,,,,,,,"CGT,0+(0.2*x),16",,"FatAcceptance,0+(0.1*x),16",,,,,,,,,"QuietQuitting,0+(0.1*x),16","LuxuryBeliefs,0+(1*x),16","Absenteeism,0+(0.1*x),16","PlannedObsolescence,0+(0.1*x),16","HookupCulture,0+(0.1*x),16",,,,,,
#,Prohibitionism_cc,NOICON,,icons_end,1,0.2,0.1,0,0+(1.0*x),0,0+(1.0*x),"_prereq_,Hedonism_id","bansocialmedia,0-(0.4*x),8","Polarization,0+(1*x)*Hedonism_id,16","Education,0+(0.3*x),8","Culture,0+(0.3*x),8","MentalHealth,0+(0.3*x),8","LuxuryBeliefs,0+(0.4*x)*MiddleIncome_perc,30","LuxuryBeliefs,0+(0.8*x)*Wealthy_perc,30",,"Young_perc,0+(0.5*x)*Hedonism_id,8","YouthPoliticsCouncil,0.01+(0.04*x)*Hedonism_id,8","YouthClubSubsidies,0.05+(0.1*x)*Hedonism_id,8","LocalCommunities,0.05+(0.1*x)*Hedonism_id,8",,,,,,,,,,,,,,,,,,,,,,,,,,,,,,,,,,,,,,,,,,,,,,,,,,,,,,,,,,,,,,,,,"Patriot_perc,0-(0.5*x)",,,,,,,,,,,,,,,,,,,,,,,,,,,,,,,,,,,,,,,,,,,,,,,,,,,,,,,,,,,,,,,,,,,,,,,,,,,,#,"TrackerIdeology,0+(1*x)","Pragmatism,0-(0.1*x),16","Ideologism,0+(0.1*x),16",,,,,,,,,,,,,,,,,,,,,,,,,,,,,,,,,,,,,,,,,,,,,,,,,,,,,,,,,,,,,,,,,"GDP,0-(0.2*x),16",,,,,,,,,,,,,,,,,,,,,,,,,"GreenWashing,0+(0.4*x),16",,"DegrowthDoctrine,0+(1*x)*Environmentalist_perc,16",,,,,,,,,,,,,,,,
#,Objectivism_cc,NOICON,,icons_sciencefunding,1,0.2,0.1,0,0+(1.0*x),0,0+(1.0*x),"_prereq_,Subjectivism_id","bansocialmedia,0-(0.4*x),8","Polarization,0+(1*x)*Subjectivism_id,16","Education,0+(0.3*x),8","Culture,0+(0.3*x),8","MentalHealth,0+(0.3*x),8","LuxuryBeliefs,0+(0.4*x)*MiddleIncome_perc,30","LuxuryBeliefs,0+(0.8*x)*Wealthy_perc,30",,"Young_perc,0+(0.5*x)*Subjectivism_id,8","YouthPoliticsCouncil,0.01+(0.04*x)*Subjectivism_id,8","YouthClubSubsidies,0.05+(0.1*x)*Subjectivism_id,8","LocalCommunities,0.05+(0.1*x)*Subjectivism_id,8",,,,,,,,,,,,,,,,,,,,,,,,,,,,,,,,,,,,,,,,,,,,,,,,,,,,,,,,,,,,,,,,,"Patriot_perc,0-(0.5*x)",,,,,,,,,,,,,,,,,,,,,,,,,,,,,,,,,,,,,,,,,,,,,,,,,,,,,,,,,,,,,,,,,,,,,,,,,,,,#,"TrackerIdeology,0+(1*x)","Pragmatism,0-(0.1*x),16","Ideologism,0+(0.1*x),16",,,,,,,,,,,,,,,,,,,,,,,,,,,,,,,,,,,,,,,,,,,,,,,,,,,"IndustrialAutomation,0+(0.2*x),16",,"LocalCommunities,0-(0.2*x),16","AlcoholConsumption,0-(0.2*x),16","LegalDrugConsumption,0-(0.2*x),16","TobaccoUse,0-(0.2*x),16",,,,,,,,,,,"DroneProtests,0-(0.2*x),16",,"EnvironmentalProtests,0-(0.2*x),16",,"EmergencyPowers,0-(0.2*x),16","FakeNews,0-(0.2*x),16",,,"LudditeRiots,0-(0.2*x),16",,,,,,,,,,,,,,,,,,,"Complotism,0-(0.4*x),16","NewAge,0-(0.4*x),16",,,,,,,,,,,,,
#,Subjectivism_cc,NOICON,,icons_religiousbanknotes,1,0.2,0.1,0,0+(1.0*x),0,0+(1.0*x),"_prereq_,Objectivism_id","bansocialmedia,0-(0.4*x),8","Polarization,0+(1*x)*Objectivism_id,16","Education,0+(0.3*x),8","Culture,0+(0.3*x),8","MentalHealth,0+(0.3*x),8","LuxuryBeliefs,0+(0.4*x)*MiddleIncome_perc,30","LuxuryBeliefs,0+(0.8*x)*Wealthy_perc,30",,"Young_perc,0+(0.5*x)*Objectivism_id,8","YouthPoliticsCouncil,0.01+(0.04*x)*Objectivism_id,8","YouthClubSubsidies,0.05+(0.1*x)*Objectivism_id,8","LocalCommunities,0.05+(0.1*x)*Objectivism_id,8",,,,,,,,,,,,,,,,,,,,,,,,,,,,,,,,,,,,,,,,,,,,,,,,,,,,,,,,,,,,,,,,,"Patriot_perc,0-(0.5*x)",,,,,,,,,,,,,,,,,,,,,,,,,,,,,,,,,,,,,,,,,,,,,,,,,,,,,,,,,,,,,,,,,,,,,,,,,,,,#,"TrackerIdeology,0+(1*x)","Pragmatism,0-(0.1*x),16","Ideologism,0+(0.1*x),16",,,,,,,,,,,,,,,,,,,,,,,,,,,,,,,,,,,,,,,,,,,,,,,,,,,,,,,"GeneralStrike,0+(0.2*x),16","InnerCityRiots,0+(0.2*x),16","StreetGangs,0+(0.2*x),16","VigilanteMobs,0+(0.2*x),16",,"TeachersStrike,0+(0.2*x),16","DoctorsStrike,0+(0.2*x),16","PetrolProtests,0+(0.2*x),16","RailStrike,0+(0.2*x),16","ClassWarfare,0+(0.2*x),16",,"ArmedReligiousCommunities,0+(0.2*x),16","DroneProtests,0+(0.2*x),16",,"EnvironmentalProtests,0+(0.2*x),16",,"EmergencyPowers,0+(0.2*x),16","FakeNews,0+(0.2*x),16",,,"LudditeRiots,0+(0.2*x),16",,,"RaceRiots,0+(0.2*x),16",,,,,,,"RIP,0+(0.2*x),16","CRT,0+(0.2*x),16","CGT,0+(0.2*x),16","TrophySyndrome,0+(0.1*x),16","FatAcceptance,0+(0.1*x),16","GreenWashing,0+(0.4*x),16","WokeWashing,0+(0.4*x),16",,FunctionalIlliteracy,,"NewAge,0+(1*x),16",,,,"LuxuryBeliefs,0+(1*x),16",,,,,"Fundamentalism,0+(0.1*x),16","AbortionObjectors,0+(0.1*x)*AbortionLaw,16",,,
#,Anarchism_cc,NOICON,,icons_violentcrimerate,1,0.2,0.1,0,0+(1.0*x),0,0+(1.0*x),"_prereq_,Authoritarianism_id","bansocialmedia,0-(0.4*x),8","Polarization,0+(1*x)*Authoritarianism_id,16","Education,0+(0.3*x),8","Culture,0+(0.3*x),8","MentalHealth,0+(0.3*x),8","LuxuryBeliefs,0+(0.4*x)*MiddleIncome_perc,30","LuxuryBeliefs,0+(0.8*x)*Wealthy_perc,30",,"Young_perc,0+(0.5*x)*Authoritarianism_id,8","YouthPoliticsCouncil,0.01+(0.04*x)*Authoritarianism_id,8","YouthClubSubsidies,0.05+(0.1*x)*Authoritarianism_id,8","LocalCommunities,0.05+(0.1*x)*Authoritarianism_id,8",,,,,,,,,,,,,,,,,,,,,,,,,,,,,,,,,,,,,,,,,,,,,,,,,,,,,,,,,,,,,,,,,"Patriot_perc,0-(0.5*x)",,,,,,,,,,,,,,,,,,,,,,,,,,,,,,,,,,,,,,,,,,,,,,,,,,,,,,,,,,,,,,,,,,,,,,,,,,,,#,"TrackerIdeology,0+(1*x)","Pragmatism,0-(0.1*x),16","Ideologism,0+(0.1*x),16",,,,,,,,,,,,,,,,,,,,,,,,,,,,,,,,,,,,,,,,,,,,,,,,,,,,,"ExtremeNationalism,0-(0.4*x),16",,,,,,"Tourism,0-(0.2*x),16",,,,,,,,,,,,,,,,,,,,,,,,,,,"CRT,0+(0.4*x),16","CGT,0+(0.4*x),16",,,,,,,,,,,,"QuietQuitting,0+(0.1*x),16",,"Absenteeism,0+(0.1*x),16",,,,,,,
#,Authoritarianism_cc,NOICON,,icons_policeforce,1,0.2,0.1,0,0+(1.0*x),0,0+(1.0*x),"_prereq_,Anarchism_id","bansocialmedia,0-(0.4*x),8","Polarization,0+(1*x)*Anarchism_id,16","Education,0+(0.3*x),8","Culture,0+(0.3*x),8","MentalHealth,0+(0.3*x),8","LuxuryBeliefs,0+(0.4*x)*MiddleIncome_perc,30","LuxuryBeliefs,0+(0.8*x)*Wealthy_perc,30",,"Young_perc,0+(0.5*x)*Anarchism_id,8","YouthPoliticsCouncil,0.01+(0.04*x)*Anarchism_id,8","YouthClubSubsidies,0.05+(0.1*x)*Anarchism_id,8","LocalCommunities,0.05+(0.1*x)*Anarchism_id,8",,,,,,,,,,,,,,,,,,,,,,,,,,,,,,,,,,,,,,,,,,,,,,,,,,,,,,,,,,,,,,,,,"Patriot_perc,0+(1*x)*Anarchism_id",,,,,,,,,,,,,,,,,,,,,,,,,,,,,,,,,,,,,,,,,,,,,,,,,,,,,,,,,,,,,,,,,,,,,,,,,,,,#,"TrackerIdeology,0+(1*x)","Pragmatism,0-(0.1*x),16","Ideologism,0+(0.1*x),16",,,,,,,,,,,,,,,,,,,,,,,,,,,,,,,,,,,,,,,,,,,,,,,,,,,,,"ExtremeNationalism,0+(0.4*x),16",,,,,,"Tourism,0-(0.2*x),16",,,,,,,,,,,,,,,,,,,,,,,,,,,,,,,,,,,,,,,,,,,,"Fundamentalism,0+(0.1*x),16",,,,,
#,Isolationism_cc,NOICON,,icons_borderwall,1,0.2,0.1,0,0+(1.0*x),0,0+(1.0*x),"_prereq_,Globalism_id","bansocialmedia,0-(0.4*x),8","Polarization,0+(1*x)*Globalism_id,16","Education,0+(0.3*x),8","Culture,0+(0.3*x),8","MentalHealth,0+(0.3*x),8","LuxuryBeliefs,0+(0.4*x)*MiddleIncome_perc,30","LuxuryBeliefs,0+(0.8*x)*Wealthy_perc,30",,"Young_perc,0+(0.5*x)*Globalism_id,8","YouthPoliticsCouncil,0.01+(0.04*x)*Globalism_id,8","YouthClubSubsidies,0.05+(0.1*x)*Globalism_id,8","LocalCommunities,0.05+(0.1*x)*Globalism_id,8",,,,,,,,,,,,,,,,,,,,,,,,,,,,,,,,,,,,,,,,,,,,,,,,,,,,,,,,,,,,,,,,,"Patriot_perc,0+(0.5*x)*Globalism_id",,,,,,,,,,,,,,,,,,,,,,,,,,,,,,,,,,,,,,,,,,,,,,,,,,,,,,,,,,,,,,,,,,,,,,,,,,,,#,"TrackerIdeology,0+(1*x)","Pragmatism,0-(0.1*x),16","Ideologism,0+(0.1*x),16",,,,,,,,,,,,,,,,,,,,,,,,,,,,,,,,,,,,,,,,,,,,,,,,,,,,,,,,,,,,,,,,,,,,,,,,,,,,,,,,,,,,,,,,,,,,,,,,,,,,,,,,,,,,
#,Globalism_cc,NOICON,,icons_internationaltrade,1,0.2,0.1,0,0+(1.0*x),0,0+(1.0*x),"_prereq_,Isolationism_id","bansocialmedia,0-(0.4*x),8","Polarization,0+(1*x)*Isolationism_id,16","Education,0+(0.3*x),8","Culture,0+(0.3*x),8","MentalHealth,0+(0.3*x),8","LuxuryBeliefs,0+(0.4*x)*MiddleIncome_perc,30","LuxuryBeliefs,0+(0.8*x)*Wealthy_perc,30",,"Young_perc,0+(0.5*x)*Isolationism_id,8","YouthPoliticsCouncil,0.01+(0.04*x)*Isolationism_id,8","YouthClubSubsidies,0.05+(0.1*x)*Isolationism_id,8","LocalCommunities,0.05+(0.1*x)*Isolationism_id,8",,,,,,,,,,,,,,,,,,,,,,,,,,,,,,,,,,,,,,,,,,,,,,,,,,,,,,,,,,,,,,,,,"Patriot_perc,0-(0.5*x)",,,,,,,,,,,,,,,,,,,,,,,,,,,,,,,,,,,,,,,,,,,,,,,,,,,,,,,,,,,,,,,,,,,,,,,,,,,,#,"TrackerIdeology,0+(1*x)","Pragmatism,0-(0.1*x),16","Ideologism,0+(0.1*x),16",,,,,,,,,,,,,,,,,,,,,,,,,,,,,,,,,,,,,,,,,,,,,,,,,,,,,,,,,,,,,,,,,,,,,,,,,,,,,,,,,,,,,,,,,,,,,,,,,,,,,,,,,"CreatorEconomy,0+(0.1*x),16",,,
#,Militarism_cc,NOICON,,icons_militaryspending,1,0.2,0.1,0,0+(1.0*x),0,0+(1.0*x),"_prereq_,Pacifism_id","bansocialmedia,0-(0.4*x),8","Polarization,0+(1*x)*Pacifism_id,16","Education,0+(0.3*x),8","Culture,0+(0.3*x),8","MentalHealth,0+(0.3*x),8","LuxuryBeliefs,0+(0.4*x)*MiddleIncome_perc,30","LuxuryBeliefs,0+(0.8*x)*Wealthy_perc,30",,"Young_perc,0+(0.5*x)*Pacifism_id,8","YouthPoliticsCouncil,0.01+(0.04*x)*Pacifism_id,8","YouthClubSubsidies,0.05+(0.1*x)*Pacifism_id,8","LocalCommunities,0.05+(0.1*x)*Pacifism_id,8",,,,,,,,,,,,,,,,,,,,,,,,,,,,,,,,,,,,,,,,,,,,,,,,,,,,,,,,,,,,,,,,,"Patriot_perc,0+(0.5*x)*Pacifism_id",,,,,,,,,,,,,,,,,,,,,,,,,,,,,,,,,,,,,,,,,,,,,,,,,,,,,,,,,,,,,,,,,,,,,,,,,,,,#,"TrackerIdeology,0+(1*x)","Pragmatism,0-(0.1*x),16","Ideologism,0+(0.1*x),16",,,,,,,,,,,,,,,,,,,,,,,,,,,,,,,,,,,,,,,,,,,,,,,,,,,,,,,,,,,,,,,,,,,,,,,,,,,,,,,,,,,,,,,,,,,,,,,,,,,,,,,,,,,,
#,Pacifism_cc,NOICON,,icons_foreignrelations,1,0.2,0.1,0,0+(1.0*x),0,0+(1.0*x),"_prereq_,Militarism_id","bansocialmedia,0-(0.4*x),8","Polarization,0+(1*x)*Militarism_id,16","Education,0+(0.3*x),8","Culture,0+(0.3*x),8","MentalHealth,0+(0.3*x),8","LuxuryBeliefs,0+(0.4*x)*MiddleIncome_perc,30","LuxuryBeliefs,0+(0.8*x)*Wealthy_perc,30",,"Young_perc,0+(0.5*x)*Militarism_id,8","YouthPoliticsCouncil,0.01+(0.04*x)*Militarism_id,8","YouthClubSubsidies,0.05+(0.1*x)*Militarism_id,8","LocalCommunities,0.05+(0.1*x)*Militarism_id,8",,,,,,,,,,,,,,,,,,,,,,,,,,,,,,,,,,,,,,,,,,,,,,,,,,,,,,,,,,,,,,,,,"Patriot_perc,0-(0.5*x)",,,,,,,,,,,,,,,,,,,,,,,,,,,,,,,,,,,,,,,,,,,,,,,,,,,,,,,,,,,,,,,,,,,,,,,,,,,,#,"TrackerIdeology,0+(1*x)","Pragmatism,0-(0.1*x),16","Ideologism,0+(0.1*x),16",,,,,,,,,,,,,,,,,,,,,,,,,,,,,,,,,,,,,,,,,,,,,,,,,,,,,,,,,,,,,,,,,,,,,,,,,,,,,,,,,,,,,,,,,,,,,,,,,,,,,,,,,,,,
,,,,,,,,,,,,,,,,,,,,,,,,,,,,,,,,,,,,,,,,,,,,,,,,,,,,,,,,,,,,,,,,,,,,,,,,,,,,,,,,,,,,,,,,,,,,,,,,,,,,,,,,,,,,,,,,,,,,,,,,,,,,,,,,,,,,,,,,,,,,,,,,,,,,,,,,,,,,,,,,,,,,,,,,,,,,,,,,,,,,,,,,,,,,,,,,,,,,,,,,,,,,,,,,,,,,,,,,,,,,,,,,,,,,,,,,,,,,,,,,,,,,,,,,,,,,,,,,,,,,,,,,,,,,,,,,,,,,
#,Pragmatism,WELFARE,,icons_mentalhealth,1,0.6,0.4,0,0+(1.0*x),0,0+(1.0*x),"_default_,1",,,,,,,,,,,,,,,,,,,,,,,,,,,,,,,,,,,,,,,,,,,,,,"Ideologism,0-(1*x)",,,,,,,,,,,,,,,,,,,,,,,,,,,,,,,,,,,,,,,,,,,,#,"MentalHealth,0+(0.5*x*x*x*x),30","_All_,0+(0.5*x*x*x*x),30","Polarization,0-(0.5*x),30",,,,,,,,,,,,,,,,,,,,,,,,,,,,,,,,,,,,,,,,,,,,,,,,,,,,,,,,,,,,,,,,,,,,,,,,,,,,,,,,,,,,,,,,,,,,,,,,,,,,,,,,,,,,,,,,,,,,,,,,,,,,,,,,,,,,,,,,,,,,,,,,,,,,,,,,,,,,,,,,,,,,,,,,,,,
#,Ideologism,WELFARE,,icons_mentalhealth,0,0.6,0.4,0,0+(1.0*x),0,0+(1.0*x),,,,,,,,,,,,,,,,,,,,,,,,,,,,,,,,,,,,,,,,,,,,,,,"Pragmatism,0-(1*x)",,,,,,,,,,,,,,,,,,,,,,,,,,,,,,,,,,,,,,,,,,,,#,,"_All_,0-(0.5*x*x*x*x),30","Culture,0-(0.5*x*x*x*x),30","MentalHealth,0-(0.5*x*x*x*x),30","Education,0-(0.5*x*x*x*x),30",,,,,,,,,,,,,,,,,,,,,,,,,,,,,,,,,,,,,,,,,,,,,,,,,,,,,,,,,,,,,,,,,,,,,,,,,,,,,,,,,,,,,,,,,,,,,,,,,,,,,,,,,,,,,,,,,,,,,,,,,,,,,,,,,,,,,,,,,,,,,,,,,,,,,,,,,,,,,,,,,,,,,,,,,
#,TrackerIdeology,WELFARE,,icons_mentalhealth,0,0.2,0.1,0,0+(1.0*x),0,0+(1.0*x),,,,,,,,,,,,,,,,,,,,,,,,,,,,,,,,,,,,,,,,,,,,,,,,,,,,,,,,,,,,,,,,,,,,,,,,,,,,,,,,,,,,,,,,,,,,,,,,,,,,,,,,,,,,,,,,,,,,,,,,,,,,,,,,,,,,,,,,,,,,,,,,,,,,,,,,,,,,,,,,,,,,,,,,,,,,,,,,,,,,,,,,,,,,,,,,,,,,,,,,,,,,,,,,,,,,,,,,,,,,,,,,,,,,,,,,,,,,,,,,,,,,,,,,,,,,,,,,,,,,,,,,,
#,TrackerCultural,WELFARE,,icons_artssubsidies,1,0.0002,0.0001,0,0+(1.0*x),0,0+(1.0*x),,,,,,,,,,,,,,,,,,,,,,,,,,,,,,,,,,,,,,,,,,,,,,,,,,,,,,,,,,,,,,,,,,,,,,,,,,,,,,,,,,,,,,,,,,,#,,,,,,,,,,,,,,,,,,,,,,,,,,,,,,,,,,,,,,,,,,,,,,,,,,,,,,,,,,,,,,,,,,,,,,,,,,,,,,,,,,,,,,,,,,,,,,,,,,,,,,,,,,,,,,,,,,,,,,,,,,,,,,,,,,,,,,,,,,,,,,,,,,,,,,,,,,,,,,,,,,,,,,,,,,,,,,
#,TrackerEmotion,WELFARE,,hex,1,0.0002,0.0001,0,0+(1.0*x),0,0+(1.0*x),,,,,,,,,,,,,,,,,,,,,,,,,,,,,,,,,,,,,,,,,,,,,,,,,,,,,,,,,,"Anger,0+(1*x)","Anxiety,0+(1*x)","Disgust,0+(1*x)","Envy,0+(1*x)","Fear,0+(1*x)","Paranoia,0+(1*x)",,,,,,,,,,,,,,,,,,,,,,,,,,,,,,,,,,,,,,,,,,,,,,,,,,,,,,,,,,,,,,,,,,,,,,,,,,,,,,,,,,,,,,,,,,,,,,,,,,,,,,,,,,,,,,,,,,,,,,,,,,,,,,,,,,,,,,,,,,,,,,,,,,,,,,,,,,,,,,,,,,,,,,,,,,,,,,,,,,,,,,,,,,,,,,,,,,,,,,,,,,
,,,,,,,,,,,,,,,,,,,,,,,,,,,,,,,,,,,,,,,,,,,,,,,,,,,,,,,,,,,,,,,,,,,,,,,,,,,,,,,,,,,,,,,,,,,,,,,,,,,,,,,,,,,,,,,,,,,,,,,,,,,,,,,,,,,,,,,,,,,,,,,,,,,,,,,,,,,,,,,,,,,,,,,,,,,,,,,,,,,,,,,,,,,,,,,,,,,,,,,,,,,,,,,,,,,,,,,,,,,,,,,,,,,,,,,,,,,,,,,,,,,,,,,,,,,,,,,,,,,,,,,,,,,,,,,,,,,,
,,,,,,,,,,,,,,,,,,,,,,,,,,,,,,,,,,,,,,,,,,,,,,,,,,,,,,,,,,,,,,,,,,,,,,,,,,,,,,,,,,,,,,,,,,,,,,,,,,,,,,,,,,,,,,,,,,,,,,,,,,,,,,,,,,,,,,,,,,,,,,,,,,,,,,,,,,,,,,,,,,,,,,,,,,,,,,,,,,,,,,,,,,,,,,,,,,,,,,,,,,,,,,,,,,,,,,,,,,,,,,,,,,,,,,,,,,,,,,,,,,,,,,,,,,,,,,,,,,,,,,,,,,,,,,,,,,,,
,,,,,,,,,,,,,,,,,,,,,,,,,,,,,,,,,,,,,,,,,,,,,,,,,,,,,,,,,,,,,,,,,,,,,,,,,,,,,,,,,,,,,,,,,,,,,,,,,,,,,,,,,,,,,,,,,,,,,,,,,,,,,,,,,,,,,,,,,,,,,,,,,,,,,,,,,,,,,,,,,,,,,,,,,,,,,,,,,,,,,,,,,,,,,,,,,,,,,,,,,,,,,,,,,,,,,,,,,,,,,,,,,,,,,,,,,,,,,,,,,,,,,,,,,,,,,,,,,,,,,,,,,,,,,,,,,,,,
,,,,,,,,,,,,,,,,,,,,,,,,,,,,,,,,,,,,,,,,,,,,,,,,,,,,,,,,,,EXAMPLE,,,,,,,,,,,,,,,,,,,,,,,,,,,,,,,,,,,,,,,,,,,,,,,,,,,,,,,,,,,,,,,,,,,,,,,,,,,,,,,,,,,,,,,,,,,,,,,,,,,,,,,,,,,,,,,,,,,,,,,,,,,,,,,,,,,,,,,,,,,,,,,,,,,,,,,,,,,,,,,,,,,,,,,,,,,,,,,,,,,,,,,,,,,,,,,,,,,,,,,,,,,,,,,,,,,,,,,,,,
,,,,,,,,,,,,NOTE,,,,,,,,,,,,,,,,,,,,,,,,,,,,,,,,,,,,,,,,,,,,,,"_prereq_,StateSchools",,,,,,,,,,,,,,,,,,,,,,,,,,,,,,,,,,,,,,,,,,,,,,,,,,,,,,,,,,,,,,,,,,,,,,,,,,,,,,,,,,,,,,,,,,,,,,,,,,,,,,,,,,,,,,,,,,,,,,,,,,,,,,,,,,,,,,,,,,,,,,,,,,,,,,,,,,,,,,,,,,,,,,,,,,,,,,,,,,,,,,,,,,,,,,,,,,,,,,,,,,,,,,,,,,,,,,,,,,
,,,,,,,,,,,,,,,,,,,,,,,,,,,,,,,,,,,,,,,,,,,,,,,,,,,,,,,,,,,,,,,,,,,,,,,,,,,,,,,,,,,,,,,,,,,,,,,,,,,,,,,,,,,,,,,,,,,,,,,,,,,,,,,,,,,,,,,,,,,,,,,,,,,,,,,,,,,,,,,,,,,,,,,,,,,,,,,,,,,,,,,,,,,,,,,,,,,,,,,,,,,,,,,,,,,,,,,,,,,,,,,,,,,,,,,,,,,,,,,,,,,,,,,,,,,,,,,,,,,,,,,,,,,,,,,,,,,,
,,,,,,,,,,,,,,,,,,,,,,,,,,,,,,,,,,,,,,,,,,,,,,,,,,,,,,,,,,,,,,,,,,,,,,,,,,,,,,,,,,,,,,,,,,,,,,,,,,,,,,,,,,,,,,,,,,,,,,,,,,,,,,,,,,,,,,,,,,,,,,,,,,,,,,,,,,,,,,,,,,,,,,,,,,,,,,,,,,,,,,,,,,,,,,,,,,,,,,,,,,,,,,,,,,,,,,,,,,,,,,,,,,,,,,,,,,,,,,,,,,,,,,,,,,,,,,,,,,,,,,,,,,,,,,,,,,,,
,,,,,,,,,,,,,,,,,,,,,,,,,,,,,,,,,,,,,,,,,,,,,,,,,,,,,,,,,,,,,,,,,,,,,,,,,,,,,,,,,,,,,,,,,,,,,,,,,,,,,,,,,,,,,,,,,,,,,,,,,,,,,,,,,,,,,,,,,,,,,,,,,,,,,,,,,,,,,,,,,,,,,,,,,,,,,,,,,,,,,,,,,,,,,,,,,,,,,,,,,,,,,,,,,,,,,,,,,,,,,,,,,,,,,,,,,,,,,,,,,,,,,,,,,,,,,,,,,,,,,,,,,,,,,,,,,,,,
,TEMPLATE:,FOREIGNPOLICY,_prereq_country,map_country,1,0.5,0.1,0,0+(1.0*x),0,0+(1.0*x),"_default_,1",,,,,,,,,,,,,,,,,,,,,,,,,,,,,,,,,,,,,,,,,,,,,,,"_year,0-(0.015*x)",,,,,,,,,,,,,,,,,,,,,,,,,,,,,,,,,,,,,,,,,,,,,,,#,risk_aversion,Comp,Coop,,Individualism,Collectivism,Relativism,Moralism,Hedonism,Prohibitionism,Objectivism,Subjectivism,Anarchism,Authoritarianism,Isolationism,Globalism,Militarism,Pacifism,ColTrauma,WWTrauma,CWTrauma,,,,,,,,,,,,,,,,,,,,,,,,,,,,,,,,,,,,,,,,,,,,,,,,,,,,,,,,,,,,,,,,,,,,,,,,,,,,,,,,,,,,,,,,,,,,,,,,,,,,,,,,,,,,,,,,,,,,,,,,,,,,,,,,,,,,,,,,,,,,,,,,,,,,,
,CULTURAL HERITAGES,,,,,,,,,,,DEFAULT,,,,,,,,,,,,,,,,,,,,,,,,,,,,,,,,,,,,,,,,,,,,,,,YEAR,HISTORY ERASURE POLICY,,,,,,,,,,,,,,,,,,,,,,,,,,,,,,,,,,,,,,,,,,,,,,,,,,,,,,,,,,,,,,,,,,,,,,,,,,,,,,,,,,,,,,,,,,,,,,,,,,,,,,,,,,,,,,,,,,,,,,,,,,,,,,,,,,,,,,,,,,,,,,,,,,,,,,,,,,,,,,,,,,,,,,,,,,,,,,,,,,,,,,,,,,,,,,,,,,,,,,,,,,,,,,,,,,,,,,,,
#,CulturalHeritageGermany,FOREIGNPOLICY,_prereq_germany,map_germany,1,0.5,0.1,0,0+(1.0*x),0,0+(1.0*x),"_default_,1",,,,,,,,,,,,,,,,,,,,,,,,,,,,,,,,,,,,,,,,,,,,,,,"_year,0-(0.015*x)",,,,,,,,,,,,,,,,,,,,,,,,,,,,,,,,,,,,,,,,,,,"WWTrauma,-1+(2*x),16",,,,#,,"Comp,0+(0.2*x),16","Coop,0+(0.2*x),16",,"Individualism,0+(0.2*x),16","Collectivism,0-(0.5*x),16","Relativism,0+(0.4*x),16","Moralism,0-(0.1*x),16","Hedonism,0-(0.1*x),16","Prohibitionism,0-(0.2*x),16","Objectivism,0+(0.7*x),16","Subjectivism,0-(0.3*x),16","Anarchism,0+(0.1*x)","Authoritarianism,0-(0.2*x)",Isolationism,"Globalism,0+(0.5*x)","Militarism,0-(0.5*x)","Pacifism,0+(0.5*x)","ColTrauma,0-(0.1*x),16","WWTrauma,0+(1*x),16","CWTrauma,0+(1*x),16","CulturalHeritageEU,0-(1*x)",,,,,,,,,,,,,,,,,,,,,,,,,,,,,,,,,,,,,,,,,,,,,,,,,,,,,,,,,,,,,,,,,,,,,,,,,,,,,,,,,,,,,,,,,,,,,,,,,,,,,,,,,,,,,,,,,,,,,,,,,,,,,,,,,,,,,,,,,,,,,,,,,,,,
#,CulturalHeritageCanada,FOREIGNPOLICY,_prereq_canada,map_canada,1,0.5,0.1,0,0+(1.0*x),0,0+(1.0*x),"_default_,1",,,,,,,,,,,,,,,,,,,,,,,,,,,,,,,,,,,,,,,,,,,,,,,"_year,0-(0.015*x)",,,,,,,,,,,,,,,,,,,,,,,,,,,,,,,,,,,,,,,,,,,"WWTrauma,-1+(2*x),16",,,,#,,"Comp,0+(0.1*x),16","Coop,0+(0.2*x),16",,"Individualism,0+(0.1*x),16","Collectivism,0-(0.1*x),16","Relativism,0+(0.2*x),16","Moralism,0+(0.3*x),16","Hedonism,0-(0.1*x),16","Prohibitionism,0-(0.3*x),16","Objectivism,0+(0.1*x),16","Subjectivism,0-(0.2*x),16","Anarchism,0+(0.1*x)","Authoritarianism,0-(0.2*x)",Isolationism,Globalism,Militarism,"Pacifism,0+(0.5*x)","ColTrauma,0+(0.7*x),16","WWTrauma,0+(0.2*x),16","CWTrauma,0+(0.5*x),16",,,,,,,,,,,,,,,,,,,,,,,,,,,,,,,,,,,,,,,,,,,,,,,,,,,,,,,,,,,,,,,,,,,,,,,,,,,,,,,,,,,,,,,,,,,,,,,,,,,,,,,,,,,,,,,,,,,,,,,,,,,,,,,,,,,,,,,,,,,,,,,,,,,,,
#,CulturalHeritageSouthKorea,FOREIGNPOLICY,_prereq_southkorea,map_southkorea,1,0.5,0.1,0,0+(1.0*x),0,0+(1.0*x),"_default_,1",,,,,,,,,,,,,,,,,,,,,,,,,,,,,,,,,,,,,,,,,,,,,,,"_year,0-(0.015*x)",,,,,,,,,,,,,,,,,,,,,,,,,,,,,,,,,,,,,,,,,,,"WWTrauma,-1+(2*x),16",,,,#,,"Comp,0-(0.5*x),16","Coop,0-(0.7*x),16",,"Individualism,0-(0.5*x),16","Collectivism,0-(0.7*x),16","Relativism,0+(0.2*x),16","Moralism,0-(0.1*x),16","Hedonism,0+(0.4*x),16","Prohibitionism,0-(0.4*x),16","Objectivism,0+(0.1*x),16","Subjectivism,0-(0.4*x),16","Anarchism,0+(0.1*x)","Authoritarianism,0-(0.5*x)","Isolationism,0-(0.5*x)","Globalism,0+(0.5*x)","Militarism,0+(0.2*x)","Pacifism,0+(0.2*x)","ColTrauma,0+(0.3*x),16","WWTrauma,0+(0.6*x),16","CWTrauma,0+(0.5*x),16",,,,,,,,,,,,,,,,,,,,,,,,,,,,,,,,,,,,,,,,,,,,,,,,,,,,,,,,,,,,,,,,,,,,,,,,,,,,,,,,,,,,,,,,,,,,,,,,,,,,,,,,,,,,,,,,,,,,,,,,,,,,,,,,,,,,,,,,,,,,,,,,,,,,,
#,CulturalHeritageEU,FOREIGNPOLICY,_prereq_eu,sit_icons_eu,1,0.5,0.1,0,0+(1.0*x),0,0+(1.0*x),"_default_,1",,,,,,,,,,,,,,,,,,,,,,,,,,,,,,,,,,,,,,,,,,,,,,,"_year,0-(0.015*x)","CulturalHeritageGermany,0-(1*x)",,,,,,,,,,,,,,,,,,,,,,,,,,,,,,,,,,,,"CulturalHeritageSwitzerland,0-(1*x)",,,"CulturalHeritagePoland,0-(1*x)","CulturalHeritageItaly,0-(1*x)","CulturalHeritageItaly,0-(1*x)","WWTrauma,-1+(2*x),16","EUContribution,0+(0.5*x),16","EUSubsidies,0+(0.5*x),16","Erasmus,0+(0.5*x),16",#,,"Comp,0-(0.3*x),16","Coop,0+(0.3*x),16",,"Individualism,0+(0.2*x),16","Collectivism,0-(0.1*x),16","Relativism,0+(0.2*x),16","Moralism,0+(0.1*x),16","Hedonism,0-(0.1*x),16","Prohibitionism,0-(0.1*x),16","Objectivism,0+(0.2*x),16","Subjectivism,0-(0.2*x),16","Anarchism,0+(0.1*x)","Authoritarianism,0-(0.2*x)","Isolationism,0-(0.2*x)","Globalism,0+(0.6*x)",Militarism,Pacifism,"ColTrauma,0+(0.5*x),16","WWTrauma,0+(0.8*x),16","CWTrauma,0+(1*x),16","Patriot,0+(_year*x)",,,,,,,,,,,,,,,,,,,,,,,,,,,,,,,,,,,,,,,,,,,,,,,,,,,,,,,,,,,,,,,,,,,,,,,,,,,,,,,,,,,,,,,,,,,,,,,,,,,,,,,,,,,,,,,,,,,,,,,,,,,,,,,,,,,,,,,,,,,,,,,,,,,,
#,CulturalHeritageUK,FOREIGNPOLICY,_prereq_uk,map_uk,1,0.5,0.1,0,0+(1.0*x),0,0+(1.0*x),"_default_,1",,,,,,,,,,,,,,,,,,,,,,,,,,,,,,,,,,,,,,,,,,,,,,,"_year,0-(0.015*x)",,,,,,,,,,,,,,,,,,,,,,,,,,,,,,,,,,,,,,,,,,,"WWTrauma,-1+(2*x),16",,,,#,,"Comp,0+(0.3*x),16","Coop,0-(0.1*x),16",,"Individualism,0+(0.3*x),16","Collectivism,0-(0.1*x),16","Relativism,0+(0.2*x),16","Moralism,0+(0.3*x),16","Hedonism,0-(0.1*x),16","Prohibitionism,0+(0.2*x),16","Objectivism,0+(0.4*x),16","Subjectivism,0-(0.1*x),16","Anarchism,0+(0.3*x)","Authoritarianism,0+(0.1*x)","Isolationism,0+(0.2*x)","Globalism,0+(0.2*x)","Militarism,0+(0.2*x)","Pacifism,0+(0.2*x)","ColTrauma,0+(1*x),16","WWTrauma,0+(0.6*x),16","CWTrauma,0+(0.5*x),16",,,,,,,,,,,,,,,,,,,,,,,,,,,,,,,,,,,,,,,,,,,,,,,,,,,,,,,,,,,,,,,,,,,,,,,,,,,,,,,,,,,,,,,,,,,,,,,,,,,,,,,,,,,,,,,,,,,,,,,,,,,,,,,,,,,,,,,,,,,,,,,,,,,,,
,DLC,,,,,,,,,,,,,,,,,,,,,,,,,,,,,,,,,,,,,,,,,,,,,,,,,,,,,,,,,,,,,,,,,,,,,,,,,,,,,,,,,,,,,,,,,,,,,,,,,,,,,,,,,,,,,,,,,,,,,,,,,,,,,,,,,,,,,,,,,,,,,,,,,,,,,,,,,,,,,,,,,,,,,,,,,,,,,,,,,,,,,,,,,,,,,,,,,,,,,,,,,,,,,,,,,,,,,,,,,,,,,,,,,,,,,,,,,,,,,,,,,,,,,,,,,,,,,,,,,,,,,,,,,,,,,,,,,,,
#,CulturalHeritageBrazil,FOREIGNPOLICY,_prereq_brazil,map_brazil,1,0.5,0.1,0,0+(1.0*x),0,0+(1.0*x),"_default_,1",,,,,,,,,,,,,,,,,,,,,,,,,,,,,,,,,,,,,,,,,,,,,,,"_year,0-(0.015*x)",,,,,,,,,,,,,,,,,,,,,,,,,,,,,,,,,,,,,,,,,,,"WWTrauma,-1+(2*x),16",,,,#,,"Comp,0+(0.2*x),16","Coop,0-(0.1*x),16",,"Individualism,0+(0.2*x),16","Collectivism,0-(0.1*x),16","Relativism,0-(0.1*x),16",Moralism,"Hedonism,0+(0.4*x),16",Prohibitionism,"Objectivism,0+(0.2*x),16","Subjectivism,0+(0.1*x),16",,,,,,,ColTrauma,"WWTrauma,0-(0.2*x),16",CWTrauma,,,,,,,,,,,,,,,,,,,,,,,,,,,,,,,,,,,,,,,,,,,,,,,,,,,,,,,,,,,,,,,,,,,,,,,,,,,,,,,,,,,,,,,,,,,,,,,,,,,,,,,,,,,,,,,,,,,,,,,,,,,,,,,,,,,,,,,,,,,,,,,,,,,,,
#,CulturalHeritageSwitzerland,FOREIGNPOLICY,_prereq_switzerland,map_switzerland,1,0.5,0.1,0,0+(1.0*x),0,0+(1.0*x),"_default_,1",,,,,,,,,,,,,,,,,,,,,,,,,,,,,,,,,,,,,,,,,,,,,,,"_year,0-(0.015*x)",,,,,,,,,,,,,,,,,,,,,,,,,,,,,,,,,,,,,,,,,,,"WWTrauma,-1+(2*x),16",,,,#,,"Comp,0+(0.3*x),16","Coop,0-(0.2*x),16",,"Individualism,0+(0.3*x),16","Collectivism,0-(0.2*x),16","Relativism,0+(0.2*x),16",Moralism,"Hedonism,0+(0.2*x),16",Prohibitionism,"Objectivism,0+(0.7*x),16","Subjectivism,0-(0.3*x),16",,,,,,,ColTrauma,"WWTrauma,0-(0.2*x),16",CWTrauma,,,,,,,,,,,,,,,,,,,,,,,,,,,,,,,,,,,,,,,,,,,,,,,,,,,,,,,,,,,,,,,,,,,,,,,,,,,,,,,,,,,,,,,,,,,,,,,,,,,,,,,,,,,,,,,,,,,,,,,,,,,,,,,,,,,,,,,,,,,,,,,,,,,,,
#,CulturalHeritageTurkey,FOREIGNPOLICY,_prereq_turkey,map_turkey,1,0.5,0.1,0,0+(1.0*x),0,0+(1.0*x),"_default_,1",,,,,,,,,,,,,,,,,,,,,,,,,,,,,,,,,,,,,,,,,,,,,,,"_year,0-(0.015*x)",,,,,,,,,,,,,,,,,,,,,,,,,,,,,,,,,,,,,,,,,,,"WWTrauma,-1+(2*x),16",,,,#,,"Comp,0+(0.1*x),16","Coop,0-(0.1*x),16",,"Individualism,0+(0.1*x),16","Collectivism,0-(0.1*x),16","Relativism,0-(0.2*x),16",Moralism,"Hedonism,0-(0.1*x),16",Prohibitionism,"Objectivism,0+(0.2*x),16","Subjectivism,0+(0.1*x),16",,,,,,,ColTrauma,"WWTrauma,0-(0.2*x),16",CWTrauma,,,,,,,,,,,,,,,,,,,,,,,,,,,,,,,,,,,,,,,,,,,,,,,,,,,,,,,,,,,,,,,,,,,,,,,,,,,,,,,,,,,,,,,,,,,,,,,,,,,,,,,,,,,,,,,,,,,,,,,,,,,,,,,,,,,,,,,,,,,,,,,,,,,,,
#,CulturalHeritagePoland,FOREIGNPOLICY,_prereq_poland,map_poland,1,0.5,0.1,0,0+(1.0*x),0,0+(1.0*x),"_default_,1",,,,,,,,,,,,,,,,,,,,,,,,,,,,,,,,,,,,,,,,,,,,,,,"_year,0-(0.015*x)",,,,,,,,,,,,,,,,,,,,,,,,,,,,,,,,,,,,,,,,,,,"WWTrauma,-1+(2*x),16",,,,#,,"Comp,0-(0.5*x),16","Coop,0-(0.5*x),16",,"Individualism,0-(0.5*x),16","Collectivism,0-(0.5*x),16","Relativism,0-(0.2*x),16",Moralism,"Hedonism,0-(0.1*x),16",Prohibitionism,"Objectivism,0+(0.2*x),16","Subjectivism,0-(0.1*x),16",,,,,,,ColTrauma,"WWTrauma,0+(0.8*x),16",CWTrauma,,,,,,,,,,,,,,,,,,,,,,,,,,,,,,,,,,,,,,,,,,,,,,,,,,,,,,,,,,,,,,,,,,,,,,,,,,,,,,,,,,,,,,,,,,,,,,,,,,,,,,,,,,,,,,,,,,,,,,,,,,,,,,,,,,,,,,,,,,,,,,,,,,,,,
,MISSING COUNTRIES,,,,,,,,,,,,,,,,,,,,,,,,,,,,,,,,,,,,,,,,,,,,,,,,,,,,,,,,,,,,,,,,,,,,,,,,,,,,,,,,,,,,,,,,,,,,,,,,,,,,,,,,,,,,,,,,,,,,,,,,,,,,,,,,,,,,,,,,,,,,,,,,,,,,,,,,,,,,,,,,,,,,,,,,,,,,,,,,,,,,,,,,,,,,,,,,,,,,,,,,,,,,,,,,,,,,,,,,,,,,,,,,,,,,,,,,,,,,,,,,,,,,,,,,,,,,,,,,,,,,,,,,,,,,,,,,,,,
#,CulturalHeritageItaly,FOREIGNPOLICY,_prereq_italy,map_italy,1,0.5,0.1,0,0+(1.0*x),0,0+(1.0*x),"_default_,1",,,,,,,,,,,,,,,,,,,,,,,,,,,,,,,,,,,,,,,,,,,,,,,"_year,0-(0.015*x)",,,,,,,,,,,,,,,,,,,,,,,,,,,,,,,,,,,,,,,,,,,"WWTrauma,-1+(2*x),16",,,,#,,"Comp,0+(0.1*x),16","Coop,0-(0.6*x),16",,"Individualism,0+(0.5*x),16","Collectivism,0-(0.5*x),16","Relativism,0+(0.2*x),16","Moralism,0+(0.4*x),16","Hedonism,0+(0.6*x),16","Prohibitionism,0+(0.2*x),16","Objectivism,0-(0.2*x),16","Subjectivism,0+(0.3*x),16",,,,,,,"ColTrauma,0+(0.1*x),16","WWTrauma,0+(1*x),16",CWTrauma,"CulturalHeritageEU,0-(1*x)","SlowJustice,0+(0.5*x),16",,,,,,,,,,,,,,,,,,,,,,,,,,,,,,,,,,,,,,,,,,,,,,,,,,,,,,,,,,,,,,,,,,,,,,,,,,,,,,,,,,,,,,,,,,,,,,,,,,,,,,,,,,,,,,,,,,,,,,,,,,,,,,,,,,,,,,,,,,,,,,,,,,,
#,CulturalHeritageUSA,FOREIGNPOLICY,_prereq_usa,map_usa,1,0.5,0.1,0,0+(1.0*x),0,0+(1.0*x),"_default_,1",,,,,,,,,,,,,,,,,,,,,,,,,,,,,,,,,,,,,,,,,,,,,,,"_year,0-(0.015*x)",,,,,,,,,,,,,,,,,,,,,,,,,,,,,,,,,,,,,,,,,,,"WWTrauma,-1+(2*x),16",,,,#,,"Comp,0+(0.3*x),16","Coop,0-(0.3*x),16",,"Individualism,0+(0.5*x),16","Collectivism,0-(0.5*x),16","Relativism,0+(0.4*x),16","Moralism,0+(0.4*x),16","Hedonism,0+(0.4*x),16","Prohibitionism,0+(0.2*x),16","Objectivism,0-(0.4*x),16","Subjectivism,0+(0.3*x),16",,,,,,,"ColTrauma,0+(1*x),16","WWTrauma,0+(0.8*x),16","CWTraumaa,0+(1*x),16",,,,,,,,,,,,,,,,,,,,,,,,,,,,,,,,,,,,,,,,,,,,,,,,,,,,,,,,,,,,,,,,,,,,,,,,,,,,,,,,,,,,,,,,,,,,,,,,,,,,,,,,,,,,,,,,,,,,,,,,,,,,,,,,,,,,,,,,,,,,,,,,,,,,,
#,CulturalHeritageChina,FOREIGNPOLICY,_prereq_china,map_china,1,0.5,0.1,0,0+(1.0*x),0,0+(1.0*x),"_default_,1",,,,,,,,,,,,,,,,,,,,,,,,,,,,,,,,,,,,,,,,,,,,,,,"_year,0-(0.015*x)",,,,,,,,,,,,,,,,,,,,,,,,,,,,,,,,,,,,,,,,,,,"WWTrauma,-1+(2*x),16",,,,#,,"Comp,0+(0.2*x),16","Coop,0+(0.6*x),16",,"Individualism,0-(0.2*x),16","Collectivism,0+(0.5*x),16","Relativism,0+(0.1*x),16",Moralism,"Hedonism,0-(0.1*x),16",Prohibitionism,"Objectivism,0+(0.3*x),16","Subjectivism,0-(0.1*x),16",,,,,,,ColTrauma,"WWTrauma,0+(1*x),16",CWTrauma,,,,,,,,,,,,,,,,,,,,,,,,,,,,,,,,,,,,,,,,,,,,,,,,,,,,,,,,,,,,,,,,,,,,,,,,,,,,,,,,,,,,,,,,,,,,,,,,,,,,,,,,,,,,,,,,,,,,,,,,,,,,,,,,,,,,,,,,,,,,,,,,,,,,,
#,CulturalHeritageFrance,FOREIGNPOLICY,_prereq_france,map_france,1,0.5,0.1,0,0+(1.0*x),0,0+(1.0*x),"_default_,1",,,,,,,,,,,,,,,,,,,,,,,,,,,,,,,,,,,,,,,,,,,,,,,"_year,0-(0.015*x)",,,,,,,,,,,,,,,,,,,,,,,,,,,,,,,,,,,,,,,,,,,"WWTrauma,-1+(2*x),16",,,,#,,"Comp,0-(0.5*x),16","Coop,0+(0.1*x),16",,"Individualism,0+(0.2*x),16","Collectivism,0-(0.5*x),16","Relativism,0+(0.2*x),16",Moralism,"Hedonism,0-(0.1*x),16",Prohibitionism,"Objectivism,0+(0.2*x),16","Subjectivism,0-(0.2*x),16",,,,,,,"ColTrauma,0+(1*x),16","WWTrauma,0+(0.8*x),16",CWTrauma,,,,,,,,,,,,,,,,,,,,,,,,,,,,,,,,,,,,,,,,,,,,,,,,,,,,,,,,,,,,,,,,,,,,,,,,,,,,,,,,,,,,,,,,,,,,,,,,,,,,,,,,,,,,,,,,,,,,,,,,,,,,,,,,,,,,,,,,,,,,,,,,,,,,,
#,CulturalHeritageRussia,FOREIGNPOLICY,_prereq_russia,map_russia,1,0.5,0.1,0,0+(1.0*x),0,0+(1.0*x),"_default_,1",,,,,,,,,,,,,,,,,,,,,,,,,,,,,,,,,,,,,,,,,,,,,,,"_year,0-(0.015*x)",,,,,,,,,,,,,,,,,,,,,,,,,,,,,,,,,,,,,,,,,,,"WWTrauma,-1+(2*x),16",,,,#,,"Comp,0-(0.5*x),16","Coop,0+(0.1*x),16",,"Individualism,0+(0.2*x),16","Collectivism,0-(0.5*x),16","Relativism,0+(0.2*x),16",Moralism,"Hedonism,0-(0.1*x),16",Prohibitionism,"Objectivism,0+(0.2*x),16","Subjectivism,0-(0.2*x),16",,,,,,,"ColTrauma,0-(1*x),16","WWTrauma,0+(0.8*x),16","CWTrauma,0+(0.8*x),16",,,,,,,,,,,,,,,,,,,,,,,,,,,,,,,,,,,,,,,,,,,,,,,,,,,,,,,,,,,,,,,,,,,,,,,,,,,,,,,,,,,,,,,,,,,,,,,,,,,,,,,,,,,,,,,,,,,,,,,,,,,,,,,,,,,,,,,,,,,,,,,,,,,,,
,CulturalHeritageJapan,,,,,,,,,,,,,,,,,,,,,,,,,,,,,,,,,,,,,,,,,,,,,,,,,,,,,,,,,,,,,,,,,,,,,,,,,,,,,,,,,,,,,,,,,,,,,,,,,,,,,,,,,,,,,,,,,,,,,,,,,,,,ColTrauma,WWTrauma,CWTrauma,,,,,,,,,,,,,,,,,,,,,,,,,,,,,,,,,,,,,,,,,,,,,,,,,,,,,,,,,,,,,,,,,,,,,,,,,,,,,,,,,,,,,,,,,,,,,,,,,,,,,,,,,,,,,,,,,,,,,,,,,,,,,,,,,,,,,,,,,,,,,,,,,,,,,
,CulturalHeritageAustralia,,,,,,,,,,,,,,,,,,,,,,,,,,,,,,,,,,,,,,,,,,,,,,,,,,,,,,,,,,,,,,,,,,,,,,,,,,,,,,,,,,,,,,,,,,,,,,,,,,,,,,,,,,,,,,,,,,,,,,,,,,,,ColTrauma,WWTrauma,CWTrauma,,,,,,,,,,,,,,,,,,,,,,,,,,,,,,,,,,,,,,,,,,,,,,,,,,,,,,,,,,,,,,,,,,,,,,,,,,,,,,,,,,,,,,,,,,,,,,,,,,,,,,,,,,,,,,,,,,,,,,,,,,,,,,,,,,,,,,,,,,,,,,,,,,,,,
,,,,,,,,,,,,,,,,,,,,,,,,,,,,,,,,,,,,,,,,,,,,,,,,,,,,,,,,,,,,,,,,,,,,,,,,,,,,,,,,,,,,,,,,,,,,,,,,,,,,,,,,,,,,,,,,,,,,,,,,,,,,,,,,,,,,,,,,,,,,,,,,,,,,,,,,,,,,,,,,,,,,,,,,,,,,,,,,,,,,,,,,,,,,,,,,,,,,,,,,,,,,,,,,,,,,,,,,,,,,,,,,,,,,,,,,,,,,,,,,,,,,,,,,,,,,,,,,,,,,,,,,,,,,,,,,,,,,
,,,,,,,,,,,,,,,,,,,,,,,,,,,,,,,,,,,,,,,,,,,,,,,,,,,,,,,,,,,,,,,,,,,,,,,,,,,,,,,,,,,,,,,,,,,,,,,,,,,,,,,,,,,,,,,,,,,,,,,,,,,,,,,,,,,,,,,,,,,,,,,,,,,,,,,,,,,,,,,,,,,,,,,,,,,,,,,,,,,,,,,,,,,,,,,,,,,,,,,,,,,,,,,,,,,,,,,,,,,,,,,,,,,,,,,,,,,,,,,,,,,,,,,,,,,,,,,,,,,,,,,,,,,,,,,,,,,,
,DARK TRIAD,,,,,,,,,,,,,,,,,,,,,,,,,,,,,,,,,,,,,,,,,,,,,,,,,,,,,,,,,,,,,,,,,,,,,,,,,,,,,,,,,,,,,,,,,,,,,,,,,,,,,,,,,,,,,,,,,,,,,,,,,,,,,,,,,,,,,,,,,,,,,,,,,,,,,,,,,,,,,,,,,,,,,,,,,,,,,,,,,,,,,,,,,,,,,,,,,,,,,,,,,,,,,,,,,,,,,,,,,,,,,,,,,,,,,,,,,,,,,,,,,,,,,,,,,,,,,,,,,,,,,,,,,,,,,,,,,,,
,Narcisism,WELFARE,,icons_mentalhealth,0,0.3,0.1,0,0+(1.0*x),0,0+(1.0*x),"Capitalist_perc,0+(1*x)*Conservatives_perc",,,,,,,,,,,,,,,,,,,,,,,,,,,,,,,,,,,,,,,,,,,,,,,,,,,,,,,,,,,,,,,,,,,,,,,,,,,,,,,,,,,,,,,,,,,,,,,,,,,,,,,,,,,,,,,,,,,,,,,,,,,,,,,,,,,,,,,,,,,,,,,,,,,,,,,,,,,,,,,,,,,,,,,,,,,,,,,,,,,,,,,,,,,,,,,,,,,,,,,,,,,,,,,,,,,,,,,,,,,,,,,,,,,,,,,,,,,,,,,,,,,,,,,,,,,,,,,,,,,,,,,,
,Psychopathy,WELFARE,,icons_mentalhealth,0,0.3,0.1,0,0+(1.0*x),0,0+(1.0*x),,,,,,,,,,,,,,,,,,,,,,,,,,,,,,,,,,,,,,,,,,,,,,,,,,,,,,,,,,,,,,,,,,,,,,,,,,,,,,,,,,,,,,,,,,,,,,,,,,,,,,,,,,,,,,,,,,,,,,,,,,,,,,,,,,,,,,,,,,,,,,,,,,,,,,,,,,,,,,,,,,,,,,,,,,,,,,,,,,,,,,,,,,,,,,,,,,,,,,,,,,,,,,,,,,,,,,,,,,,,,,,,,,,,,,,,,,,,,,,,,,,,,,,,,,,,,,,,,,,,,,,,,
,Machiavellianism,WELFARE,,icons_mentalhealth,0,0.3,0.1,0,0+(1.0*x),0,0+(1.0*x),,,,,,,,,,,,,,,,,,,,,,,,,,,,,,,,,,,,,,,,,,,,,,,,,,,,,,,,,,,,,,,,,,,,,,,,,,,,,,,,,,,,,,,,,,,,,,,,,,,,,,,,,,,,,,,,,,,,,,,,,,,,,,,,,,,,,,,,,,,,,,,,,,,,,,,,,,,,,,,,,,,,,,,,,,,,,,,,,,,,,,,,,,,,,,,,,,,,,,,,,,,,,,,,,,,,,,,,,,,,,,,,,,,,,,,,,,,,,,,,,,,,,,,,,,,,,,,,,,,,,,,,,
,,,,,,,,,,,,,,,,,,,,,,,,,,,,,,,,,,,,,,,,,,,,,,,,,,,,,,,,,,,,,,,,,,,,,,,,,,,,,,,,,,,,,,,,,,,,,,,,,,,,,,,,,,,,,,,,,,,,,,,,,,,,,,,,,,,,,,,,,,,,,,,,,,,,,,,,,,,,,,,,,,,,,,,,,,,,,,,,,,,,,,,,,,,,,,,,,,,,,,,,,,,,,,,,,,,,,,,,,,,,,,,,,,,,,,,,,,,,,,,,,,,,,,,,,,,,,,,,,,,,,,,,,,,,,,,,,,,,
,,,,,,,,,,,,,,,,,,,,,,,,,,,,,,,,,,,,,,,,,,,,,,,,,,,,,,,,,,,,,,,,,,,,,,,,,,,,,,,,,,,,,,,,,,,,,,,,,,,,,,,,,,,,,,,,,,,,,,,,,,,,,,,,,,,,,,,,,,,,,,,,,,,,,,,,,,,,,,,,,,,,,,,,,,,,,,,,,,,,,,,,,,,,,,,,,,,,,,,,,,,,,,,,,,,,,,,,,,,,,,,,,,,,,,,,,,,,,,,,,,,,,,,,,,,,,,,,,,,,,,,,,,,,,,,,,,,,
,,,,,,,,,,,,,,,,,,,,,,,,,,,,,,,,,,,,,,,,,,,,,,,,,,,,,,,,,,,,,,,,,,,,,,,,,,,,,,,,,,,,,,,,,,,,,,,,,,,,,,,,,,,,,,,,,,,,,,,,,,,,,,,,,,,,,,,,,,,,,,,,,,,,,,,,,,,,,,,,,,,,,,,,,,,,,,,,,,,,,,,,,,,,,,,,,,,,,,,,,,,,,,,,,,,,,,,,,,,,,,,,,,,,,,,,,,,,,,,,,,,,,,,,,,,,,,,,,,,,,,,,,,,,,,,,,,,,
,,,,,,,,,,,,,,,,,,,,,,,,,,,,,,,,,,,,,,,,,,,,,,,,,,,,,,,,,,,,,,,,,,,,,,,,,,,,,,,,,,,,,,,,,,,,,,,,,,,,,,,,,,,,,,,,,,,,,,,,,,,,,,,,,,,,,,,,,,,,,,,,,,,,,,,,,,,,,,,,,,,,,,,,,,,,,,,,,,,,,,,,,,,,,,,,,,,,,,,,,,,,,,,,,,,,,,,,,,,,,,,,,,,,,,,,,,,,,,,,,,,,,,,,,,,,,,,,,,,,,,,,,,,,,,,,,,,,
,,,,,,,,,,,,,,,,,,,,,,,,,,,,,,,,,,,,,,,,,,,,,,,,,,,,,,,,,,,,,,,,,,,,,,,,,,,,,,,,,,,,,,,,,,,,,,,,,,,,,,,,,,,,,,,,,,,,,,,,,,,,,,,,,,,,,,,,,,,,,,,,,,,,,,,,,,,,,,,,,,,,,,,,,,,,,,,,,,,,,,,,,,,,,,,,,,,,,,,,,,,,,,,,,,,,,,,,,,,,,,,,,,,,,,,,,,,,,,,,,,,,,,,,,,,,,,,,,,,,,,,,,,,,,,,,,,,,
,,,,,,,,,,,,,,,,,,,,,,,,,,,,,,,,,,,,,,,,,,,,,,,,,,,,,,,,,,,,,,,,,,,,,,,,,,,,,,,,,,,,,,,,,,,,,,,,,,,,,,,,,,,,,,,,,,,,,,,,,,,,,,,,,,,,,,,,,,,,,,,,,,,,,,,,,,,,,,,,,,,,,,,,,,,,,,,,,,,,,,,,,,,,,,,,,,,,,,,,,,,,,,,,,,,,,,,,,,,,,,,,,,,,,,,,,,,,,,,,,,,,,,,,,,,,,,,,,,,,,,,,,,,,,,,,,,,,
,,,,,,,,,,,,,,,,,,,,,,,,,,,,,,,,,,,,,,,,,,,,,,,,,,,,,,,,,,,,,,,,,,,,,,,,,,,,,,,,,,,,,,,,,,,,,,,,,,,,,,,,,,,,,,,,,,,,,,,,,,,,,,,,,,,,,,,,,,,,,,,,,,,,,,,,,,,,,,,,,,,,,,,,,,,,,,,,,,,,,,,,,,,,,,,,,,,,,,,,,,,,,,,,,,,,,,,,,,,,,,,,,,,,,,,,,,,,,,,,,,,,,,,,,,,,,,,,,,,,,,,,,,,,,,,,,,,,
,,,,,,,,,,,,,,,,,,,,,,,,,,,,,,,,,,,,,,,,,,,,,,,,,,,,,,,,,,,,,,,,,,,,,,,,,,,,,,,,,,,,,,,,,,,,,,,,,,,,,,,,,,,,,,,,,,,,,,,,,,,,,,,,,,,,,,,,,,,,,,,,,,,,,,,,,,,,,,,,,,,,,,,,,,,,,,,,,,,,,,,,,,,,,,,,,,,,,,,,,,,,,,,,,,,,,,,,,,,,,,,,,,,,,,,,,,,,,,,,,,,,,,,,,,,,,,,,,,,,,,,,,,,,,,,,,,,,
,,,,,,,,,,,,,,,,,,,,,,,,,,,,,,,,,,,,,,,,,,,,,,,,,,,,,,,,,,,,,,,,,,,,,,,,,,,,,,,,,,,,,,,,,,,,,,,,,,,,,,,,,,,,,,,,,,,,,,,,,,,,,,,,,,,,,,,,,,,,,,,,,,,,,,,,,,,,,,,,,,,,,,,,,,,,,,,,,,,,,,,,,,,,,,,,,,,,,,,,,,,,,,,,,,,,,,,,,,,,,,,,,,,,,,,,,,,,,,,,,,,,,,,,,,,,,,,,,,,,,,,,,,,,,,,,,,,,
