,,zone,def,min,max,emotion,icon,CAUSES,C-MISC,C-MISC,C-MISC,C-MISC,C-MISC,C-NEW SITU,C-NEW SITU,C-NEW SITU,C-NEW SITU,C-NEW SITU,C-NEW SITU,C-NEW SITU,C-NEW SITU,SEP,C-SITU,C-SITU,C-SITU,C-SITU,C-SITU,C-SITU,C-SITU,C-SITU,C-SITU,C-SITU,C-SITU,C-SITU,C-SITU,C-SITU,C-SITU,C-SITU,C-SITU,C-SITU,C-SITU,C-SITU,C-SITU,C-SITU,C-SITU,C-SITU,C-SITU,C-SITU,C-SITU,C-SITU,C-SITU,C-SITU,C-SITU,C-SITU,C-SITU,C-SITU,C-SITU,C-SITU,SEP,C-GROUPS,C-GROUPS,C-GROUPS,C-GROUPS,C-GROUPS,C-GROUPS,C-GROUPS,C-GROUPS,C-GROUPS,C-GROUPS,C-GROUPS,C-GROUPS,C-GROUPS,C-GROUPS,C-GROUPS,C-GROUPS,C-GROUPS,C-GROUPS,C-GROUPS,SEP,C-EMOTIONS,C-EMOTIONS,C-EMOTIONS,C-EMOTIONS,C-EMOTIONS,C-EMOTIONS,SEP,C-NEW SIMU,C-NEW SIMU,C-NEW SIMU,C-NEW SIMU,C-NEW SIMU,C-NEW SIMU,C-NEW SIMU,C-NEW SIMU,SEP,C-SIMU,C-SIMU,C-SIMU,C-SIMU,C-SIMU,C-SIMU,C-SIMU,C-SIMU,C-SIMU,C-SIMU,C-SIMU,C-SIMU,C-SIMU,C-SIMU,C-SIMU,C-SIMU,C-SIMU,C-SIMU,C-SIMU,C-SIMU,C-SIMU,C-SIMU,C-SIMU,C-SIMU,C-SIMU,C-SIMU,C-SIMU,C-SIMU,C-SIMU,C-SIMU,C-SIMU,C-SIMU,C-SIMU,C-SIMU,C-SIMU,C-SIMU,C-SIMU,C-SIMU,C-SIMU,C-SIMU,C-SIMU,C-SIMU,C-SIMU,C-SIMU,C-SIMU,C-SIMU,C-SIMU,C-SIMU,C-SIMU,C-SIMU,C-SIMU,C-SIMU,C-SIMU,C-SIMU,C-SIMU,C-SIMU,C-SIMU,C-SIMU,C-SIMU,C-SIMU,C-SIMU,C-SIMU,C-SIMU,C-SIMU,C-SIMU,C-SIMU,C-SIMU,C-SIMU,C-SIMU,C-SIMU,C-SIMU,MandatoryMicrochipImplant,Mandatorymicrogeneration,MansionTax,MarriedTaxAllowance,MarsProgram,MaternityLeave,MicrogenerationGrants,MilitarySpending,MinimumWage,Monorail,MortgageTaxRelief,Narcotics,Nationalanthematstartofnews,Nationalanthemsinschool,NationalArmedForcesWeek,NationalBusinessCouncil,NationalService,NeedleExchangeProgram,Newcarsubsidies,NuclearFission,OilDrillingSubsidy,OneChildPolicy,OrganDonation,OrganicSubsidy,PayrollTax,PetrolTax,PhoneTapping,PlasticBagTax,PoliceDrones,PoliceForce,PollutionControls,PressFreedom,PrisonerTagging,PrisonerVoting,PrisonRegime,Prisons,PrivatePrisons,PropertyTax,ProportionalFines,PublicLibraries,Publicreligiousbroadcasts,Publictaxreturns,Punitivetaxonsuperstores,Punitivewealthtax,QuantitativeEasing,RaceDiscriminationAct,RacialProfiling,RareEarthRefinement,RecreationalDrugsTax,Recycling,Reforestation,RentControls,RetirementAge,RightToDie,RightToPrivacy,RoadBuilding,RoboticsResearch,RubberBullets,RuralDevelopmentGrants,SalesTax,SateliteRoadPricing,SchoolBuses,SchoolPrayers,SchoolTaxCredits,SchoolVouchers,ScienceFunding,SecretCourts,SelectiveSchooling,,EFFECTS,E-MISC,E-MISC,E-MISC,E-MISC,E-MISC,E-MISC,E-MISC,E-MISC,E-MISC,E-MISC,E-MISC,E-MISC,E-MISC,E-MISC,E-MISC,E-MISC,E-NEW SIMU,E-NEW SIMU,E-NEW SIMU,E-NEW SIMU,E-NEW SIMU,E-NEW SIMU,E-NEW SIMU,E-NEW SIMU,E-,E-GROUPS,E-GROUPS,E-GROUPS,E-GROUPS,E-GROUPS,E-GROUPS,E-GROUPS,E-GROUPS,E-GROUPS,E-GROUPS,E-GROUPS,E-GROUPS,E-GROUPS,E-GROUPS,E-GROUPS,E-GROUPS,E-GROUPS,E-GROUPS,E-GROUPS,E-GROUPS,E-EMOTIONS,E-EMOTIONS,E-EMOTIONS,E-EMOTIONS,E-EMOTIONS,E-EMOTIONS,E-SIMU,E-SIMU,E-SIMU,E-SIMU,E-SIMU,E-SIMU,E-SIMU,E-SIMU,E-SIMU,E-SIMU,E-SIMU,E-SIMU,E-SIMU,E-SIMU,E-SIMU,E-SIMU,E-SIMU,E-SIMU,E-SIMU,E-SIMU,E-SIMU,E-SIMU,E-SIMU,E-SIMU,E-SIMU,E-SIMU,E-SIMU,E-SIMU,E-SIMU,E-SIMU,E-SIMU,E-SIMU,E-SIMU,E-SIMU,E-SIMU,E-SIMU,E-SIMU,E-SIMU,E-SIMU,E-SIMU,E-SIMU,E-SIMU,E-SIMU,E-SIMU,E-SIMU,E-SIMU,E-SIMU,E-SIMU,E-SIMU,E-SIMU,E-SIMU,E-SIMU,E-SIMU,E-SIMU,E-SIMU,E-SIMU,E-SIMU,E-SIMU,E-SIMU,E-SIMU,E-SIMU,E-SIMU,E-SIMU,E-SIMU,E-SIMU,E-SIMU,E-SIMU,E-SIMU,E-SIMU,E-SIMU,E-SIMU,,,,
,CULTURE MARKERS,,,,,,,,,,,,,ColTrauma,WWTrauma,CWTrauma,RIP,CRT,CGT,LuxuryBeliefs,Complotism,SEP,SkillsShortage,Pollution,Uncompetitive Economy,TechnologicalAdvantage,HighProductivity,StreetGangs,AntisocialBehaviour,GeneralStrike,TechnologyBackwater,InnerCityRiots,Organised Crime,Alcoholism,VigilanteMobs,ArmedRobbery,ContagiousDisease,TeachersStrike,AsthmaEpidemic,HospitalOvercrowding,DrugAddiction,TeacherShortage,DoctorsStrike,BrainDrain,PetrolProtests,BlackMarket,TaxEvasion,Rail Strike,Homelessness,ClassWarfare,Gridlock,InternetCrime,DebtCrisis,CorporateExodus,RaceRiots,Ghettos,Obesity,,SEP,,,,,,,,,,,,,,,,,,,,SEP,,,,,,,SEP,,,,,,,,,SEP,,,,,,,,,,,,,,,,,,,,,,,,,,,,,,,,,,,,,,,,,,,,,,,,,,,,,,,,,,,,,,,,,,,,,,,,AbortionLaw,AdultEducationSubsidies,AgricultureSubsidies,AirlineTax,AlcoholAwarenessCampaign,AlcoholLaw,AlcoholTax,AntibioticsBan,AntiCorruptionAgency,ArmedPolice,ArtsSubsidies,AutomationTax,BanCoal,Bandivorce,Banforeignchurchservice,Banhomosexuality,Banlowmpgcars,Banprivateeducation,Banprivatehealthcare,BanSecondHomeOwnership,BanSundayShopping,BicycleSubsidies,BiofuelSubsidies,BodyCameras,BorderControls,BorderWall,BusinessStartupCampaign,BusLanes,BusSubsidies,CapCEOPayMultiplier,CapitalControls,CapitalGainsTax,CarbonCaptureAndStorage,CarbonTax,CarEmmissionsLimits,CarPoolingCampaign,CarTax,CCTVCameras,CharityTaxRelief,ChildBenefit,ChildcareProvision,CitizenshipTests,CityFarms,CleanEnergySubsidies,CleanFuelSubsidy,ClimateChangeAdaptionFund,Closeairportscompletely,CommunityPolicing,Compulsorychurchattendance,CompulsoryFoodLabelling,CompulsoryForeignLanguageClasses,Compulsorylanguagelessons,CompulsorySchoolSports,Compulsoryworkfortheunemployed,CongestionCharging,ConsumerRights,CorporationTax,Creationism,Curfews,Cyberbullyingawarenesscampaign,CyclingCampaign,DeathPenalty,DetentionWithoutTrial,DiplomaticService,DisabilityBenefit,Diversityquotasforcompanies,DivertedProfitsTax,DriverlessCarLaws,,#,,,,,,,,,,,,,,,,,Comp,Coop,Culture,LocalCommunities,BureaucraticKnowledge,GenderTension,SingleParents,StayAtHomeParents,,EthnicMinorities,Capitalist,Socialist,,Liberal,Conservatives,Retired,Young,SelfEmployed,TradeUnionist,Parents,StateEmployees,Motorist,Commuter,Patriot,Religious,Poor,MiddleIncome,Wealthy,Environmentalist,Anger,Anxiety,Disgust,Envy,Fear,Paranoia,GlobalCO2,_HighIncome,_MiddleIncome,_LowIncome,_Terrorism,AirTravel,AlcoholConsumption,AverageTemperature,BusinessConfidence,BusUsage,CarUsage,Charity,CO2Emissions,Corruption,CrimeRate,CurrencyStrength,Democracy,Education,ElectricCarTransition,Emigration,EnergyEfficiency,Environment,Equality,FoodPrice,ForeignAidReceived,ForeignInvestment,ForeignRelations,GDP,GenderEquality,GenerationalWealthGap,Health,HealthcareDemand,HumanDevelopment,Immigration,ImmigrationDemand,IllegalImmigration,IndustrialAutomation,Inflation,InternationalTrade,InternetCurrencyAdoption,InternetSpeed,LegalDrugConsumption,Lifespan,OilDemand,OilPrice,OilSupply,Population,PovertyRate,PrivateEnergy,PrivateHealthcare,PrivateHousing,PrivatePensions,PrivateRail,PrivateSchools,PrivateTelecoms,PrivateWater,RacialTension,RailUsage,Stability,Technology,TobaccoUse,Tourism,TrafficCongestion,Unemployment,Veganism,ViolentCrimeRate,Wages,WorkerProductivity,WorkingWeek,RareEarthPrice,MentalHealth,,,,
,,,,,,,,,,,,,,HookupCulture,FatAcceptance,PSAFatigue,FunctionalIlliteracy,AbortionObjectors,Fundamentalism,SlowJustice,Absenteeism,SEP,CyberWarfare,FakeNews,ArmedReligiousCommunities,EgalitarianSociety,ExtremeNationalism,ExtremePoverty,,Cyclones,Foodcrisis,DroneWars,Rareearthcrisis,Realestatebubble,LudditeRiots,Antibiotics-ResitantBacteria,Watershortage,,MultinationalTaxEvasion,GigEconomy,EnvironmentalProtests,DriverlessCars,FoodBanks,CyberBullying,,PrisonOvercrowding,Hyperinflation,,EmergencyPowers,,FemaleGenitalMutilation,EndangeredSpecies,ForeignIntelligenceInterference,PowerBlackouts,HIVAIDS,Malaria,MineralWealth,,SEP,,,,,,,,,,,,,,,,,,,,SEP,,,,,,,SEP,,,,,,,,,SEP,,,,,,,,,,,,,,,,,,,,,,,,,,,,,,,,,,,,,,,,,,,,,,,,,,,,,,,,,,,,,,,,,,,,,,,,SmallBusinessGrants,SmartMeterProgram,SocialCare,SocialJusticeFoundation,SpaceProgram,SpeedCameras,StampOutRacismWeek,StateAirline,StateBroadcaster,StateEnergy,StateHealthService,StateHousing,StatePensions,StatePostService,StateRail,StateSchools,StateTelecoms,StateWater,StemCells,SyntheticMeatResearchGrants,Tasers,TaxShelters,TearGas,TechnologyColleges,TechnologyGrants,TelecommutingInitiative,TobaccoAwarenessCampaign,TobaccoTax,TollRoads,TortureUsageBySecretServices,TourismAdCampaign,TradeCouncil,Tradeunionbansatcompanies,UnemployedBenefit,UniversalBasicIncome,UniversityGrants,VerticalFarmSubsidies,WaterCannon,WelfareFraudDept,WinterFuelSubsidy,WitnessProtectionProgram,WorkersOnBoards,WorkSafetyLaw,YoungEntrepreneurScheme,YouthClubSubsidies,YouthPoliticsCouncil,,SolidarityTax,CitizenshipForSale,ImmigrationRules,RefugeePolicy,banwomendriving,religioustax,religiousbanknotes,statereligion,desalination,watermeters,plasticstax,packagingtax,unexplainedwealth,competitionlaw,bordernavy,NuclearWeapons,co2campaign,banalcohol,bantobacco,bancrypto,workersdividend,bansocialmedia,,,,,,,,,,,,,,,,,,,,,,,,,,,,,,,,,,,,,,,,,,,,,,,,,,,,,,,,,,,,,,,,,,,,,,,,,,,,,,,,,,,,,,,,,,,,,,,,,,,,,,,,,,,,,,,,,,,,,,,,,,,,,,,
,,,,,,,,,,,,,,TrophySyndrome,NewAge,GreenWashing,WokeWashing,DegrowthDoctrine,QuietQuitting,PlannedObsolescence,CreatorEconomy,SEP,,,,,OilWealth,PrivateSpaceProgram,NorthWestPassage,IllegalImmigrationCrisis,,NorthKorea,,EUContribution,EUSubsidies,EUMonetaryPolicy,Monarchy,Erasmus,,MediaMonopolies,Bureaucracy,SocialMediaAddiction,,,,,,,,,,,,,,,,Polarization,SEP,EthnicMinorities,C-Capitalist,C-Socialist,,C-Liberal,C-Conservatives,C-Retired,C-Young_perc,C-SelfEmployed_perc,C-TradeUnionist_perc,C-Parents_perc,C-StateEmployees_perc,C-Motorist_perc,C-Commuter_perc,C-Patriot_perc,c-Religious_perc,,C-Wealthy_perc,C-Environmentalist_perc,SEP,C-Anger,C-Anxiety,C-Disgust,C-Envy,C-Fear,C-Paranoia,SEP,Comp,Coop,Culture,LocalCommunities,BureaucraticKnowledge,GenderTension,SingleParents,StayAtHomeParents,SEP,GlobalCO2,_HighIncome,_LowIncome,_MiddleIncome,_Terrorism,AirTravel,AlcoholConsumption,AverageTemperature,BusinessConfidence,BusUsage,CarUsage,Charity,CO2Emissions,Corruption,CrimeRate,CurrencyStrength,Democracy,Education,ElectricCarTransition,Emigration,EnergyEfficiency,Environment,Equality,FoodPrice,ForeignAidReceived,ForeignInvestment,ForeignRelations,GDP,GenderEquality,GenerationalWealthGap,Health,HealthcareDemand,HumanDevelopment,Immigration,ImmigrationDemand,IllegalImmigration,IndustrialAutomation,Inflation,InternationalTrade,InternetCurrencyAdoption,InternetSpeed,LegalDrugConsumption,Lifespan,OilDemand,OilPrice,OilSupply,Population,PovertyRate,PrivateEnergy,PrivateHealthcare,PrivateHousing,PrivatePensions,PrivateRail,PrivateSchools,PrivateTelecoms,PrivateWater,RacialTension,RailUsage,Stability,Technology,TobaccoUse,Tourism,TrafficCongestion,Unemployment,Veganism,ViolentCrimeRate,Wages,WorkerProductivity,WorkingWeek,RareEarthPrice,MentalHealth,DroneStrikeAct,DrugEnforcement,DrugTreatment,EcoHomeRegulations,ElectricCarsInitiative,EmptyHomesTax,EnterpriseInvestmentScheme,ExecutiveTermLength,ExecutiveTermLimit,FaithSchoolSubsidies,FamilyPlanning,FemaleGenitalMutilationBan,FinancialTransactionsTax,Flagsoneverystreetcorner,FlatTax,FoodStamps,FoodStandards,Forcepoliticalmilitaryreligiousoath,ForeignAid,ForeignInvestmentRestrictions,ForeignInvestorTaxBreaks,FreeBusPasses,FreeEyeTests,FreeParentingClasses,FreeSchoolMeals,FrequentFlyerTax,FuelEfficiency,Gambling,GameHunting,GatedCommunities,GayMarriage,GenderDiscriminationAct,GenderTransition,GeneralMediaCensorship,GovernmentSubsidiesForUnions,GraduateTax,GreenElectronicsInitiative,HandgunLaws,HealthcareVouchers,HealthFoodSubsidies,HealthTaxCredits,HealthyEatingCampaign,HelicopterMoney,HumanCloningResearchGrants,HybridCarsInitiative,IDCards,ImportTarrifs,IncomeTax,InheritanceTax,IntellectualPropertyRights,IntelligenceServices,InternationalFusionResearchProject,InternetCensorship,InternetCurrencyTaxation,InternetTax,JudiciaryIndependence,JunkFoodTax,JuryTrial,KeepTheCountryTidyCampaign,LaborDayBankHoliday,LabourLaws,LegalAid,LegaliseProstitution,LimitAutomatedTrading,Limitorbancarsincities,LuxuryGoodsTax,,,,,,,,,,,,,,,,,,,,,,,,,,,,,,,,,,,,,,,,,,,,,,,,,,,,,,,,,,,,,,,,,,,,,,,,,,,,,,,,,,,,,,,,,,,,,,,,,,,,,,,,,,,,,,,,,,,,,,,,,,,,,,,,,,
#,Individualism,WELFARE,0,0,1.0,UNKNOWN,icons_individualism,#,"Culture,-1+(1*x),32",,,,,,,,,,,,,,,,,,,,,,,,,,,,,,,,,,,,,"Banprivateeducation,0-(0.025*x),32","Banprivatehealthcare,0-(0.025*x),32","BanSecondHomeOwnership,0-(0.025*x),32",,,,,,,,,,,,,"Capitalist_perc,0+(0.5*x*x*x),32",,,,"Conservatives_perc,0+(0.5*x*x*x)*RIP,32",,,"SelfEmployed_perc,0+(0.5*x*x*x),32",,,,"Motorist_perc,0+(0.5*x*x*x),32",,,,,"Wealthy_perc,0+(1*x),32",,,,,,,,,,"Comp,0+(0.5*x*x*x*x),32",,,,,,,,,,,,,,,,,,,,,,,"CrimeRate,0+(0.2*x),32",,,,,,,,,,,,,,,,,,,,,,,,,,,,,,,,,,"PrivateEnergy,0+(0.15*x),32","PrivateHealthcare,0+(0.15*x),32","PrivateHousing,0+(0.15*x),32","PrivatePensions,0+(0.15*x),32","PrivateRail,0+(0.15*x),32","PrivateSchools,0+(0.15*x),32","PrivateTelecoms,0+(0.15*x),32","PrivateWater,0+(0.15*x),32","PrivateEntertainment,0+(0.1*x)",,,,,,,,,"ViolentCrimeRate,0+(0.2*x),32",,,,,,,,,,,,,,,,,,,,,,,,,"LuxuryGoodsTax,0-(0.25*x),32",,,,,,"CyberBullying,0+(0.2*x),32","AntisocialBehaviour,0+(0.2*x),32",,,"Banprivateeducation,0-(0.1*x),32","Banprivatehealthcare,0-(0.1*x),32","BanSecondHomeOwnership,0-(0.1*x),32",,,,,,,,,,,,,,,,,,,,,,,,,,,,,,,,,,,,,,#,"TrackerCultural,0+(1*x)",,,,,,,,,,,,,,,,,,,,,,,,,,,,,,,,,,,,,,,,,,,,,,,,,,,,,,,,,,,,,,,,,,,,,,,,,,,,,,,,,,,,,,,,,,,,,,,,,,,,,,,,,,,,,,,,,,,,,,,,,,,,,
#,Collectivism,WELFARE,0,0,1.0,UNKNOWN,icons_collectivism,#,"Culture,-1+(1*x),32",,,,,,,,,,,,,,,,,,,,,,,,,,,,,,,,,,,,,,,,,,,,,,,,,,,,,"Socialist_perc,0+(0.5*x*x*x),32",,"Liberal_perc,0+(0.5*x*x*x)*RIP,32",,,,,"TradeUnionist_perc,0+(0.5*x*x*x),32",,"StateEmployees_perc,0+(0.5*x*x*x),32",,"Commuter_perc,0+(0.5*x*x*x),32","Patriot_perc,0+(0.5*x*x*x)*ExtremeNationalism,32",,,"Wealthy_perc,0+(1*x)*LuxuryBeliefs,32",,,,,,,,,,,"Coop,0+(0.5*x*x*x*x),32",,"LocalCommunities,0+(0.25*x*x*x),32",,,,,,,,,,,,,,,,,,,,,,,,,,,,,,,,,,,,,,,,,,,,,,,,,,,,,"PovertyRate,0+(0.15*x*x*x*x),32","StateEnergy,0+(0.1*x),32","StateHealthService,0+(0.1*x),32","StateHousing,0+(0.1*x),32","StatePensions,0+(0.1*x),32","StateRail,0+(0.2*x*x),32","StateSchools,0+(0.1*x),32","StateTelecoms,0+(0.2*x*x),32","StateWater,0+(0.1*x),32","StateAirline,0+(0.2*x*x),32","StateBroadcaster,0+(0.1*x),32","StatePostService,0+(0.1*x),32",,,,,,,,,,,,,,,,,,,,,,,,,,,,,,,,,"FoodStamps,0+(0.1*x),32","FreeBusPasses,0+(0.05*x),32","FreeEyeTests,0+(0.05*x),32","FreeParentingClasses,0+(0.05*x),32","FreeSchoolMeals,0+(0.05*x),32","CyberBullying,0-(0.2*x),32","AntisocialBehaviour,0-(0.2*x),32",,,,,,,,,,,,,,,,,,,,,,,,,,,,,,,,,,,,,,,,,,,#,"TrackerCultural,0+(1*x)",,,,,,,,,,,,,,,,,,,,,,,,,,,,,,,,,,,,,,,,,,,,,,,,,,,,,,,,,,,,,,,,,,,,,,,,,,,,,,,,,,,,,,,,,,,,,,,,,,,,,,,,,,,,,,,,,,,,,,,,,,,,,
#,Relativism,WELFARE,0,0,1.0,UNKNOWN,icons_relativism,#,"Culture,-1+(1*x),32",,,,,,,,,,,,,,,,,,,,,,,,,,,,,,,,,,,,,,,,,,,,,,,,,,,"EthnicMinorities_perc,0+(0.5*x*x*x),32",,,,"Liberal_perc,0+(0.5*x*x*x)*DegrowthDoctrine,32",,,"Young_perc,0+(0.5*x*x*x),32",,,,,,,,,,,"Environmentalist_perc,0+(1*x*x*x)*DegrowthDoctrine,32",,,,,,,,,"Comp,1-(2*x),32","Coop,1-(2*x),32",,,,,,,,,,,,,,,,,,,,,,"CrimeRate,0+(0.2*x),32",,,,,,,,,,,,,,,,,,,,,,,,,,,,,,,,,,,,,,,,,,,,,,,,,,,"ViolentCrimeRate,0+(0.2*x),32",,,,,,,,,,,,"StampOutRacismWeek,x*(1-RIP)*0.1,32",,,,,,,"Bandivorce,0-(0.05*x),32","Banforeignchurchservice,0-(0.1*x),32",,,,,,,,,,,"CyberBullying,0+(0.2*x),32","AntisocialBehaviour,0+(0.2*x),32",,,,,,,,,,,,,,,,,,,,,,,,,,,,,,,,,,,,,,,,,,,#,"TrackerCultural,0+(1*x)",,,,,,,,,,,,,,,,,,,,,,,,,,,,,,,,,,,,,,,,,,,,,,,,,,,,,,,,,,,,,,,,,,,,,,,,,,,,,,,,,,,,,,,,,,,,,,,,,,,,,,,,,,,,,,,,,,,,,,,,,,,,,
#,Universalism,WELFARE,0,0,1.0,UNKNOWN,icons_universalism,#,"Culture,-1+(1*x),32",,,,,,,,,,,,,,,,,,,,,,,,,,,,,,,,,,"AbortionLaw,0-(0.25*x*x*x*x),32",,,,,,,,,,,,,,,,,,,,"Liberal_perc,0+(0.5*x*x*x)*CGT,32","Liberal_perc,0+(0.5*x*x*x)*CRT,32","Conservatives_perc,0+(0.5*x*x*x),32","Retired_perc,0+(0.5*x*x*x),32",,,,"Parents_perc,0+(0.5*x*x*x),32",,,,,"Religious_perc,0+(1*x),32",,,,,,,,,,,,,,,,,,,,,,,,,,,,,,,,,,,,,,,,,,,,,,,,,,,,,,,,,,,,,,,,,,,,,,,,,,,,,,,,,,,,,,,,,,,,,,,,,,"StampOutRacismWeek,0+(0.1*x*x)*RIP,32",,,,,,,,,,"SocialJusticeFoundation,0+(0.1*x*x),32",,,,,,,,,"CyberBullying,0-(0.2*x),32","AntisocialBehaviour,0-(0.2*x),32","Banhomosexuality,0+(0.1*x),32","FunctionalIlliteracy,0+(0.1*x),32",,,,"BanSundayShopping,0+(0.05*x),32",,,,,,"Compulsorychurchattendance,0+(0.1*x),32",,,,,,,"DeathPenalty,0+(0.2*x*x*x),32",,,,,,,,,,,,,,,,,,,,,,,,#,"TrackerCultural,0+(1*x)",,,,,,,,,,,,,,,,,,,,,,,,,,,,,,,,,,,,,,,,,,,,,,,,,,,,,,,,,,,,,,,,,,,,,,,,,,,,,,,,,,,,,,,,,,,,,,,,,,,,,,,,,,,,,,,,,,,,,,,,,,,,,
#,Hedonism,WELFARE,0,0,1.0,UNKNOWN,icons_hedonism,#,"Culture,-1+(1*x),32",,,,,,,,,,,,,,,,,,,,,,,,,,,,,,,,,,,,,,,,,,,,,,,,"Obesity,0+(0.25*x),32",,,,"Capitalist_perc,0+(0.5*x*x*x)*Relativism_id,32",,,"Liberal_perc,0+(0.5*x*x*x),32",,,"Young_perc,0+(0.5*x*x*x),32",,,,,"Motorist_perc,0+(0.5*x*x*x),32",,,,,"Wealthy_perc,0+(1*x),32","MiddleIncome_perc,0+(1*x*x*x)*Relativism_id,32",,,,,,,,,,,,,,,,,,,,,,,,"AlcoholConsumption,0+(0.25*x),32",,,,,,,,"CrimeRate,0+(0.2*x),32",,,,,,,,,,,,,,,,,,,,,,,,,,,"LegalDrugConsumption,0+(0.25*x),32",,,,,,,,,,,,,,,,,,,"TobaccoUse,0+(0.25*x),32",,,"Unemployment,0+(0.5*x),32",,"ViolentCrimeRate,0+(0.2*x),32","Wages,0+(0.2*x*x*x)*_compl_MentalHealth,32",,,,,,,,,,,,,,,,,,,,"LegaliseProstitution,0+(0.35*x*x*x),32",,,,"LuxuryGoodsTax,0-(0.25*x),32",,,,,,"CyberBullying,0+(0.2*x),32","AntisocialBehaviour,0+(0.2*x),32",,,,,,,,,,,,,,,,,,,,,,,,,,,,,,,,,,,,,,,,,,,#,"TrackerCultural,0+(1*x)",,,,,,,,,,,,,,,,,,,,,,,,,,,,,,,,,,,,,,,,,,,,,,,,,,,,,,,,,,,,,,,,,,,,,,,,,,,,,,,,,,,,,,,,,,,,,,,,,,,,,,,,,,,,,,,,,,,,,,,,,,,,,
#,Prohibitionism,WELFARE,0,0,1.0,UNKNOWN,icons_prohibitionism,#,"Culture,-1+(1*x),32",,,,,,,,,,,,,,,,,,,,,,,,,,,,,,,,,,,,,,,,,,,,,,,,"Obesity,0-(0.1*x),32",,,,,"Socialist_perc,0+(0.5*x*x*x)*Universalism_id,32",,,"Conservatives_perc,0+(0.5*x*x*x),32",,,,,"Parents_perc,0+(0.5*x*x*x),32",,,"Commuter_perc,0+(0.5*x*x*x),32",,"Religious_perc,0+(0.5*x*x*x),32",,"Wealthy_perc,0+(1*x)*LuxuryBeliefs,32","Environmentalist_perc,0+(1*x*x*x),32",,,,,,,"Paranoia,0+(0.5*x),32",,,,,,,,,,,,,,,,,"AlcoholConsumption,0-(0.25*x),32",,,,,,,,,,,,,,,,,,,,,,,,,,,,,,,,,,,,,,,,,,,,,,,,,,,,,,,,,,,,,,,,,,,,,,,,,,,,,,,"Narcotics,0.87-(x^0.2),32",,"banalcohol,0+(0.5*x*x*x*x),32","bantobacco,0+(0.25*x*x*x*x),32","Gambling,0-(0.15*x*x*x),32",,,,,,,"CyberBullying,0-(0.2*x),32","AntisocialBehaviour,0-(0.2*x),32",,,,,,,,,,,,,,,,,,,,,,,,,,,,,,,,,,,,,,,,,,,#,"TrackerCultural,0+(1*x)",,,,,,,,,,,,,,,,,,,,,,,,,,,,,,,,,,,,,,,,,,,,,,,,,,,,,,,,,,,,,,,,,,,,,,,,,,,,,,,,,,,,,,,,,,,,,,,,,,,,,,,,,,,,,,,,,,,,,,,,,,,,,
#,Objectivism,WELFARE,0,0,1.0,UNKNOWN,icons_objectivism,#,"Culture,-1+(1*x),32",,,,,,,,,,,,,,,,,,,,,,,,,,,,,,,,,,,,,,,,,,,,,,,,,,,,,,,,"Conservatives_perc,0+(0.5*x*x*x),32",,,,,,,,,,,,,,,"Anger,0-(0.2*x*x*x*x),32","Anxiety,0-(0.2*x*x*x*x),32","Disgust,0-(0.2*x*x*x*x),32","Envy,0-(0.2*x*x*x*x),32","Fear,0-(0.2*x*x*x*x),32","Paranoia,0-(0.2*x*x*x*x),32",,,,,,,,,,,,,,,,,,,,,,,,,,,,"Education,0+(0.25*x),32",,,,,,,,,,,,,,,,,,,,,,,,,,,,,,,,,,,,,,,,,,"Technology,0+(0.25*x),32",,,,,,,,,,,,,,,,,,,,,,,,,,,,,,"Gambling,0-(0.5*x*x),32",,,,,"Creationism,0+(0.6*x*x*x*x),32",,"CyberBullying,0-(0.2*x),32","AntisocialBehaviour,0-(0.2*x),32",,,,,,,,,,,,"Compulsorychurchattendance,0-(0.1*x),32",,,,,,,,,,,,,,,,,,,,,,,,,,,,,,,#,"TrackerCultural,0+(1*x)",,,,,,,,,,,,,,,,,,,,,,,,,,,,,,,,,,,,,,,,,,,,,,,,,,,,,,,,,,,,,,,,,,,,,,,,,,,,,,,,,,,,,,,,,,,,,,,,,,,,,,,,,,,,,,,,,,,,,,,,,,,,,
#,Subjectivism,WELFARE,0,0,1.0,UNKNOWN,icons_subjectivism,#,"Culture,-1+(1*x),32",,,,,,,,,,,,,,,,,,,,,,,,,,,,,,,,,"SocialMediaAddiction,0+(0.2*x),32",,,,,,,,,,,,,,,,,,,,,,"Liberal_perc,0+(0.5*x*x*x),32",,,"Young_perc,0+(0.5*x*x*x),32",,,,,,,"Religious_perc,0+(0.5*x*x)*_compl_Education,32","Religious_perc,0+(0.5*x*x*x)*NewAge,32",,"Wealthy_perc,0+(1*x)*NewAge,32","Environmentalist_perc,0+(1*x*x*x)*NewAge,32",,"Anger,0+(0.2*x*x*x*x),32","Anxiety,0+(0.2*x*x*x*x),32","Disgust,0+(0.2*x*x*x*x),32","Envy,0+(0.2*x*x*x*x),32","Fear,0+(0.2*x*x*x*x),32","Paranoia,0+(0.2*x*x*x*x),32",,,,,,,,,,,,,,,,,,,,,,,,,"CrimeRate,0+(0.2*x),32",,,,,,,,,,,,,,,,,,,,,,,,,,,"LegalDrugConsumption,0+(0.1*x*x),32",,,,,,,,,,,,,,,,,,"Technology,0+(0.25*x*x)*_compl_Education,32",,,,,,"ViolentCrimeRate,0+(0.2*x),32",,,,,,,,,,,,,,,,,,,,,,,,,,,"NuclearWeapons,0+(0.15*x*x),32",,"Creationism,-0.4+0.1/x,32",,"CyberBullying,0+(0.2*x),32","AntisocialBehaviour,0+(0.2*x),32",,,,,,"BanSundayShopping,0+(0.05*x),32",,,,,,"Compulsorychurchattendance,0+(0.1*x),32",,,,,,,,,,,,,,,,,,,,,,,,,,,,,,,#,"TrackerCultural,0+(1*x)",,,,,,,,,,,,,,,,,,,,,,,,,,,,,,,,,,,,,,,,,,,,,,,,,,,,,,,,,,,,,,,,,,,,,,,,,,,,,,,,,,,,,,,,,,,,,,,,,,,,,,,,,,,,,,,,,,,,,,,,,,,,,
#,Anarchism,WELFARE,0,0,1.0,UNKNOWN,icons_anarchism,#,"Culture,-1+(1*x),32",,,,,,,,,,,,,,,,,,,,,,,,,,,,,,,,,,,,,,,,,,,,,,,,,,,,"Capitalist_perc,0+(0.5*x*x*x)*Relativism_id,32",,,"Liberal_perc,0+(0.5*x*x*x),32",,,"Young_perc,0+(0.5*x*x*x),32",,,,,,,,,,,,,,,,,,,,,,,,,,,,,,,,,,,,,,,,,,,"CrimeRate,0+(0.2*x),32",,,,,,,,,,,,,,,,,,,,,,,,,,,,,,,,,,,,,,,,,,,,,,,,,"Unemployment,0+(0.5*x),32",,"ViolentCrimeRate,0+(0.2*x),32",,,,,,,,,,,,,,"CompulsoryForeignLanguageClasses,0-(0.1*x),32","Compulsorylanguagelessons,0-(0.1*x),32",,,,"Bandivorce,0-(0.05*x),32","Banforeignchurchservice,0-(0.1*x),32",,"BanCoal,0-(0.05*x),32",,,,,,,,,"CyberBullying,0+(0.2*x),32","AntisocialBehaviour,0+(0.2*x),32","Banhomosexuality,0-(0.1*x),32","Banlowmpgcars,0-(0.01*x),32","Banprivateeducation,0-(0.05*x),32","Banprivatehealthcare,0-(0.05*x),32","BanSecondHomeOwnership,0-(0.05*x),32","BanSundayShopping,0-(0.05*x),32","HandgunLaws,0.4-(0.5*x^0.4),32","BorderControls,0-(0.1*x*x*x*x),32","CapCEOPayMultiplier,0-(0.05*x),32","CCTVCameras,0-(0.1*x),32","Closeairportscompletely,0-(0.05*x),32","Compulsorychurchattendance,0-(0.1*x),32","CompulsoryFoodLabelling,0-(0.01*x),32","CompulsoryForeignLanguageClasses,0-(0.01*x),32","Compulsorylanguagelessons,0-(0.01*x),32","CompulsorySchoolSports,0-(0.01*x),32","Compulsoryworkfortheunemployed,0-(0.1*x),32","Curfews,0-(0.3*x*x*x*x),32","DeathPenalty,0-(0.2*x*x*x),32",,,,,,"PoliceForce,0.25-(0.4*x^0.5),32","ArmedPolice,0-(0.25*x),32",,,,,,,,,,,,,,,,,#,"TrackerCultural,0+(1*x)",,,,,,,,,,,,,,,,,,,,,,,,,,,,,,,,,,,,,,,,,,,,,,,,,,,,,,,,,,,,,,,,,,,,,,,,,,,,,,,,,,,,,,,,,,,,,,,,,,,,,,,,,,,,,,,,,,,,,,,,,,,,,
#,Authoritarianism,WELFARE,0,0,1.0,UNKNOWN,icons_authoritarianism,#,"Culture,-1+(1*x),32",,,,,,,,,,,,,,,,,,,,,,,,,,,,,,,,,,,,,,,,,,,,,,,,,,,,,"Socialist_perc,0+(0.5*x*x*x)*Universalism_id,32","Liberal_perc,0+(0.5*x*x*x)*CGT,32","Liberal_perc,0+(0.5*x*x*x)*CRT,32","Conservatives_perc,0+(0.5*x*x*x),32",,"Young_perc,0-(0.5*x*x*x),32",,,"Parents_perc,0+(0.5*x*x*x),32","StateEmployees_perc,0+(0.5*x*x*x),32",,"Patriot_perc,0+(0.5*x*x*x)*_compl_WWTrauma,32","Patriot_perc,0+(0.5*x*x*x),32",,,,,,,,,,,,,,,,,,,,,,,,,,,,,,,,,,,,,,"Democracy,0-(0.5*x),32",,,,,,,,,,,,,,,,,,,,,,,,,,,,,,,,,,,,,,,,,,,,,,,,,,,,,,,,,,,,,,,,,,,,,,,"BanCoal,0+(0.05*x),32","AntibioticsBan,0+(0.05*x),32","AntiCorruptionAgency,0+(0.05*x),32",,"DetentionWithoutTrial,0+(0.1*x),32","Diversityquotasforcompanies,0+(0.05*x),32","DrugEnforcement,0+(0.02*x),32","IntelligenceServices,0+(0.2*x*x*x*x),32","Forcepoliticalmilitaryreligiousoath,0+(0.1*x*x*x*x),32","CyberBullying,0-(0.2*x),32","AntisocialBehaviour,0-(0.2*x),32","Banhomosexuality,0+(0.1*x),32","Banlowmpgcars,0+(0.01*x),32","Banprivateeducation,0+(0.05*x),32","Banprivatehealthcare,0+(0.05*x),32","BanSecondHomeOwnership,0+(0.05*x),32","BanSundayShopping,0+(0.05*x),32","HandgunLaws,0+(0.5*x*x*x*x),32","BorderControls,0+(0.1*x*x*x*x),32","CapCEOPayMultiplier,0+(0.05*x),32","CCTVCameras,0+(0.1*x),32","Closeairportscompletely,0+(0.05*x),32","Compulsorychurchattendance,0+(0.1*x),32","CompulsoryFoodLabelling,0+(0.01*x),32","CompulsoryForeignLanguageClasses,0+(0.01*x),32","Compulsorylanguagelessons,0+(0.01*x),32","CompulsorySchoolSports,0+(0.01*x),32","Compulsoryworkfortheunemployed,0+(0.1*x),32","Curfews,0+(0.3*x*x*x*x),32","DeathPenalty,0+(0.2*x*x*x),32",,,,,,"PoliceForce,0+(0.25*x*x*x*x),32","ArmedPolice,0+(0.25*x),32","BodyCameras,-0.05-(0.1*x*x),32",,,,,,,,,,,,,,,,#,"TrackerCultural,0+(1*x)",,,,,,,,,,,,,,,,,,,,,,,,,,,,,,,,,,,,,,,,,,,,,,,,,,,,,,,,,,,,,,,,,,,,,,,,,,,,,,,,,,,,,,,,,,,,,,,,,,,,,,,,,,,,,,,,,,,,,,,,,,,,,
#,Isolationism,WELFARE,0,0,1.0,UNKNOWN,icons_isolationism,#,"Culture,-1+(1*x),32",,,,,,,,,,,,,,,,,,,,,,,,,,,,,,,,,,,,,,,,,,,,,,,,,,,,,"Socialist_perc,0+(0.5*x*x*x),32",,,"Conservatives_perc,0+(0.5*x*x*x)*PovertyRate,32",,,,"TradeUnionist_perc,0+(0.5*x*x*x)*Fear,32",,,,"Patriot_perc,0+(0.5*x*x*x)*EthnicMinorities,32","Patriot_perc,0+(0.5*x*x*x),32",,"Wealthy_perc,0+(1*x)*LuxuryBeliefs,32","Wealthy_perc,0+(1*x)*LuxuryBeliefs,32","Environmentalist_perc,0+(1*x*x*x)*DegrowthDoctrine,32",,,,"Disgust,-1.5+(2*x^0.4),32",,"Fear,-1.5+(2*x^0.4),32",,,,,,"LocalCommunities,0+(0.15*x*x),32",,,,,,,,,,,,,,,,,,,,,,,,,,,,,,,"ForeignInvestment,1-(2*x),32","ForeignRelations,1-(1/x),32",,,,,,,,,,,,,,,,,,,,,,,,,,,,,,,,,,,,,,,,,,,,,,,,,,,,,"CompulsoryForeignLanguageClasses,0-(0.1*x),32","Compulsorylanguagelessons,0-(0.1*x),32","DiplomaticService,0-(0.1*x),32",,,,,,,,,,,,"ForeignInvestmentRestrictions,0+(0.5*x),32",,,"CitizenshipTests,0+(0.1*x*x),32","RefugeePolicy,0-(0.25*x),32",,,,,,,,,,,"Closeairportscompletely,0+(0.1*x),32",,,"CompulsoryForeignLanguageClasses,0-(0.01*x),32","Compulsorylanguagelessons,0-(0.01*x),32",,,,,,,,"ImmigrationRules,0-(0.25*x),32",,,,"Monorail,0-(0.3*x*x),32","TradeCouncil,0-(0.05*x),32",,,,,,,,,,,,,,,#,"TrackerCultural,0+(1*x)",,,,,,,,,,,,,,,,,,,,,,,,,,,,,,,,,,,,,,,,,,,,,,,,,,,,,,,,,,,,,,,,,,,,,,,,,,,,,,,,,,,,,,,,,,,,,,,,,,,,,,,,,,,,,,,,,,,,,,,,,,,,,
#,Globalism,WELFARE,0,0,1.0,UNKNOWN,icons_globalism,#,"Culture,-1+(1*x),32",,,,,,,,,,,,,,,,,,,,,,,,,,,,,,,"GeneralMediaCensorship,0-(0.15*x),32",,,,,,,,,,,,,,,,,,,,"EthnicMinorities_perc,0+(0.5*x*x*x),32","Capitalist_perc,0+(0.5*x*x*x),32",,,"Liberal_perc,0+(0.5*x*x*x),32",,,,,,,,,,,,,"Wealthy_perc,0+(1*x),32","Environmentalist_perc,0-(1*x*x*x)*DegrowthDoctrine,32",,,,"Disgust,0.1-(0.4*x*x),32",,"Fear,0.1-(0.4*x*x),32",,,,,,,,,,,,,,,,,,,,,,,,,,,,,,,,,,,,,"ForeignInvestment,-1+(2*x),32","ForeignRelations,0+(0.5*x*x*x*x),32",,,,,,,,,,,,"InternationalTrade,0+(0.5*x*x),32",,,,,,,,,,,,,,,,,,,,,,,,,,,,,,,,,,,,,,"Closeairportscompletely,0-(0.1*x),32",,,,,,,"Flagsoneverystreetcorner,0-(0.05*x),32	",,"Banforeignchurchservice,0-(0.2*x),32",,,,"InternationalFusionResearchProject,0+(0.05*x),32",,,,,"ForeignInvestorTaxBreaks,0+(0.25*x),32","ForeignAid,0+(0.25*x*x),32","CitizenshipTests,0-(0.1*x*x),32","RefugeePolicy,0+(0.25*x),32",,,,,,"BorderWall,0-(0.25*x),32","ImportTarrifs,0-(0.5*x),32","BorderControls,0-(0.3*x*x*x*x),32",,,"Closeairportscompletely,0-(0.1*x),32",,,"CompulsoryForeignLanguageClasses,0+(0.01*x),32","Compulsorylanguagelessons,0+(0.01*x),32",,,,,,,,"ImmigrationRules,0+(0.25*x),32",,,,"Monorail,0+(0.3*x*x),32","TradeCouncil,0+(0.05*x),32",,,,,,,,,,,,,,,#,"TrackerCultural,0+(1*x)",,,,,,,,,,,,,,,,,,,,,,,,,,,,,,,,,,,,,,,,,,,,,,,,,,,,,,,,,,,,,,,,,,,,,,,,,,,,,,,,,,,,,,,,,,,,,,,,,,,,,,,,,,,,,,,,,,,,,,,,,,,,,
#,Militarism,WELFARE,0,0,1.0,UNKNOWN,icons_militarism,#,"Culture,-1+(1*x),32",,,,,,,,,,,,,,,,,,,,,,,,,,,,,,,,,,"MilitarySpending,-0.025+(0.5*x*x),32",,"_percept_strength,0+(0.5*x*x),32","HandgunLaws,0-(0.25*x^0.4),32",,"ExtremeNationalism,0.1+(0.4*x),32",,,,,,,,"bordernavy,0+(0.25*x),32","Flagsoneverystreetcorner,0+(0.025*x),32","DeathPenalty,0+(0.25*x*x*x),32",,,"Capitalist_perc,0+(0.5*x*x*x)*Relativism_id,32",,,"Liberal_perc,0-(0.5*x*x*x)*WWTrauma,32","Conservatives_perc,0+(0.5*x*x*x),32",,,,,,"StateEmployees_perc,0+(0.5*x*x*x),32",,"Patriot_perc,0+(0.5*x*x*x)*_compl_WWTrauma,32","Patriot_perc,0+(0.5*x*x*x),32",,,,"Environmentalist_perc,0-(1*x*x*x),32",,"Anger,-1+(2*x),15",,"Disgust,-1+(2*x),32","Envy,-1+(2*x),32",,"Paranoia,-1+(2*x),32",,"Comp,-1+(2*x),32","Coop,1-(2*x),32",,,,,,,,,,,,,,,,,,,,,,,,,,,,,,,,,,"ForeignRelations,1-(1/x),32",,,,,,,,,,,,,,,,,,,,,,re,,,,,,,,"RacialTension,0+(0.5*x*x*x*x),32",,,,,,,,,,,,,,,,,,,,,,,,,,,,,,,,,,,"DroneStrikeAct,0+(0.2*x),32","NuclearWeapons,0-(0.4*x),32",,"IntelligenceServices,0+(0.2*x*x*x*x),32","Forcepoliticalmilitaryreligiousoath,0+(0.05*x),32",,"RefugeePolicy,0-(0.25*x),32",,,,,,,,,,,,,,,,"CompulsorySchoolSports,0+(0.005*x),32",,,,,,,,,,"ArmedPolice,0+(0.25*x),32",,,,,,,,,,,,,,,,,#,"TrackerCultural,0+(1*x)",,,,,,,,,,,,,,,,,,,,,,,,,,,,,,,,,,,,,,,,,,,,,,,,,,,,,,,,,,,,,,,,,,,,,,,,,,,,,,,,,,,,,,,,,,,,,,,,,,,,,,,,,,,,,,,,,,,,,,,,,,,,,
#,Pacifism,WELFARE,0,0,1.0,UNKNOWN,icons_pacifism,#,"Culture,-1+(1*x),32",,,,,,,,,,,,,,,,,,,,,,,,,,,,,,,,"NationalService,0-(0.3*x),32",,"MilitarySpending,0.025-(0.5*x*x),32","NationalArmedForcesWeek,0-(0.05*x*x),32","_percept_compassion,0+(0.5*x*x),32",,,,"EgalitarianSociety,0.05+(0.2*x*x*x),32",,,,,,"DiplomaticService,0+(0.05*x),32",,,,,,,"Socialist_perc,0+(0.5*x*x*x)*WWTrauma,32",,"Liberal_perc,0+(0.5*x*x*x),32","Conservatives_perc,0+(0.5*x*x*x)*WWTrauma,32",,,,,"Parents_perc,0+(0.5*x*x*x),32",,,,,"Religious_perc,0+(0.5*x*x*x)*WWTrauma,32",,,"Environmentalist_perc,0+(1*x*x*x),32",,"Anger,0.25-(1*x*x),15",,"Disgust,0.1-(0.4*x*x),32","Envy,0.1-(0.4*x*x),32",,"Paranoia,0.1-(0.4*x*x),32",,"Comp,1-(2*x),32","Coop,-1+(2*x),32",,,,,,,,,,,,,,,,,,,,,,,,"Democracy,0+(0.5*x),32",,,,,,,,,,"ForeignRelations,0+(0.5*x*x*x*x),32",,,,,,,,,,,,,,,,,,,,,,,,,,,,,,"RacialTension,0-(0.5*x*x*x*x),32",,,,,,,,,,,,,,,,,,,,,,,,,,,,,,,,,,,,"NuclearWeapons,0-(0.4*x),32",,"IntelligenceServices,0-(0.2*x*x*x*x),32","ForeignAid,0+(0.25*x*x),32",,"RefugeePolicy,0+(0.25*x),32",,,,,,,,,,,,,,,,,,,,,,,,,,"ArmedPolice,0-(0.25*x),32	",,,,,,,,,,,,,,,,,#,"TrackerCultural,0+(1*x)",,,,,,,,,,,,,,,,,,,,,,,,,,,,,,,,,,,,,,,,,,,,,,,,,,,,,,,,,,,,,,,,,,,,,,,,,,,,,,,,,,,,,,,,,,,,,,,,,,,,,,,,,,,,,,,,,,,,,,,,,,,,,
,,,,,,,,,,,,,,,,,,,,,,,,,,,,,,,,,,,,,,,,,,,,,,,,,,,,,,,,,,,,,,,,,,,,,,,,,,,,,,,,,,,,,,,,,,,,,,,,,,,,,,,,,,,,,,,,,,,,,,,,,,,,,,,,,,,,,,,,,,,,,,,,,,,,,,,,,,,,,,,,,,,,,,,,,,,,,,,,,,,,,,,,,,,,,,,,,,,,,,,,,,,,,,,,,,,,,,,,,,,,,,,,,,,,,,,,,,,,,,,,,,,,,,,,,,,,,,,,,,,,,,,,,,,,,,,,,,,,,,,,,,,,,,,,,,,,,,,,,,,,,,,,,,,,,,,,,,,,,,,,,,,,,,,,,,,,,,,,,,,,,,,,,,,,,,,,,,,,,,,,,,
,,,,,,,,,,,,,,,,,,,,,,,,,,,,,,,,,,,,,,,,,,,,,,,,,,,,,,,,,,,,,,,,,,,,,,,,,,,,,,,,,,,,,,,,,,,,,,,,,,,,,,,,,,,,,,,,,,,,,,,,,,,,,,,,,,,,,,,,,,,,,,,,,,,,,,,,,,,,,,,,,,,,,,,,,,,,,,,,,,,,,,,,,,,,,,,,,,,,,,,,,,,,,,,,,,,,,,,,,,,,,,,,,,,,,,,,,,,,,,,,,,,,,,,,,,,,,,,,,,,,,,,,,,,,,,,,,,,,,,,,,,,,,,,,,,,,,,,,,,,,,,,,,,,,,,,,,,,,,,,,,,,,,,,,,,,,,,,,,,,,,,,,,,,,,,,,,,,,,,,,,,
#,Culture,PUBLICSERVICES,0,0,1.0,HIGHGOOD,icons_culture,#,,,,,,,,,,,,,,,,,,,,,,,,,,,,,,,,,,"SocialMediaAddiction,0-(0.3*x*x*x*x),16",,,,"StateSchools,0.35*(x^0.6),12",,"Technology,-0.1+(0.2*x),12",,,"AdultEducationSubsidies, 0.05+(0.1*x*x),12","Creationism,0.1-(0.2*x*x*x*x),16",,"Polarization,0-(0.4*x),32","WorkingWeek,0.1-(0.4*x*x),8",,,"StateBroadcaster,-0.05+(0.3*x*x*x),4",,,,,,,,,,,,,,,,,,,,,,,,,,,,,,,,"LocalCommunities,-0.125+(0.5*x*x),32",,,,"StayAtHomeParents,x*(GenderEquality-0.5)*0.4,32",,,,,,,,,,,,,"Charity,0+(0.4*x*x),4",,,,,,"Education,0+(0.2*x*x*x),16",,,,,,,,,"ForeignRelations,-0.4+(0.8*x),32",,,,,,,,,,,,,,"InternetSpeed,0+(0.2*x*x),16",,,,,,,,,,,,,"PrivateSchools,0.29*(x^0.6),12",,,,,,,,,,,,,"Wages,-1+(2*x),32",,,,"MentalHealth,-0.05+(0.2*x*x),8",,,,,,,,,,,"ArtsSubsidies, 0.01+(0.3*x*x*x),32",,,,,,,,,,,,,,,,,,,,,,,,"PrisonRegime,0.04-(0.08*x),12","GraduateTax,-0.05-(0.1*x),16",,,,"PublicLibraries,0.01+(0.1*x*x*x*x),32",,"CitizenshipTests,0+(0.05*x),16",,,,,,,,,"CompulsoryForeignLanguageClasses,0+(0.1*x),8","Compulsorylanguagelessons,0+(0.1*x),8",,,,,,,,,,,,,,,,"SelectiveSchooling,-0.02+(0.04*x),12",,#,,,"ExtremeNationalism,0-(0.4*x),4",,,,,,,,,,,,,,,,,,,"GenderTension,0.2-(0.4*x),32",,,,,,,,"Liberal,-0.15+(0.3*x)",,,,,,,,,,,,,,,,,,,,,,"FakeNews,0.1-(0.4*x*x)","AntisocialBehaviour,0.1-(0.4*x*x)",,,,,,,,,,,,,"CrimeRate,0.1-(0.4*x*x),8",,"Democracy,-0.5+(1*x),32","Education,-0.1+(0.4*x*x),12","CyberBullying,0-(0.4*x*x*x*x)",,,,,,,,"ForeignRelations,0+(0.25*x*x*x*x),16",,,,,,"HumanDevelopment,0+(0.25*x)",,,,,,,,,,,,,,,,,,,,,,,,,,,,,"Tourism,0+(0.2*x*x),16",,,,"ViolentCrimeRate,0.05-(0.3*x*x*x),8",,,,,"MentalHealth,-0.225+(1.4-x)*x*x,32",,,,
#,LocalCommunities,PUBLICSERVICES,0.5,0,1.0,HIGHGOOD,icons_localcommunities,#,,,,,,,,,,,,,,,,,,,,,,,,,,,"LegalDrugConsumption,0+(0.2*x)","Punitivetaxonsuperstores,0+(0.15*x),32",,,,,,"SocialMediaAddiction,0-(0.3*x*x*x*x),16",,"religioustax, 0+(0.15*x),8",,"RuralDevelopmentGrants,0.02+(0.2*x*x*x),32",,,"Banforeignchurchservice,0-(0.2*x)","Curfews,-0.1-(0.4*x*x*x*x)","ContagiousDisease,-0.1-(0.2*x*x*x),4",,"AntisocialBehaviour,-0.01-(0.2*x*x),32",,"AlcoholConsumption,0+(0.2*x)","EgalitarianSociety,0.2+(0.3*x*x),4","AdultEducationSubsidies,0.025+(0.05*x),10","FreeParentingClasses,0.025+(0.05*x),4",,,,,,,,,,,,,,,"Farmers_perc,0+(0.3*x)","EthnicMinorities_perc,0+(0.5*x)","Young_perc,0+(0.4*x)","Religious_perc,0+(0.8*x)",,"Socialist_perc,0+(0.4*x)",,,,,,,,,,"_MiddleIncome,0+(1*x),4","_LowIncome,0-(1*x),4",,,,,"StayAtHomeParents,0+(0.2*x),4",,,,,,,,,,,,,"Charity,0+(0.4*x*x),4",,,"CrimeRate,0-(0.5*x),4",,,,,,,"Environment,-0.4+(0.8*x),16","Equality,-0.3+(0.6*x),4","FoodPrice,0.05-(0.1*x)",,,,,,,,,,,,,,,,,"InternetSpeed,0.2-(0.4*x)",,,,,,"Population,-0.2+(0.4*x),16",,,,"PrivateHousing,0-(0.1*x*x*x),4",,,"PrivateSchools,0-(0.1*x*x*x),4",,,"RacialTension,0.2-(0.4*x),15",,,"Technology,0.0625-(1*x*x*x*x),8","TobaccoUse,0+(0.05*x)",,,"Unemployment,0+(0.5*x),4",,"ViolentCrimeRate,0-(0.25*x),4",,,"WorkingWeek,0.0625-(1*x*x*x*x),4",,,,,,"CompulsorySchoolSports,0.05+(0.1*x)","DrugTreatment,0.025+(0.025*x)","FaithSchoolSubsidies,0.05+(0.05*x)","StampOutRacismWeek,0.025+(0.05*x),32",,"JuryTrial,0.025+(0.05*x),10",,"ArtsSubsidies,0.025+(0.1*x*x),32",,,,,,,,,,,"TelecommutingInitiative,0.02-(0.1*x),4",,"CommunityPolicing,0.025+(0.05*x),32","CarPoolingCampaign,0.005+(0.025*x)","Compulsorychurchattendance,0.1+(0.3*x*x*x*x)","BusinessStartupCampaign,0.01+(0.05*x)",,,,,,,,,,,,,"PublicLibraries,0.05+(0.1*x*x*x),16",,,,"YoungEntrepreneurScheme,0+(0.05*x),10","YouthClubSubsidies,0.01+(0.08*x),16","YouthPoliticsCouncil,0.01+(0.04*x),16",,,,,,,,,,,,"SocialCare,0.05+(0.3*x*x),32",,,,,"bansocialmedia,0+(0.3*x),16","bansocialmedia,-0.3*x^4),4",,,,,,#,"BlackMarket,-0.2+(0.4*x)","VigilanteMobs,0.05-(0.2*x*x),8","StreetGangs,0.05-(0.2*x*x),8","Organised Crime,0.3-(0.6*x),8","Alcoholism,0.05-(0.2*x*x),8","ContagiousDisease,-0.05+(0.2*x*x),8","SocialMediaAddiction,0-(0.3*x*x*x*x),8","Polarization,0.1-(0.4*x*x),8","FakeNews,0.05-(0.2*x*x),8","Homelessness,0.05-(0.2*x*x),8","ExtremePoverty,0.05-(0.2*x*x),8","FoodBanks,-0.05+(0.2*x*x)",,,,,,,,,,"GenderTension,0.2-(0.4*x),32",,,,,,"Socialist,-0.1+(0.2*x)","Socialist_freq,-0.05+(0.2*x*x),32",,,"Retired,0+(0.2*x*x*x)",,,"TradeUnionist_freq,-0.05+(0.2*x*x),32","Parents_freq,-0.05+(0.2*x*x),32","SelfEmployed_freq,-0.05+(0.2*x*x),32",,,,"Religious,-0.1+(0.2*x)","Religious_freq,-0.025+(0.1*x*x),32",,"Religious_perc,0+(0.3*x*x)*religioustax,32","Environmentalist_freq,-0.05+(0.2*x*x),32",,,,,"AntisocialBehaviour,0.2-(0.4*x)",,,,,,"_Terrorism,0.05-(0.2*x*x),8","Unemployment,0.05-(0.2*x*x),8","RacialTension,0.1-(0.2*x),32",,,,"CarUsage,0.05-(0.2*x*x),8",,,"Corruption,0.1-(0.4*x*x),8","CrimeRate,0.1-(0.4*x*x),8",,"Democracy,-0.2+(0.4*x)",,,,"Parents,-0.1+(0.2*x)","Young,-0.1+(0.2*x)","Equality,0+(0.3*x*x*x*x),8","FoodPrice,0-(0.1*x*x*x*x),8",,,,,,,,"HealthcareDemand,0.05-(0.2*x*x),8",,,,,,,,,,,,,,,,,,,,,,,,,,,,,,"Tourism,-0.05+(0.2*x*x),16",,,,,,,,,"MentalHealth,0+(0.4*x*x),4",,,,
#,BureaucraticKnowledge,PUBLICSERVICES,0,0,1.0,HIGHGOOD,icons_bureaucraticknowledge,#,,,,,,,,,,,,,,,,,,,,,,,,,,,,,,,,,,,,,,,,,,,,,,,,,,,,,,,,,,,,,,,,,,,"TradeUnionist_perc,0+(0.5*x),4","SelfEmployed_perc,0+(0.3*x*x*x),10",,,,,,,,,,,,,,,,,,"StayAtHomeParents,-0+(0.1*x*x),8",,,,,,,,,,,,,,,,,,,,,,,,,,,,,,,,,,,,,,,,,,,,,,,,,,,,,,,,,,,,,,,,,,,,,,,,,,,,,,,,,"JuryTrial,0.025+(0.05*x),32",,,,,,,"StateSchools,0+(0.1*x*x*x*x),16",,"UnemployedBenefit,0+(0.25*x*x*x*x),4","SocialCare,0+(0.25*x*x),4","AdultEducationSubsidies,0.02+(0.2*x*x),32","FreeParentingClasses,0.05+(0.1*x*x*x),32",,,,,,"BusinessStartupCampaign,0.05+(0.1*x),8",,,,,,,,,,,,,"PublicLibraries,0+(0.05*x*x*x*x),10",,,,"YoungEntrepreneurScheme,0+(0.05*x),10	","YouthClubSubsidies,0.01+(0.08*x),16","YouthPoliticsCouncil,0.01+(0.04*x),16",,,,,,,,,,,,,,,,,,,,,,,,#,,,,,,,"TaxEvasion,-0.4+(0.4*x),8",,,,,,,,,,,,,,,,,,,,,,,,,,,,,,,,,,,,,,,,,,,,,"Stability,-0.1+(0.2*x),32","BusinessConfidence,-0.1+(0.2*x),32",,"SelfEmployed,-0.1+(0.2*x),32","Bureaucracy,0-(1*x)","Corruption,0.05-(0.1*x),32","IndustialAutomation,0.05-(0.1*x),32","CarUsage,0.05-(0.1*x),32",,,,,,,,,,,,,,,,,,,,"GDP,-0.1+(0.2*x),32",,,,,,,,,,,,,,,,,,,,,,,,,,,,,,,,,,,,,,,"Wages,-0.05+(0.1*x),32",,,,"MentalHealth,-0.05+(0.1*x),32",,,,
#,GenderTension,WELFARE,0.5,0,1.0,HIGHBAD,icons_gendertension,#,,,,,,,,,,,,,,,,"FakeNews,0+(0.1*x),8",,,,,,,,,,,,,,,,,,,,,"MarriedTaxAllowance,-0.05-(0.1*x*x)","Bandivorce,0+(0.3*x*x*x),8",,,,,"GenderDiscriminationAct,-2*(0.75-x)*x*x-0.01,8",,"AntisocialBehaviour,-0.2+(0.4*x),2",,,,,,,,,,,,,,,,,,,,,,,,,,,,,,,,,,,,,,,,,,,,,,,,,,,,,,,,,,,,,,,,,,,,,,,,,,,,,,,,,,,,,,,,,,,,,,,,,,,,,,,,,,,,"ViolentCrimeRate,-0.15+(0.25*x*x)",,,,,,,,,,,,,,,,,,,,,,,,,,,,,,,,"LegaliseProstitution,0-(0.2*x)",,,,,,,,,,,,,,,,,,,,,,,,,,,,,,,,,,,,,,,,,,,#,,,,,,,,,,,,,,,,,,,,,,,,,,,,,,,,,,,,,,,,,,,,,,,,,,,,,,"AntisocialBehaviour,-0.2+(0.4*x),2",,"_All_,0.1-(0.2*x),4",,,,,,,,,,,,,,"Cyberbullying,-0.2+(0.4*x),2",,,,,,,,,,"GenderEquality,0-(1*x),8",,,,,,,,,,,,,,,,,,"Population,0.1-(0.2*x),32",,,,,,,,,,,,,,,,,,,"ViolentCrimeRate,-0.025+(0.1*x*x),8",,,,,"MentalHealth,0-(0.2*x*x*x),32",,,,
#,SingleParents,WELFARE,0.5,0,1.0,HIGHBAD,icons_singleparents,#,,,,,,,,,,,,,,,,,,,,,,,,,,,,,,,,,,,,,"MarriedTaxAllowance,-0.1-(0.3*x*x)","Bandivorce,-0.1-(0.5*x*x*x*x),8",,,"GenderTension,-0.2+(0.4*x),8",,,,,"RetirementAge,0+(0.2*x)","Health,0.933-(x^0.1)","PrisonerTagging,-0.01-(0.05*x)",,,,,,,,,,"Retired_perc,0-(0.4*x)*Coop,32",,,,,,,,,,,,,,,,,,,,,,,,,,,,,,,,,,,,,,,,,,,,"CrimeRate,0+(0.15*x),8",,,,,,,,,,,,,,,,,,,,,,,,,,,,,,,,,,,,,,,,,,,,,,,,,,,"ViolentCrimeRate,0+(0.25*x*x)",,,,,"MentalHealth,0.175-(0.7*x*x)","AbortionLaw,-0.1-(0.5*x*x*x*x),16",,,,,"FamilyPlanning,-0.05-(0.15*x),16",,,,,,,,,,,,,,,,,,,,,,,,,,,,,,,,,,,,,,,,,,,,,,,,,,,,,,,,,,,,,,,,#,,,,,,,"StreetGangs,-0.1+(0.4*x*x),8",,,,,,,,,,,,,,,,,,,,,,,,,,,,,,,,,,,,,,,,,,,,,"StayAtHomeParents,0-(0.9*x)",,,,,"Conservatives,0.2-(x^0.5)*0.45","Parents,0.2-(x^0.5)*0.45",,,,,,,,,,,,,,,,,,,,,,,,,,,,,,,,,,,,,,,,,"PovertyRate,0+(0.4*x),16",,,,,,,,,,,,,,,,,,,,,,,"MentalHealth,0-(0.3*x),32",,,,
#,StayAtHomeParents,WELFARE,0.5,0,1.0,UNKNOWN,icons_stayathomeparents,#,,,,,,,,,,,,,,,,,,,,,,,,,,,,,,,,,,,,,,,,,"Unemployment,0+(1*x*Parents_perc)",,"UnemployedBenefit,0+(0.3*x)",,,"RetirementAge,0-(0.2*x)","EgalitarianSociety,0.1+(0.2*x),4",,,"FreeParentingClasses,0.05+(0.1*x),32",,,,,,,,"Retired_perc,0+(0.4*x)*Coop,32",,,,,,,,,"Capitalist_perc,0-(Parents_perc*x)",,,"Wealthy_perc,0+(Parents_perc*x)",,,,,,,,,,"_MiddleIncome,0+(1*x),4","_LowIncome,0+(1*x),4",,,,,,,,,,,,,,,,,,,,,,,,,,,,,,,,,,,,,,,,,,,,,,,,,,,,,,,,,,,,,,,,,,,,,,,,,,,,,,,,,"ChildBenefit,0+(0.1*x)","ChildcareProvision,0-(0.1*x*x)","FamilyPlanning,0+(0.1*x*x),16",,,,,,,,,,,,,,,,"TelecommutingInitiative,0.01+(0.05*x*x*x),8","MaternityLeave,0.05+(0.3*x*x*x*x),4","MarriedTaxAllowance,0+(0.3*x)",,,,,,,"GayMarriage,0+(0.08*x*x),8",,,,,,,,,,,,,,,,,,,,,,,,,,,,,,,,,,,,,,,#,,,,,,,,,,,,,,,,,,,,,,,,,,,,,,,,,,,,,,,,,,,,,,,,,,,,,"Education,0+(0.1*x),32","Parents,x*(GenderEquality-0.5),4","Liberal,x*(GenderEquality^0.5-1),4","Young,0+(0.2*x)","Conservatives,0+(0.8*x)","MiddleIncome,0+(0.3*x)","Unemployment,0.5*Parents_perc*x","StreetGangs,0.05-(0.2*x*x),8","GenderTension,x*(0.5-GenderEquality)","Coop,x*(GenderEquality-0.5)*0.4,32",,"ChildcareProvision_cost,0-(0.5*x)",,,,,,,,,,,,,,,,,,,,,,,,,,,,,,,,,,"Population,0+(0.2*x)*real_MiddleIncome,15",,,,,,,,,,,,,,,,,,,,,,,,"MentalHealth,x*(GenderEquality-0.5),32",,,,
#,RacialEquality,WELFARE,0.5,0,1.0,HIGHGOOD,icons_racialequality,#,,,,,,,,,"WokeWashing,0-(0.1*x),8",,"Fundamentalism,0-(0.2*x),8",,,,,,,,,,,,,,,,,,,,,,,,,,,,,,,,"RaceDiscriminationAct,0.05+(x^0.4)*0.1,8",,,,,"Ghettos,0-(0.2*x),4",,,"EthnicMinorities_income,0+(2*x)",,,,,,,,,,,,,,,,,,,,,,,,,,,,,,,,,,,,,,,,,,,,,,,,,,,,,,,,,,,,,,,,,,,,,,,,,,,,,,,,,,,,,,,,,,,,,"RacialTension,0-(1*x),8",,,,,,,,,,,,,,,,,,,,,,,,,,,,,,,,,,,,,,,,,,,,,,,,,,,,,,,,,,,,,,,,,,,,,,,,,,,,,,,,,,,,#,"EgalitarianSociety,-0.6+(x^4)",,,,,,,,,,,,,,,,,,,,,,,,,"EthnicMinorities,-1+(2*x)",,,,,,,,,,,,,,,,,,,,"Anger,0+(0.1*x*x)*Anger","Anxiety,0+(0.1*x*x)*Anxiety","Disgust,0+(0.1*x*x)*Disgust","Envy,0+(0.1*x*x)*Envy","Fear,0+(0.1*x*x)*Fear","Paranoia,0+(0.1*x*x)*Paranoia",,,,,,,,,,,,,,,,,,,,,,,,,,,,,,,,,,,,,,,,,,,,,,,,,,,,,,,,,,,,,,,,,,,,,,,,,,,
#,PrivateEntertainment,ECONOMY,0,0,1.0,HIGHGOOD,icons_privateentertainment,#,,,,,,,,,"WokeWashing,0-(0.2*x*x),16","Bureaucracy,0-(0.25*x)",,,,,,,,,,,,,,,,,,,,,,,,,"GDP,0+(0.25*x),4",,,,,,,,,,,,,,,,,,,,,,,,,,,,,,,,"Poor_perc,0+(0.1*x)","MiddleIncome_perc,0+(0.2*x)","Wealthy_perc,0+(0.4*x)",,,,,,,,,,,,"Culture,0+(0.5*x*x*x*x),8",,,,,,,,"_HighIncome,0+(1*x),16",,,,,,,,,,,,,,,,,,,,,,,,"ForeignInvestment,0+(0.2*x*x),8",,,,,,,,,,,,,,,"InternetSpeed,-0.2+(0.4*x),8",,,,,,,"PovertyRate,0-(0.4*x*x),16",,,,,,,,,,,"Stability,-0.2+(0.4*x),8","Technology,0+(0.2*x*x),16",,"Tourism,0+(0.2*x),8",,,,,,,"WorkingWeek,0-(0.3*x*x*x*x),4",,,,,,,,,,,"StateBroadcaster,-0.5-0.4*x,8",,"ArtsSubsidies,0+(0.25*x*x),16",,,,,,,,,,"BanSundayShopping,0-(0.05*x)",,,,,,,"Gambling,0+(0.3*x*x*x*x),8",,,,,,"GeneralMediaCensorship,0-(0.4*x*x*x),4",,"UniversityGrants,0+(0.1*x*x*x*x),32",,,"CharityTaxRelief,0+(0.3*x),4","PublicLibraries,0-(0.1*x*x*x*x),8","Publicreligiousbroadcasts,0-(0.1*x),8",,,"YoungEntrepreneurScheme,0+(0.1*x),8","YouthClubSubsidies,0+(0.05*x*x),8",,,,,"IntellectualPropertyRights,0+(0.05*x),8",,,"InternetCensorship,0-(0.1*x*x*x*x),8",,"InternetTax,0-(0.2*x*x*x)*InternetSpeed,8",,,,,,,,"LegaliseProstitution,0+(0.3*x*x*x),16",,,,,,,#,"MediaMonopolies,0.5-(1*x),8","FunctionalIlliteracy,0.5-(1*x),8",,"ForeignRelations,-0.2+(0.4*x),16",,,,,,,,,,,,,,,"Culture,-0.5+(1*x),32",,,,,,,,"Capitalist,0+(0.3*x*x*x*x)",,,"Liberal,0+(0.2*x*x*x*x)",,,"Young,0+(0.3*x*x*x*x)","SelfEmployed,-0.2+(0.4*x)",,,,,,"Patriot_freq,0+(0.1*x)*Patriot_perc,32",,,,,,,,,,,,,,,,,,,,,,,,,,,,,,,,,,,,,,,,,,,,,,,,,,,,,,,,,,,,,,,,,,,,,,,,,"Tourism,0+(0.2*x*x*x*x),8",,"Unemployment,0-(0.3*x)",,,,"WorkerProductivity,0+(x^0.5)*0.1,4",,,"MentalHealth,-0.1+(0.4*x*x),4",,,,Ft
#,SocialMobility,WELFARE,0.5,0,1.0,HIGHGOOD,icons_socialmobility,#,"_HighIncome,0+(1*x)","_MiddleIncome,0+(1.5*x)","_LowIncome,0+(2*x)","Young_income,0+(2*x)","EthnicMinorities_income,0+(2*x)",,,,,,,,,,,,,,,,,,,,,,,,,,,,,,,,,,,,,,,,,,,,,,,,,,,,,,,,,,,,,,,,,,,,,,,,,,,,,,,,,,,,,,,,,,,,,,,,,,,,,,,,,,,,,,,,,,,,,,,,,,,,,,,,,,,,,,,,,,,,,,,,,,,,,,,,,,,,,,,,,,,,,,,,,,,,,,,,,,,,,,,,,,,,,,,,,,,,,,,,,,,,,,,,,,,,,,,,,,,,,,,#,,,,,,,,,,,,,,,,,,,,,,,,,,"EthnicMinorities,0+(0.2*x*x)",,"Socialist,0-(0.2*x*x)",,,,,,,,,,,,,,"Poor,0+(0.2*x)","MiddleIncome,0+(0.1*x)","Wealthy,0-(0.1*x)",,,,,,,,,,,,,,,,,,,,,,,,,,,,,,,,,,,,,,,,,,"ImmigrationDemand,0+(0.5*x*x*x*x),8",,,,,,,,,,,,,,,,,,,,,,,,,,,,,,,,,,,,,,,,
#,EMPovertyRate,FOREIGNPOLICY,0,0,1.0,HIGHBAD,icons_empovertyrate,#,"EthnicMinorities_income,-0.2-(2*x)","PovertyRate,0+(1*x)",#,"RacialTension,0+(2*x)*EthnicMinorities_perc*Conservatives_perc",,,,,,,,,,,,,,,,,,,,,,,,,,,,,,,,,,,,,,,,,,,,,,,,,,,,,,,,,,,,,,,,,,,,,,,,,,,,,,,,,,,,,,,,,,,,,,,,,,,,,,,,,,,,,,,,,,,,,,,,,,,,,,,,,,,,,,,,,,,,,,,,,,,,,,,,,,,,,,,,,,,,,,,,,,,,,,,,,,,,,,,,,,,,,,,,,,,,,,,,,,,,,,,,,,,,,,,,,,,,,,,,,,,,,,,,,,,,,,,,,,,,,,,,,,,,,,,,,,,,,,,,,,,,,,,,,,,,,,,,,,,,,,,,,,,,,,,,,,,,,,,,,,,,,,,,,,,,,,,,,,,,,,,,,,,,,,,,,,,,,,,,,,,,,,
#,Coequality,NOICON,0.5,0,1.0,HIGHGOOD,icons_coequality,#,"Equality,-0.35+(0.7*x)","GenderEquality,-0.35+(0.7*x)","RacialEquality,-0.35+(0.7*x)",,,,,,,,,#,"Democracy,-1+(2*x)",,,,,,,,,,,,,,,,,,,,,,,,,,,,,,,,,,,,,,,,,,,,,,,,,,,,,,,,,,,,,,,,,,,,,,,,,,,,,,,,,,,,,,,,,,,,,,,,,,,,,,,,,,,,,,,,,,,,,,,,,,,,,,,,,,,,,,,,,,,,,,,,,,,,,,,,,,,,,,,,,,,,,,,,,,,,,,,,,,,,,,,,,,,,,,,,,,,,,,,,,,,,,,,,,,,,,,,,,,,,,,,,,,,,,,,,,,,,,,,,,,,,,,,,,,,,,,,,,,,,,,,,,,,,,,,,,,,,,,,,,,,,,,,,,,,,,,,,,,,,,,,,,,,,,,,,,,,,,,,,,,,,,,,,,,,,,,,,,,,,,
,,,,,,,,,,,,,,,,,,,,,,,,,,,,,,,,,,,,,,,,,,,,,,,,,,,,,,,,,,,,,,,,,,,,,,,,,,,,,,,,,,,,,,,,,,,,,,,,,,,,,,,,,,,,,,,,,,,,,,,,,,,,,,,,,,,,,,,,,,,,,,,,,,,,,,,,,,,,,,,,,,,,,,,,,,,,,,,,,,,,,,,,,,,,,,,,,,,,,,,,,,,,,,,,,,,,,,,,,,,,,,,,,,,,,,,,,,,,,,,,,,,,,,,,,,,,,,,,,,,,,,,,,,,,,,,,,,,,,,,,,,,,,,,,,,,,,,,,,,,,,,,,,,,,,,,,,,,,,,,,,,,,,,,,,,,,,,,,,,,,,,,,,,,,,,,,,,,,,,,,,,
,,,,,,,,,,,,,,,,,,,,,,,,,,,,,,,,,,,,,,,,,,,,,,,,,,,,,,,,,,,,"EthnicMinorities_income,1-(x*x)","EthnicMinorities_income,-(x-_MiddleIncome)^2",,,,,,,,,,,,,,,,,,,,,,,,,,,,,,,,,,,,,,,,,,,,,,,,,,,,,,,,,,,,,,,,,,,,,,,,,,,,,,,,,,,,,,,,,,,,,,,,,,,,,,,,,,,,,,,,,,,,,,,,,,,,,,,,,,,,,,,,,,,,,,,,,,,,,,,,,,,,,,,,,,,,,,,,,,,,,,,,,,,,,,,,,,,,,,,,,,,,,,,,,,,,,,,,,,,,,,,,,,,,,,,,,,,,,,,,,,,,,,,,,,,,,,,,,,,,,,,,,,,,,,,,,,,,,,,,,,,,,,,,,,,,,,,,,,,,,,,,,,,,,
,NEGATIVE EMOTIONS,,,,,,,,c-Culture on emotion correction,c-Education on emotion correction,,,,,,,,,,,,,,c-FakeNews,,,,,,,,,,,,,c-ContagiousDisease,,,,,c-SocialMediaAddiction,,,,,,,,,,,,,,,,,,,,,,,,,,,,,,,,,,,,,,,,,,,,,,,,,,,,,,,,,,,,,,,,,,,,,,,,,,,,,,,,,,,,,,,,,,,,,,,,,,,,,,,,,,,,,,,,,,,,,,,,,,,,,,,,,,,,,,,,,,,,,,,,,,,,,,,,,,,,,,,,,,,,,,,,,,,,,,,,,,,,,,,,,,,,,,,,,,,,,,,,,,,,,,,,,,,,,,,,,,,,,,,,,,,,,,,,,,,,,,,,,,,,,,,,,,,,,,,,,,,,,,,,,,,,,,,,,,,,,e-HealthcareDemand,,,,,,,,,,,,,,,,,,,,,,,,,,,,,,,,,,,,,,,,,,,
#,Paranoia,WELFARE,0.5,0,1.0,HIGHBAD,icons_emotion_paranoia,#,"Culture,x*(0.5-ParanoiaTrend)*1.2,4","Education,0-(0.5*x),4",,,,,,,,,,,,,,"FakeNews,0+(0.15*x)*Paranoia,32",,,,,,,,,"Organised Crime,0+(0.3*x*x),8",,,,"ContagiousDisease,0.1+(0.1*x^3),10",,,,"IntelligenceServices,0+(0.5*x*x*x*x),32","SocialMediaAddiction,0.1+(0.15*x)*Paranoia,32","GDP,0.1-(0.2*x) ",,"WelfareFraudDept,0.1+(0.15*x*x),8","NuclearWeapons,0.025+(0.1*x),4",,,,,,,,,,,,,,,"InternetCensorship,0.05+(1*x*x*x),4",,,,,,"CCTVCameras,0.05+(0.25*x*x),16","RightToPrivacy,-0.05-(0.25*x*x),8","Curfews,+0.05+(0.1*x*x*x*x)","AntiCorruptionAgency,0.05+(0.05*x),8","ArmedPolice,0.025+(0.05*x*x*x*x),8","BorderControls,0+(0.05*x),8","BorderWall,0.05+(0.05*x),8","PoliceDrones,0+(0.3*x*x)","Closeairportscompletely,0.05+(0.05*x),8","ClimateChangeAdaptionFund,0+(0.05*x),8","RoboticsResearch,0.05+(0.05*x),8",,,,"TortureUsageBySecretServices,0.15+(0.1*x*x*x*x),32","HumanCloningResearchGrants,0.2+(0.1*x),8","MilitarySpending,0+(0.05*x),8","PhoneTapping,0.05+(0.3*x*x),4","PressFreedom,-0.5+(0.1/x),8",,,,,,,,,,,"GlobalCO2,0+(0.2*x),16",,,,,,,,,,,,,"Corruption,0+(0.05*x),8",,,,,,,,,,,,,"ForeignRelations,0.1-(0.2*x),4",,,,,,,,,,,,,,,,,,,,,,,,,,,,,,,,,"Technology,0+(0.3*x*x)*_compl_Education",,,,,,,,,,,,"MandatoryMicrochipImplant,0.15+(0.15*x^3),32",,,,,,,,,,,,,,,,,,,"NuclearFission,x*(1-ForeignRelations)*1",,,,,,,,,,,,,,,,,,,,,,,,,,,,,,,,,,,,,,,,,,,,,,,"SecretCourts,0+(0.1*x*x),8",,,#,"Neuroticism,-0.1+(0.4*x*x),16","Patriot,-0.1+(0.4*x*x),32",,,,,"SocialMediaAddiction,-0.25+(0.5*x),32",,,,,,,,,,,,,,,,,,,,,,,,,,,,,,,,,,,,,,,,,,,,,"TaxEvasion,0-(0.2*x*x*x*x),4",,"AntisocialBehaviour,-0.05+(0.2*x*x),5",,,"Polarization,-0.3+(0.8*x)",,,,,,,,,,,,,,"Emigration,0+(0.1*x*x*x*x),16",,,,,,,,,,,,"HealthcareDemand,-0.05+(0.1*x),4",,,,,,,,,,,,,,,,,,,,,,,,,,,,,,,,,,"ViolentCrimeRate,-0.2+(0.4*x),16",,,,,"MentalHealth,2*(0.8-x)*x*x-0.05,16",,,,
#,Fear,WELFARE,0.5,0,1.0,HIGHBAD,icons_emotion_fear,#,"Culture,x*(0.5-FearTrend)*1.2,4","Education,0-(0.5*x),4",,,,,,,,,,,,,,"FakeNews,0+(0.15*x)*Fear,32",,,,,,,,,,,,,"ContagiousDisease,0.2+(0.2*x*x)",,,,,"SocialMediaAddiction,0.1+(0.15*x)*Fear,32","GDP,-0.2+(0.4*x) ",,,"NuclearWeapons,0.025+(0.1*x),4",,,,,,,,,,,,,,,,,,,,,,"Liberal_perc,0+(EthnicMinorities_perc*x*PovertyRate) ","Curfews,+0.05+(0.1*x*x*x*x)",,"ArmedPolice,0.05+(0.2*x*x*x*x),8",,,,,,,,,,,,,,,,,,,,,,,,,,,,,,,,,,,,,,,,,,,,,,,,,,,,,,,,,,,,,,,,,,,,,,,,,,,,,,,,,,,,"Technology,0+(0.3*x*x)*_compl_Education",,,,,,"ViolentCrimeRate,-0.5+(1*x),4",,,,,,,,,,,,,,,,,,,,,,,,,,,,,,,,,,,,,,,,"HandgunLaws,Parents_perc-(2*Parents_perc*x)","DeathPenalty,0.01+(0.5*x*x*x*x)",,,,,,,,,,,,,,,,,,,,,,,,,,,,,,,"SecretCourts,0+(0.1*x*x),8",,,#,"Neuroticism,-0.1+(0.4*x*x),16","Liberal_perc,-0.1+(0.4*x*x),32",,,,,"SocialMediaAddiction,-0.25+(0.5*x),32",,,,,,,,,,,,,,,,,,,,,,,,,,,,,,,,,,,,,,,,,,,,,,,"Stability,-2*(0.8-x)*x*x-0.05,10",,,,,,,,,,,,"CrimeRate,0.2-(0.4*x),4",,,,,"Emigration,0+(0.1*x*x*x*x),16",,,,,,,,,,,,"HealthcareDemand,-0.05+(0.1*x),4",,,,,,,,,,,,,,,,,,,,,,,,,,,,,,,,,,"ViolentCrimeRate,0.2-(0.4*x),16",,,,,"MentalHealth,2*(0.8-x)*x*x-0.05,16",,,,
#,Disgust,WELFARE,0.5,0,1.0,HIGHBAD,icons_emotion_disgust,#,"Culture,x*(0.5-DisgustTrend)*1.2,4","Education,0-(0.5*x),4",,,,,,,,,,,,,"Pollution,0+(0.3*x),16","FakeNews,0+(0.15*x)*Disgust,32",,,,,,,,,,,,,"ContagiousDisease,0.2+(0.4*x)",,,,,"SocialMediaAddiction,0.1+(0.15*x)*Disgust,32",,,,"CitizenshipForSale,0+(x^3)*0.1*RacialTension","RefugeePolicy,-0.3+(0.6*x*x),8","CitizenshipTests,0-(0.2*x),8",,,,,,,,,,,,,,,,,"AsthmaEpidemic,0.2+(0.4*x)",,,"Liberal_perc,0-(EthnicMinorities_perc*x*PovertyRate) ","Curfews,-0.05-(0.1*x*x*x*x)",,,"BorderControls,-0-(0.2*x),8","BorderWall,-0.1-(0.3*x),8",,"Closeairportscompletely,-0.1-(0.2*x),8",,"Obesity,0.1+(0.1*x),4","DrugAddiction,0.1+(0.1*x),4",,"LegaliseProstitution,0.01+(0.1*x*x)",,"HumanCloningResearchGrants,0.2+(0.1*x),8",,,,,,,,,,,,,,,,,,,,"AlcoholConsumption,0+(0.3*x*x*x*x),4",,,,,,,"Corruption,0+(0.3*x*x),8","CrimeRate,-0.1+(0.2*x),4",,,,,,,"Environment,0.4-(0.8*x),16",,,,,,,,,"Health,0.5-(1*x),4",,,,,"IllegalImmigration,0+(0.1*x*x),4",,,,,,,,,,,,,,,,,,,,,,,,,"TobaccoUse,0+(0.2*x*x),8",,"TrafficCongestion,0+(0.1*x*x*x*x),8",,,,,,,,,,,,,,,,,,,,,,,,,,,,,,,,,,,,,,,,,,,,,,,,,,,,,,,,,,"Recycling,0-(0.3*x*x*x*x),32",,,,,,,,,,,,,,,,,,,,#,"Neuroticism,-0.1+(0.4*x*x),16","Liberal_perc,0.1-(0.4*x*x),32",,,,,"SocialMediaAddiction,-0.25+(0.5*x),32",,,,,,,,,,,,,,,,,,,,,,,,,,,,,,,,,,,,,,,,,,,,,,,"AntisocialBehaviour,-0.05+(0.2*x*x),5",,,,,,,,"CarUsage,0+(0.2*x*x*x*x),8","Charity,0.05-(0.2*x*x),8",,,,,,,"Cyberbullying,-0.2+(0.25*x),4",,,,,,,,,,,,,"HealthcareDemand,-0.05+(0.1*x),4",,,,,,,,,,,,,,,,,,,,,,,,,"RacialTension,-0.05+(0.4*x*x*x*x),8",,,,,,,,"Veganism,0+(0.2*x*x),16",,,,,,"MentalHealth,2*(0.8-x)*x*x-0.05,16",,,,
#,Envy,WELFARE,0.5,0,1.0,HIGHBAD,icons_emotion_envy,#,"Culture,x*(0.5-EnvyTrend)*1.2,4","Education,0-(0.5*x),4",,,,,,,,,,,,,,"FakeNews,0+(0.15*x)*Envy,32",,,,"PrivateSpaceProgram,0+(0.1*x),8",,,,,,,,,,,,,,"SocialMediaAddiction,0.1+(0.15*x)*Envy,32",,,,"CitizenshipForSale,0.3-(0.2*x*x*x*x),8",,,,,,,,,,,,,,,,,,,,,"LuxuryGoodsTax,-0.05-(0.3*x*x)","MansionTax,-0.05-(0.3*x*x)","Curfews,+0.05+(0.1*x*x*x*x)","CapCEOPayMultiplier,-0.05-(0.3*x*x)","bansocialmedia,-0.05-(0.3*x*x)","Corruption,0+(0.6*x*x),32","workersdividend,-0.05-(0.3*x*x)","TaxShelters,0.05+(0.15*x*x)",,"Publictaxreturns,-0.05-(0.15*x*x),8","Punitivewealthtax,-0.05-(0.3*x*x)","ProportionalFines,-0.025-(0.1*x*x)",,"LegaliseProstitution,0.01+(0.1*x*x)","ForeignAid,0.025+(0.3*x*x*PovertyRate)","GatedCommunities,0+(0.15*x*x*x),8",,,,,,"real_HighIncome,1*(x-real_LowIncome)",,,,,"real_HighIncome,0.6*(x-real_MiddleIncome)","real_MiddleIncome,0.2*(x-real_LowIncome)",,,,,,,,,,,,,"Charity,0-(0.3*x),4",,,"CrimeRate,-0.1+(0.2*x),4",,,,,,,,"Equality,0.2-(0.8*x)",,,,,,,,,,,,,,,,,,,,,,,,,"PovertyRate,0+(0.3*x)",,,,,,,,,,,,,,"Tourism,0+(0.1*x*x),8",,,,,,,,,,,,,,,,,,,,,,,,,,,,,,,,,,,,,,,,"GayMarriage,0-(0.08*x*x),8",,,,,,,,,,,,,,,,,,,,,,,,,,,,,,,,,,,"Diversityquotasforcompanies,x*(1-GenderEquality),8",,"SelectiveSchooling,-0.075+(0.3*x*x)",,#,"Neuroticism,-0.1+(0.4*x*x),16","Socialist_perc,-0.1+(0.4*x*x),32",,,,,"SocialMediaAddiction,-0.25+(0.5*x),32",,,,,,,,,,,,,,,,,,,,,,,,,,,,,,,,,,,,,,,,,,,,,,,"ClassWarfare,0+(0.5*x),4",,,"Unemployment,0.1-(0.2*x),8",,,,,,,,,"CrimeRate,-0.2+(0.8*x*x),8",,,,"Cyberbullying,-0.2+(0.25*x),4",,,,,,,,,,,,,"HealthcareDemand,-0.05+(0.1*x),4",,,,,,,,,,,,,,,,,,,,,,,,,,,,,,,,,,,,,,,"MentalHealth,2*(0.8-x)*x*x-0.05,16",,,,
#,Anger,WELFARE,0.5,0,1.0,HIGHBAD,icons_emotion_anger,#,"Culture,x*(0.5-AngerTrend)*1.2,4","Education,0-(0.5*x),4",,,,,,,,,,,,,,"FakeNews,0+(0.3*x)*Anger,15",,,,,,,,,,,,,,,,,,"SocialMediaAddiction,0.1+(0.3*x)*Anger,15",,,,,,,,,,,,,,,,,,,,,,,,,"RacialTension,-0.2+(0.4*x)","GenderTension,-0.2+(0.4*x)","Curfews,+0.05+(0.1*x*x*x*x)",,"bansocialmedia,0+(1*x*x)*SocialMediaAddiction","Corruption,0+(0.6*x*x)",,,,,,,,"LegaliseProstitution,-0.01-(0.1*x*x)",,,"MilitarySpending,0+(0.1*x)*Liberal_perc,8",,,,,,,,,,,,,,,,,,,,,,,,,,,,"Democracy,0-(0.6*x*x*x*x),16",,,,,,,"Equality,0.2-(0.4*x)",,,,"ForeignRelations,0.2-(0.4*x) ",,,,,,,,,,,,,,,,,,,,,"PovertyRate,0+(0.3*x*x)",,,,,,,,,"RacialTension,0+(0.2*x*x),4",,,,,,"TrafficCongestion,0+(0.25*x*x*x*x),4","Unemployment,-StayAtHomeParents+(0.1*x)",,,,,,,,,,,,,,,,,,,,,,,,,,,,,,,,,,,,,,,,,,,,,,,,,,,,,,,,,,,,,,,,,,,,,,,,,,,,,#,"Neuroticism,-0.1+(0.4*x*x),16",,"GenderTension,0+(0.1*x),15",,,,"SocialMediaAddiction,-0.25+(0.5*x),32",,,,,,,,,,,,,,,,,,,,,,,,,,,,,,,,,,,,,,,,,,,,,,,"ClassWarfare,0+(0.5*x)*Socialist_perc,4",,,,,,,,,,,,"CrimeRate,-0.1+(0.2*x),4",,,,"Cyberbullying,-0.2+(0.25*x),4",,,,,,,,,,,,,"HealthcareDemand,-0.05+(0.1*x),4",,,,,,,,,,,,,,,,,,,,,,,,,,,,,,,,,,"ViolentCrimeRate,-0.15+(0.3*x),8",,,,,"MentalHealth,2*(0.8-x)*x*x-0.05,8",,,,
#,Anxiety,WELFARE,0.5,0,1.0,HIGHBAD,icons_emotion_anxiety,#,"Culture,x*(0.5-AnxietyTrend)*1.2,4","Education,0-(0.5*x),4",,,,,,,,,,,,,,"FakeNews,0+(0.15*x)*Envy,32",,,,,,,,,,,,,,,,"GigEconomy,0+(0.35*x*x),4",,"SocialMediaAddiction,0.1+(0.15*x)*Envy,32",,,,"NuclearWeapons,0.025+(0.1*x),4",,,,,,,,,,,,,,,,,,,,,"RacialTension,-0.2+(0.4*x)","GenderTension,-0.2+(0.4*x)","Curfews,+0.05+(0.1*x*x*x*x)",,,,,,,,,,,"LegaliseProstitution,-0.01-(0.1*x*x)",,,,,,,"PovertyRate,0+(1*x*x*x*x),4",,,,,,,,,,,,,,,,,,,,,,,,,,,,,,,,"FoodPrice,-0.2+(0.4*x),8",,,,,,,,,,,,,,,,,,,,,,,"Population,0+(0.2*x*x*x*x),8",,,,,,,,,,,,"Stability,0.4-(0.8*x),4",,,,,"Unemployment,-StayAtHomeParents+(0.5*x)",,,,,"WorkingWeek,-0.2+(0.4*x),8",,,,,,,,,,,,,,,,,,,,,,"NuclearFission,x*(1-Education)*0.3",,,,,,,,,,,,,,,,,,,,,,,,,,,,,,"Recycling,0+(0.02*x*x*x*x),32",,,,,,,,,,,,,,,,,,"SelectiveSchooling,-0.075+(0.3*x*x)",,#,"Neuroticism,-0.1+(0.4*x*x),16", ,,,,,"SocialMediaAddiction,-0.25+(0.5*x),32",,,,,,,,,,,,,,,,,,,,,,,,,,,,,,,,,,,,,,,,,,,,,,,,,,,"AlcoholConsumption,0+(0.2*x*x*x),8",,"BusinessConfidence,0.1-(0.2*x),8",,,,,,,,,,,"Emigration,0+(0.1*x*x*x*x),16",,,,,,,,,,,,"HealthcareDemand,-0.025+(0.2*x*x*x*x),4",,,,,,,,,,,,,,,,,,,,,,,,,,,,,,,,,,,,,,,"MentalHealth,2*(0.8-x)*x*x-0.05,16",,,,
#,Neuroticism,WELFARE,0.5,0,1.0,HIGHBAD,icons_emotion_neuroticism,#,,,,,,,,,,,,,,,,,,,,,,,,,,,,,,,,,,,,,,,,,,,,,,,,,,,,,,,,,,,,,,,,,,,,,,,,,,,,,,,,,,,,,,,,,,,,,,,,,,,,,,,,,,,,,,,,,,,,,,,,,,,,,,,,,,,,,,,,,,,,,,,,,,,,,,,,,,,,,,,,,,,,,,,,,,,,,,,,,,,,,,,,,,,,,,,,,,,,,,,,,,,,,,,,,,,,,,,,,,,,,,,,,,,,#,"MentalHealth,0.1-(0.4*x*x),4",,,,,,,,,,,,,,,,,"Obesity,-0.2+(0.4*x),4",,,,,,,,,,,,,,,,,,,,,,,,,,,,,,,,,,,,,,,,,,,,,,,,,,,,,,,,,,,,,,,,,,,,,,,,,,,,"Lifespan,0-(0.05*x*x*x*x),32",,,,,,,,,,,,,,,,,,,,,,,,,,,,,,,,
,,,,,,,,,,,,,,,,,,,,,,,,,,,,,,,,,,,,,,,,,,,,,,,,,,,,,,,,,,,,,,,,,,,,,,,,,,,,,,,,,,,,,,,,,,,,,,,,,,,,,,,,,,,,,,,,,,,,,,,,,,,,,,,,,,,,,,,,,,,,,,,,,,,,,,,,,,,,,,,,,,,,,,,,,,,,,,,,,,,,,,,,,,,,,,,,,,,,,,,,,,,,,,,,,,,,,,,,,,,,,,,,,,,,,,,,,,,,,,,,,,,,,,,,,,,,,,,,,,,,,,,,,,,,,,,,,,,,,,,,,,,,,,,,,,,,,,,,,,,,,,,,,,,,,,,,,,,,,,,,,,,,,,,,,,,,,,,,,,,,,,,,,,,,,,,,,,,,,,,,,,
,,,,,,,,,,,,,,,,,,,,,,,,,,,,,,,,,,,,,,,,,,,,,,,,,,,,,,,,,,,,,,,,,,,,,,,,,,,,,,,,,,,,,,,,,,,,,,,,,,,,,,,,,,,,,,,,,,,,,,,,,,,,,,,,,,,,,,,,,,,,,,,,,,,,,,,,,,,,,,,,,,,,,,,,,,,,,,,,,,,,,,,,,,,,,,,,,,,,,,,,,,,,,,,,,,,,,,,,,,,,,,,,,,,,,,,,,,,,,,,,,,,,,,,,,,,,,,,,,,,,,,,,,,,,,,,,,,,,,,,,,,,,,,,,,,,,,,,,,,,,,,,,,,,,,,,,,,,,,,,,,,,,,,,,,,,,,,,,,,,,,,,,,,,,,,,,,,,,,,,,,,
,,,,,,,,,,,,,,,,,,,,,,,,,,,,,,,,,,,,,,,,,,,,,,,,,,,,,,,,,,,,,,,,,,,,,,,,,,,,,,,,,,,,,,,,,,,,,,,,,,,,,,,,,,,,,,,,,,,,,,,,,,,,,,,,,,,,,,,,,,,,,,,,,,,,,,,,,,,,,,,,,,,,,,,,,,,,,,,,,,,,,,,,,,,,,,,,,,,,,,,,,,,,,,,,,,,,,,,,,,,,,,,,,,,,,,,,,,,,,,,,,,,,,,,,,,,,,,,,,,,,,,,,,,,,,,,,,,,,,,,,,,,,,,,,,,,,,,,,,,,,,,,,,,,,,,,,,,,,,,,,,,,,,,,,,,,,,,,,,,,,,,,,,,,,,,,,,,,,,,,,,,
,,,,,,,,,,,,,,,,,,,,,,,,,,,,,,,,,,,,,,,,,,,,,,,,,,,,,,,,,,,,,,,,,,,,,,,,,,,,,,,,,,,,,,,,,,,,,,,,,,,,,,,,,,,,,,,,,,,,,,,,,,,,,,,,,,,,,,,,,,,,,,,,,,,,,,,,,,,,,,,,,,,,,,,,,,,,,,,,,,,,,,,,,,,,,,,,,,,,,,,,,,,,,,,,,,,,,,,,,,,,,,,,,,,,,,,,,,,,,,,,,,,,,,,,,,,,,,,,,,,,,,,,,,,,,,,,,,,,,,,,,,,,,,,,,,,,,,,,,,,,,,,,,,,,,,,,,,,,,,,,,,,,,,,,,,,,,,,,,,,,,,,,,,,,,,,,,,,,,,,,,,
#,ParanoiaTrend,HIDDEN,0,0,1.0,HIGHBAD,hex,#,"Paranoia,0+(1*x),4",,,,,,,,,,,,,,,,,,,,,,,,,,,,,,,,,,,,,,,,,,,,,,,,,,,,,,,,,,,,,,,,,,,,,,,,,,,,,,,,,,,,,,,,,,,,,,,,,,,,,,,,,,,,,,,,,,,,,,,,,,,,,,,,,,,,,,,,,,,,,,,,,,,,,,,,,,,,,,,,,,,,,,,,,,,,,,,,,,,,,,,,,,,,,,,,,,,,,,,,,,,,,,,,,,,,,,,,,,,,,,,,,,,#,,,,,,,,,,,,,,,,,,,,,,,,,,,,,,,,,,,,,,,,,,,,,,,,,,,,,,,,,,,,,,,,,,,,,,,,,,,,,,,,,,,,,,,,,,,,,,,,,,,,,,,,,,,,,,,,,,,,,,,,,,,,,,
#,FearTrend,HIDDEN,0,0,1.0,HIGHBAD,hex,#,"Fear,0+(1*x),4",,,,,,,,,,,,,,,,,,,,,,,,,,,,,,,,,,,,,,,,,,,,,,,,,,,,,,,,,,,,,,,,,,,,,,,,,,,,,,,,,,,,,,,,,,,,,,,,,,,,,,,,,,,,,,,,,,,,,,,,,,,,,,,,,,,,,,,,,,,,,,,,,,,,,,,,,,,,,,,,,,,,,,,,,,,,,,,,,,,,,,,,,,,,,,,,,,,,,,,,,,,,,,,,,,,,,,,,,,,,,,,,,,,#,,,,,,,,,,,,,,,,,,,,,,,,,,,,,,,,,,,,,,,,,,,,,,,,,,,,,,,,,,,,,,,,,,,,,,,,,,,,,,,,,,,,,,,,,,,,,,,,,,,,,,,,,,,,,,,,,,,,,,,,,,,,,,
#,DisgustTrend,HIDDEN,0,0,1.0,HIGHBAD,hex,#,"Disgust,0+(1*x),4",,,,,,,,,,,,,,,,,,,,,,,,,,,,,,,,,,,,,,,,,,,,,,,,,,,,,,,,,,,,,,,,,,,,,,,,,,,,,,,,,,,,,,,,,,,,,,,,,,,,,,,,,,,,,,,,,,,,,,,,,,,,,,,,,,,,,,,,,,,,,,,,,,,,,,,,,,,,,,,,,,,,,,,,,,,,,,,,,,,,,,,,,,,,,,,,,,,,,,,,,,,,,,,,,,,,,,,,,,,,,,,,,,,#,,,,,,,,,,,,,,,,,,,,,,,,,,,,,,,,,,,,,,,,,,,,,,,,,,,,,,,,,,,,,,,,,,,,,,,,,,,,,,,,,,,,,,,,,,,,,,,,,,,,,,,,,,,,,,,,,,,,,,,,,,,,,,
#,EnvyTrend,HIDDEN,0,0,1.0,HIGHBAD,hex,#,"Envy,0+(1*x),4",,,,,,,,,,,,,,,,,,,,,,,,,,,,,,,,,,,,,,,,,,,,,,,,,,,,,,,,,,,,,,,,,,,,,,,,,,,,,,,,,,,,,,,,,,,,,,,,,,,,,,,,,,,,,,,,,,,,,,,,,,,,,,,,,,,,,,,,,,,,,,,,,,,,,,,,,,,,,,,,,,,,,,,,,,,,,,,,,,,,,,,,,,,,,,,,,,,,,,,,,,,,,,,,,,,,,,,,,,,,,,,,,,,#,,,,,,,,,,,,,,,,,,,,,,,,,,,,,,,,,,,,,,,,,,,,,,,,,,,,,,,,,,,,,,,,,,,,,,,,,,,,,,,,,,,,,,,,,,,,,,,,,,,,,,,,,,,,,,,,,,,,,,,,,,,,,,
#,AngerTrend,HIDDEN,0,0,1.0,HIGHBAD,hex,#,"Anger,0+(1*x),4",,,,,,,,,,,,,,,,,,,,,,,,,,,,,,,,,,,,,,,,,,,,,,,,,,,,,,,,,,,,,,,,,,,,,,,,,,,,,,,,,,,,,,,,,,,,,,,,,,,,,,,,,,,,,,,,,,,,,,,,,,,,,,,,,,,,,,,,,,,,,,,,,,,,,,,,,,,,,,,,,,,,,,,,,,,,,,,,,,,,,,,,,,,,,,,,,,,,,,,,,,,,,,,,,,,,,,,,,,,,,,,,,,,#,,,,,,,,,,,,,,,,,,,,,,,,,,,,,,,,,,,,,,,,,,,,,,,,,,,,,,,,,,,,,,,,,,,,,,,,,,,,,,,,,,,,,,,,,,,,,,,,,,,,,,,,,,,,,,,,,,,,,,,,,,,,,,
#,AnxietyTrend,HIDDEN,0,0,1.0,HIGHBAD,hex,#,"Anxiety,0+(1*x),4",,,,,,,,,,,,,,,,,,,,,,,,,,,,,,,,,,,,,,,,,,,,,,,,,,,,,,,,,,,,,,,,,,,,,,,,,,,,,,,,,,,,,,,,,,,,,,,,,,,,,,,,,,,,,,,,,,,,,,,,,,,,,,,,,,,,,,,,,,,,,,,,,,,,,,,,,,,,,,,,,,,,,,,,,,,,,,,,,,,,,,,,,,,,,,,,,,,,,,,,,,,,,,,,,,,,,,,,,,,,,,,,,,,#,,,,,,,,,,,,,,,,,,,,,,,,,,,,,,,,,,,,,,,,,,,,,,,,,,,,,,,,,,,,,,,,,,,,,,,,,,,,,,,,,,,,,,,,,,,,,,,,,,,,,,,,,,,,,,,,,,,,,,,,,,,,,,
,,,,,,,,,,,,,,,,,,,,,,,,,,,,,,,,,,,,,,,,,,,,,,,,,,,,,,,,,,,,,,,,,,,,,,,,,,,,,,,,,,,,,,,,,,,,,,,,,,,,,,,,,,,,,,,,,,,,,,,,,,,,,,,,,,,,,,,,,,,,,,,,,,,,,,,,,,,,,,,,,,,,,,,,,,,,,,,,,,,,,,,,,,,,,,,,,,,,,,,,,,,,,,,,,,,,,,,,,,,,,,,,,,,,,,,,,,,,,,,,,,,,,,,,,,,,,,,,,,,,,,,,,,,,,,,,,,,,,,,,,,,,,,,,,,,,,,,,,,,,,,,,,,,,,,,,,,,,,,,,,,,,,,,,,,,,,,,,,,,,,,,,,,,,,,,,,,,,,,,,,,
#,Comp,ECONOMY,0,0,1.0,HIGHGOOD,icons_competitionlaw,#,"Coop,0.0001-(x^12)*0.5",,"CompulsorySchoolSports,0+(0.05*x*x),32",,,,,,,,,,,,,,,,,,,,,,,,,,,,,,,,,,,,,,,,,,,,,,,,,,"Capitalist_perc,0+(1*x),4",,,,,,,,,,,,,,,,,,,"Anxiety,0.15-(0.3*x),12","Anger,-0.15+(0.3*x),6",,"Envy,-0.15+(0.3*x),12",,,,"CapCEOPayMultiplier,0-(0.2*x*x*x),2",,,,,,,,,,,,,,,,,,,,,,,,,,,,,,,"Equality,0.2-(0.4*x),8",,,,"ForeignRelations,0.2-(0.2*x),8",,,,,,,,,,,,,,,,,,,,,,,,"PrivateHousing,0+(1*x)",,,"PrivateSchools,0+(1*x)",,,,,"Stability,0.2-(0.4*x),8",,,,,"Unemployment,0+(0.5*x),4",,,"Wages,0.4-(0.4*x),4",,,,,,,,,,,,,,,,,,,,,,,,,,,,,,,,,,,,,,,,,,,,,,,,,,,,,,,,,,,,,,,,"MilitarySpending,1.5*(x-0.5)^3+0.012,8",,,,,,,,"SelectiveSchooling,-0.05+(0.2*x*x),16",,#,"WorkerProductivity,-0.1+(0.2*x)","WorkingWeek,-0.1+(0.2*x)","SingleParents,-0.1+(0.2*x),32","Capitalist,-0.2+(0.4*x)","SkillsShortage,0.2-(0.4*x)","Uncompetitive Economy,0.1-(0.4*x*x),16","SocialMediaAddiction,-0.2+(0.4*x)","AntisocialBehaviour,-0.2+(0.4*x)","BrainDrain,0.2-(0.4*x)",,"HighProductivity,-0.2+(0.4*x)",,"ExtremeNationalism,-0.2+(0.4*x)",,"CyberBullying,-0.2+(0.4*x)",,,"Obesity,0.2-(0.4*x),4",,,"TaxEvasion,0+(0.4*x*x*x*x),8",,,,,,,,,,,,,,,,,,,,,,,,,,,,,,,,"Education,-0.2+(0.4*x),32","BusinessConfidence,0+(0.4*x*x)","Corruption,-0.2+(0.4*x)",,,,,,,,,,,,,,,,,,,,,,,,,,,,,,,,,,,,,,,,,,,,,,,,,,,,,,,,,,,,,,,"Wages,-0.05+(0.1*x),32",,,,,,,,
#,Coop,ECONOMY,0,0,1.0,HIGHGOOD,icons_smallbusinessgrants,#,"Comp,0.0001-(x^12)*0.5",,"CompulsorySchoolSports,0+(0.05*x*x),32",,,,,,,,,,,,,,,,,"ExtremePoverty,0.05+(0.15*x*x),32",,,,,,,,,,,,,,,,,,,,,,,,,,,,,,,,,,"Socialist_perc,0+(1*x),4",,,,,,,,,,,,,,,,,,,,"Disgust,0.15-(0.3*x),12",,"Fear,-0.15+(0.3*x),12","Paranoia,0.15-(0.3*x),12",,,,,,,"GenderTension,0-(0.2*x*x*x*x),16",,,,,,,,,,,,,,,,,,,,,,,,,,"Equality,-0.2+(0.4*x),8",,"ForeignAidReceived,0+(0.1*x*x),8","ForeignInvestment,0+(0.1*x*x),8","ForeignRelations,0+(0.2*x*x),8",,,,,,,,,,,,"InternationalTrade,0+(0.2*x*x),8",,,,,,,,,,,,,,,,,,"RacialTension,0-(0.2*x*x*x*x),16",,,,,,,,,,,,,,,,,,,,,,,,,,,,,,,,,"ForeignAid,0+(0.05*x),8",,,,,"FreeParentingClasses,0+(0.05*x),16",,,,,,,,,,,,"CarPoolingCampaign,0+(0.02*x),8",,,"CharityTaxRelief,0+(0.05*x),4",,,,,,,,,"CommunityPolicing,0+(0.05*x),16",,,"RefugeePolicy,0+(0.05*x),16",,,,,,,,,"Foodcrisis,0.05+(0.15*x*x),32",,,,,,,,,,#,"LocalCommunities,-0.3+(0.6*x),4",,"StayAtHomeParents,-0.1+(0.2*x),32","Socialist,-0.2+(0.4*x)","GeneralStrike,-0.2+(0.4*x)*GeneralStrike","Organised Crime,-0.2+(0.4*x)",,"TeachersStrike,-0.2+(0.4*x)","DoctorsStrike,-0.2+(0.4*x)","Rail Strike,-0.2+(0.4*x)","ClassWarfare,-0.2+(0.4*x)","RaceRiots,-0.2+(0.4*x)","ExtremeNationalism,-0.2+(0.4*x)","LudditeRiots,-0.2+(0.4*x)","EnvironmentalProtests,-0.2+(0.4*x)","FoodBanks,-0.2+(0.4*x)","VigilanteMobs,-0.2+(0.4*x)",,,,"TaxEvasion,0-(0.4*x*x*x*x),8",,,,,,,,,,,,,,,,,,,,,,,,,,,,,,,,"Culture,-0.2+(0.4*x),32","BusinessConfidence,-0.1+(0.2*x)","AntisocialBehaviour,0.2-(0.4*x)",,,,,,,,"Charity,-0.05+(0.2*x*x)",,,,,,,,,,,,,,,,,,,,,,,,,,,,,,,,,,,,,,,,,,,,,,,,,,,,,,,,,,,,,,,
,CompCoopDelta,ECONOMY,0,0,1.0,UNKNOWN,arrows_lr,#,"Comp,-0.5+(1*x)","Coop,0.5-(1*x)",,,,,,,,,,,,,,,,,,,,,,,,,,,,,,,,,,,,,,,,,,,,,,,,,,,,,#,,,,,,,,,,,,,,,,,,,,,,,,,,,,,,,,,,,,,,,,,,,,,,,,,,,,,,,,,,,,,,,,,,,,,,,,,,,,,,,,,,,,,,,,,,,,,,,,,,,,,,,,,,,,,,,,,,,,,,,,,,,,,,,,,,,,,,,,,,,,,,,,,,,,,,,,,,,,,,,,,,,,,,,,,,,,,,,,,,,,,,,,,,,,,,,,,,,,,,,,,,,,,,,,,,,,,,,,,,,,,,,,,,,,,,,,,,,,,,,,,,,,,,,,,,,,,,,,,,,,,,,,,,,,,,,,,,,,,,,,,,,,,,,,,,,,,,,,,,,
,,,,,,,,,,,,,,,,,,,,,,,,,,,,,,,,,,,,,,,,,,,,,,,,,,,,,,,,,,,,,,,,,,,,,,,,,,,,,,,,,,,,,,,,,,,,,,,,,,,,,,,,,,,,,,,,,,,,,,,,,,,,,,,,,,,,,,,,,,,,,,,,,,,,,,,,,,,,,,,,,,,,,,,,,,,,,,,,,,,,,,,,,,,,,,,,,,,,,,,,,,,,,,,,,,,,,,,,,,,,,,,,,,,,,,,,,,,,,,,,,,,,,,,,,,,,,,,,,,,,,,,,,,,,,,,,,,,,,,,,,,,,,,,,,,,,,,,,,,,,,,,,,,,,,,,,,,,,,,,,,,,,,,,,,,,,,,,,,,,,,,,,,,,,,,,,,,,,,,,,,,
,,,,,,,,,,,,,,,,,,,,,,,,,,,,,,,,,,,,,,,,,,,,,,,,,,,,,,,,,,,,,,,,,,,,,,,,,,,,,,,,,,,,,,,,,,,,,,,,,,,,,,,,,,,,,,,,,,,,,,,,,,,,,,,,,,,,,,,,,,,,,,,,,,,,,,,,,,,,,,,,,,,,,,,,,,,,,,,,,,,,,,,,,,,,,,,,,,,,,,,,,,,,,,,,,,,,,,,,,,,,,,,,,,,,,,,,,,,,,,,,,,,,,,,,,,,,,,,,,,,,,,,,,,,,,,,,,,,,,,,,,,,,,,,,,,,,,,,,,,,,,,,,,,,,,,,,,,,,,,,,,,,,,,,,,,,,,,,,,,,,,,,,,,,,,,,,,,,,,,,,,,
,,,,,,,,,,,,,,,,,,,,,,,,,,,,,,,,,,,,,,,,,,,,,,,,,,,,,,,,,,,,,,,,,,,,,,,,,,,,,,,,,,,,,,,,,,,,,,,,,,,,,,,,,,,,,,,,,,,,,,,,,,,,,,,,,,,,,,,,,,,,,,,,,,,,,,,,,,,,,,,,,,,,,,,,,,,,,,,,,,,,,,,,,,,,,,,,,,,,,,,,,,,,,,,,,,,,,,,,,,,,,,,,,,,,,,,,,,,,,,,,,,,,,,,,,,,,,,,,,,,,,,,,,,,,,,,,,,,,,,,,,,,,,,,,,,,,,,,,,,,,,,,,,,,,,,,,,,,,,,,,,,,,,,,,,,,,,,,,,,,,,,,,,,,,,,,,,,,,,,,,,,
,,,,,,,,,,,,,,,,,,,,,,,,,,,,,,,,,,,,,,,,,,,,,,,,,,,,,,,,,,,,,,,,,,,,,,,,,,,,,,,,,,,,,,,,,,,,,,,,,,,,,,,,,,,,,,,,,,,,,,,,,,,,,,,,,,,,,,,,,,,,,,,,,,,,,,,,,,,,,,,,,,,,,,,,,,,,,,,,,,,,,,,,,,,,,,,,,,,,,,,,,,,,,,,,,,,,,,,,,,,,,,,,,,,,,,,,,,,,,,,,,,,,,,,,,,,,,,,,,,,,,,,,,,,,,,,,,,,,,,,,,,,,,,,,,,,,,,,,,,,,,,,,,,,,,,,,,,,,,,,,,,,,,,,,,,,,,,,,,,,,,,,,,,,,,,,,,,,,,,,,,,
,,,,,,,,,,,,,,,,,,,,,,,,,,,,,,,,,,,,,,,,,,,,,,,,,,,,,,,,,,,,,,,,,,,,,,,,,,,,,,,,,,,,,,,,,,,,,,,,,,,,,,,,,,,,,,,,,,,,,,,,,,,,,,,,,,,,,,,,,,,,,,,,,,,,,,,,,,,,,,,,,,,,,,,,,,,,,,,,,,,,,,,,,,,,,,,,,,,,,,,,,,,,,,,,,,,,,,,,,,,,,,,,,,,,,,,,,,,,,,,,,,,,,,,,,,,,,,,,,,,,,,,,,,,,,,,,,,,,,,,,,,,,,,,,,,,,,,,,,,,,,,,,,,,,,,,,,,,,,,,,,,,,,,,,,,,,,,,,,,,,,,,,,,,,,,,,,,,,,,,,,,
,,,,,,,,,,,,,,,,,,,,,,,,,,,,,,,,,,,,,,,,,,,,,,,,,,,,,,,,,,,,,,,,,,,,,,,,,,,,,,,,,,,,,,,,,,,,,,,,,,,,,,,,,,,,,,,,,,,,,,,,,,,,,,,,,,,,,,,,,,,,,,,,,,,,,,,,,,,,,,,,,,,,,,,,,,,,,,,,,,,,,,,,,,,,,,,,,,,,,,,,,,,,,,,,,,,,,,,,,,,,,,,,,,,,,,,,,,,,,,,,,,,,,,,,,,,,,,,,,,,,,,,,,,,,,,,,,,,,,,,,,,,,,,,,,,,,,,,,,,,,,,,,,,,,,,,,,,,,,,,,,,,,,,,,,,,,,,,,,,,,,,,,,,,,,,,,,,,,,,,,,,
,,,,,,,,,,,,,,,,,,,,,,,,,,,,,,,,,,,,,,,,,,,,,,,,,,,,,,,,,,,,,,,,,,,,,,,,,,,,,,,,,,,,,,,,,,,,,,,,,,,,,,,,,,,,,,,,,,,,,,,,,,,,,,,,,,,,,,,,,,,,,,,,,,,,,,,,,,,,,,,,,,,,,,,,,,,,,,,,,,,,,,,,,,,,,,,,,,,,,,,,,,,,,,,,,,,,,,,,,,,,,,,,,,,,,,,,,,,,,,,,,,,,,,,,,,,,,,,,,,,,,,,,,,,,,,,,,,,,,,,,,,,,,,,,,,,,,,,,,,,,,,,,,,,,,,,,,,,,,,,,,,,,,,,,,,,,,,,,,,,,,,,,,,,,,,,,,,,,,,,,,,
,,,,,,,,,,,,,,,,,,,,,,,,,,,,,,,,,,,,,,,,,,,,,,,,,,,,,,,,,,,,,,,,,,,,,,,,,,,,,,,,,,,,,,,,,,,,,,,,,,,,,,,,,,,,,,,,,,,,,,,,,,,,,,,,,,,,,,,,,,,,,,,,,,,,,,,,,,,,,,,,,,,,,,,,,,,,,,,,,,,,,,,,,,,,,,,,,,,,,,,,,,,,,,,,,,,,,,,,,,,,,,,,,,,,,,,,,,,,,,,,,,,,,,,,,,,,,,,,,,,,,,,,,,,,,,,,,,,,,,,,,,,,,,,,,,,,,,,,,,,,,,,,,,,,,,,,,,,,,,,,,,,,,,,,,,,,,,,,,,,,,,,,,,,,,,,,,,,,,,,,,,
,,,,,,,,,,,,,,,,,,,,,,,,,,,,,,,,,,,,,,,,,,,,,,,,,,,,,,,,,,,,,,,,,,,,,,,,,,,,,,,,,,,,,,,,,,,,,,,,,,,,,,,,,,,,,,,,,,,,,,,,,,,,,,,,,,,,,,,,,,,,,,,,,,,,,,,,,,,,,,,,,,,,,,,,,,,,,,,,,,,,,,,,,,,,,,,,,,,,,,,,,,,,,,,,,,,,,,,,,,,,,,,,,,,,,,,,,,,,,,,,,,,,,,,,,,,,,,,,,,,,,,,,,,,,,,,,,,,,,,,,,,,,,,,,,,,,,,,,,,,,,,,,,,,,,,,,,,,,,,,,,,,,,,,,,,,,,,,,,,,,,,,,,,,,,,,,,,,,,,,,,,
,,,,,,,,,,,,,,,,,,,,,,,,,,,,,,,,,,,,,,,,,,,,,,,,,,,,,,,,,,,,,,,,,,,,,,,,,,,,,,,,,,,,,,,,,,,,,,,,,,,,,,,,,,,,,,,,,,,,,,,,,,,,,,,,,,,,,,,,,,,,,,,,,,,,,,,,,,,,,,,,,,,,,,,,,,,,,,,,,,,,,,,,,,,,,,,,,,,,,,,,,,,,,,,,,,,,,,,,,,,,,,,,,,,,,,,,,,,,,,,,,,,,,,,,,,,,,,,,,,,,,,,,,,,,,,,,,,,,,,,,,,,,,,,,,,,,,,,,,,,,,,,,,,,,,,,,,,,,,,,,,,,,,,,,,,,,,,,,,,,,,,,,,,,,,,,,,,,,,,,,,,
,,,,,,,,,,,,,,,,,,,,,,,,,,,,,,,,,,,,,,,,,,,,,,,,,,,,,,,,,,,,,,,,,,,,,,,,,,,,,,,,,,,,,,,,,,,,,,,,,,,,,,,,,,,,,,,,,,,,,,,,,,,,,,,,,,,,,,,,,,,,,,,,,,,,,,,,,,,,,,,,,,,,,,,,,,,,,,,,,,,,,,,,,,,,,,,,,,,,,,,,,,,,,,,,,,,,,,,,,,,,,,,,,,,,,,,,,,,,,,,,,,,,,,,,,,,,,,,,,,,,,,,,,,,,,,,,,,,,,,,,,,,,,,,,,,,,,,,,,,,,,,,,,,,,,,,,,,,,,,,,,,,,,,,,,,,,,,,,,,,,,,,,,,,,,,,,,,,,,,,,,,
,,,,,,,,,,,,,,,,,,,,,,,,,,,,,,,,,,,,,,,,,,,,,,,,,,,,,,,,,,,,,,,,,,,,,,,,,,,,,,,,,,,,,,,,,,,,,,,,,,,,,,,,,,,,,,,,,,,,,,,,,,,,,,,,,,,,,,,,,,,,,,,,,,,,,,,,,,,,,,,,,,,,,,,,,,,,,,,,,,,,,,,,,,,,,,,,,,,,,,,,,,,,,,,,,,,,,,,,,,,,,,,,,,,,,,,,,,,,,,,,,,,,,,,,,,,,,,,,,,,,,,,,,,,,,,,,,,,,,,,,,,,,,,,,,,,,,,,,,,,,,,,,,,,,,,,,,,,,,,,,,,,,,,,,,,,,,,,,,,,,,,,,,,,,,,,,,,,,,,,,,,
,,,,,,,,,,,,,,,,,,,,,,,,,,,,,,,,,,,,,,,,,,,,,,,,,,,,,,,,,,,,,,,,,,,,,,,,,,,,,,,,,,,,,,,,,,,,,,,,,,,,,,,,,,,,,,,,,,,,,,,,,,,,,,,,,,,,,,,,,,,,,,,,,,,,,,,,,,,,,,,,,,,,,,,,,,,,,,,,,,,,,,,,,,,,,,,,,,,,,,,,,,,,,,,,,,,,,,,,,,,,,,,,,,,,,,,,,,,,,,,,,,,,,,,,,,,,,,,,,,,,,,,,,,,,,,,,,,,,,,,,,,,,,,,,,,,,,,,,,,,,,,,,,,,,,,,,,,,,,,,,,,,,,,,,,,,,,,,,,,,,,,,,,,,,,,,,,,,,,,,,,,
,,,,,,,,,,,,,,,,,,,,,,,,,,,,,,,,,,,,,,,,,,,,,,,,,,,,,,,,,,,,,,,,,,,,,,,,,,,,,,,,,,,,,,,,,,,,,,,,,,,,,,,,,,,,,,,,,,,,,,,,,,,,,,,,,,,,,,,,,,,,,,,,,,,,,,,,,,,,,,,,,,,,,,,,,,,,,,,,,,,,,,,,,,,,,,,,,,,,,,,,,,,,,,,,,,,,,,,,,,,,,,,,,,,,,,,,,,,,,,,,,,,,,,,,,,,,,,,,,,,,,,,,,,,,,,,,,,,,,,,,,,,,,,,,,,,,,,,,,,,,,,,,,,,,,,,,,,,,,,,,,,,,,,,,,,,,,,,,,,,,,,,,,,,,,,,,,,,,,,,,,,
,COMPL,,,,,,,,(1-x),,,,,,,,,,,,,,,,,,,,,,,,,,,,,,,,,,,,,,,,,,,,,,,,,,,,,,,,,,,,,,,,,,,,,,,,,,,,,,,,,,,,,,,,,,,,,,,,,,,,,,,,,,,,,,,,,,,,,,,,,,,,,,,,,,,,,,,,,,,,,,,,,,,,,,,,,,,,,,,,,,,,,,,,,,,,,,,,,,,,,,,,,,,,,,,,,,,,,,,,,,,,,,,,,,,,,,,,,,,,,,,,,,,,,,,,,,,,,,,,,,,,,,,,,,,,,,,,,,,,,,,,,,,,,,,,,,,,,,,,,,,,,,,,,,,,,,,,,,,,,,,,,,,,,,,,,,,,,,,,,,,,,,,,,,,,,,,,,,,,,,,,,,,,,,,,,
#,_compl_Culture,HIDDEN,1,0,1.0,UNKNOWN,arrows_lr,#,"Culture,1-(1*x)",,,,,,,,,,,,,,,,,,,,,,,,,,,,,,,,,,,,,,,,,,,,,,,,,,,,,,,,,,,,,,,,,,,,,,,,,,,,,,,,,,,,,,,,,,,,,,,,,,,,,,,,,,,,,,,,,,,,,,,,,,,,,,,,,,,,,,,,,,,,,,,,,,,,,,,,,,,,,,,,,,,,,,,,,,,,,,,,,,,,,,,,,,,,,,,,,,,,,,,,,,,,,,,,,,,,,,,,,,,,,,,,,,,,,,,,,,,,,,,,,,,,,,,,,,,,,,,,,,,,,,,,,,,,,,,,,,,,,,,,,,,,,,,,,,,,,,,,,,,,,,,,,,,,,,,,,,,,,,,,,,,,,,,,,,,,,,,,,,,,,,,,,,,,,,,,,
#,_compl_Education,HIDDEN,1,0,1.0,UNKNOWN,arrows_lr,#,"Education,1-(1*x)",,,,,,,,,,,,,,,,,,,,,,,,,,,,,,,,,,,,,,,,,,,,,,,,,,,,,,,,,,,,,,,,,,,,,,,,,,,,,,,,,,,,,,,,,,,,,,,,,,,,,,,,,,,,,,,,,,,,,,,,,,,,,,,,,,,,,,,,,,,,,,,,,,,,,,,,,,,,,,,,,,,,,,,,,,,,,,,,,,,,,,,,,,,,,,,,,,,,,,,,,,,,,,,,,,,,,,,,,,,,,,,,,,,,,,,,,,,,,,,,,,,,,,,,,,,,,,,,,,,,,,,,,,,,,,,,,,,,,,,,,,,,,,,,,,,,,,,,,,,,,,,,,,,,,,,,,,,,,,,,,,,,,,,,,,,,,,,,,,,,,,,,,,,,,,,,,
#,_compl_Technology,HIDDEN,1,0,1.0,UNKNOWN,arrows_lr,#,"Technology,1-(1*x)",,,,,,,,,,,,,,,,,,,,,,,,,,,,,,,,,,,,,,,,,,,,,,,,,,,,,,,,,,,,,,,,,,,,,,,,,,,,,,,,,,,,,,,,,,,,,,,,,,,,,,,,,,,,,,,,,,,,,,,,,,,,,,,,,,,,,,,,,,,,,,,,,,,,,,,,,,,,,,,,,,,,,,,,,,,,,,,,,,,,,,,,,,,,,,,,,,,,,,,,,,,,,,,,,,,,,,,,,,,,,,,,,,,,,,,,,,,,,,,,,,,,,,,,,,,,,,,,,,,,,,,,,,,,,,,,,,,,,,,,,,,,,,,,,,,,,,,,,,,,,,,,,,,,,,,,,,,,,,,,,,,,,,,,,,,,,,,,,,,,,,,,,,,,,,,,,
#,_compl_WWTrauma,HIDDEN,1,0,1.0,UNKNOWN,arrows_lr,#,"WWTrauma,1-(1*x)",,,,,,,,,,,,,,,,,,,,,,,,,,,,,,,,,,,,,,,,,,,,,,,,,,,,,,,,,,,,,,,,,,,,,,,,,,,,,,,,,,,,,,,,,,,,,,,,,,,,,,,,,,,,,,,,,,,,,,,,,,,,,,,,,,,,,,,,,,,,,,,,,,,,,,,,,,,,,,,,,,,,,,,,,,,,,,,,,,,,,,,,,,,,,,,,,,,,,,,,,,,,,,,,,,,,,,,,,,,,,,,,,,,,,,,,,,,,,,,,,,,,,,,,,,,,,,,,,,,,,,,,,,,,,,,,,,,,,,,,,,,,,,,,,,,,,,,,,,,,,,,,,,,,,,,,,,,,,,,,,,,,,,,,,,,,,,,,,,,,,,,,,,,,,,,,,
#,_compl_GenderEquality,HIDDEN,1,0,1.0,UNKNOWN,arrows_lr,#,"GenderEquality,1-(1*x)",,,,,,,,,,,,,,,,,,,,,,,,,,,,,,,,,,,,,,,,,,,,,,,,,,,,,,,,,,,,,,,,,,,,,,,,,,,,,,,,,,,,,,,,,,,,,,,,,,,,,,,,,,,,,,,,,,,,,,,,,,,,,,,,,,,,,,,,,,,,,,,,,,,,,,,,,,,,,,,,,,,,,,,,,,,,,,,,,,,,,,,,,,,,,,,,,,,,,,,,,,,,,,,,,,,,,,,,,,,,,,,,,,,,,,,,,,,,,,,,,,,,,,,,,,,,,,,,,,,,,,,,,,,,,,,,,,,,,,,,,,,,,,,,,,,,,,,,,,,,,,,,,,,,,,,,,,,,,,,,,,,,,,,,,,,,,,,,,,,,,,,,,,,,,,,,,
#,_compl_Equality,HIDDEN,1,0,1.0,UNKNOWN,arrows_lr,#,"Equality,1-(1*x)",,,,,,,,,,,,,,,,,,,,,,,,,,,,,,,,,,,,,,,,,,,,,,,,,,,,,,,,,,,,,,,,,,,,,,,,,,,,,,,,,,,,,,,,,,,,,,,,,,,,,,,,,,,,,,,,,,,,,,,,,,,,,,,,,,,,,,,,,,,,,,,,,,,,,,,,,,,,,,,,,,,,,,,,,,,,,,,,,,,,,,,,,,,,,,,,,,,,,,,,,,,,,,,,,,,,,,,,,,,,,,,,,,,,,,,,,,,,,,,,,,,,,,,,,,,,,,,,,,,,,,,,,,,,,,,,,,,,,,,,,,,,,,,,,,,,,,,,,,,,,,,,,,,,,,,,,,,,,,,,,,,,,,,,,,,,,,,,,,,,,,,,,,,,,,,,,
#,_compl_MentalHealth,HIDDEN,1,0,1.0,UNKNOWN,arrows_lr,#,"MentalHealth,1-(1*x)",,,,,,,,,,,,,,,,,,,,,,,,,,,,,,,,,,,,,,,,,,,,,,,,,,,,,,,,,,,,,,,,,,,,,,,,,,,,,,,,,,,,,,,,,,,,,,,,,,,,,,,,,,,,,,,,,,,,,,,,,,,,,,,,,,,,,,,,,,,,,,,,,,,,,,,,,,,,,,,,,,,,,,,,,,,,,,,,,,,,,,,,,,,,,,,,,,,,,,,,,,,,,,,,,,,,,,,,,,,,,,,,,,,,,,,,,,,,,,,,,,,,,,,,,,,,,,,,,,,,,,,,,,,,,,,,,,,,,,,,,,,,,,,,,,,,,,,,,,,,,,,,,,,,,,,,,,,,,,,,,,,,,,,,,,,,,,,,,,,,,,,,,,,,,,,,,
#,_compl_AbortionLaw,HIDDEN,1,0,1.0,UNKNOWN,arrows_lr,#,"AbortionLaw,1-(1*x)",,,,,,,,,,,,,,,,,,,,,,,,,,,,,,,,,,,,,,,,,,,,,,,,,,,,,,,,,,,,,,,,,,,,,,,,,,,,,,,,,,,,,,,,,,,,,,,,,,,,,,,,,,,,,,,,,,,,,,,,,,,,,,,,,,,,,,,,,,,,,,,,,,,,,,,,,,,,,,,,,,,,,,,,,,,,,,,,,,,,,,,,,,,,,,,,,,,,,,,,,,,,,,,,,,,,,,,,,,,,,,,,,,,,,,,,,,,,,,,,,,,,,,,,,,,,,,,,,,,,,,,,,,,,,,,,,,,,,,,,,,,,,,,,,,,,,,,,,,,,,,,,,,,,,,,,,,,,,,,,,,,,,,,,,,,,,,,,,,,,,,,,,,,,,,,,,
#,_compl_FamilyPlanning,HIDDEN,1,0,1.0,UNKNOWN,arrows_lr,#,"FamilyPlanning,1-(1*x)",,,,,,,,,,,,,,,,,,,,,,,,,,,,,,,,,,,,,,,,,,,,,,,,,,,,,,,,,,,,,,,,,,,,,,,,,,,,,,,,,,,,,,,,,,,,,,,,,,,,,,,,,,,,,,,,,,,,,,,,,,,,,,,,,,,,,,,,,,,,,,,,,,,,,,,,,,,,,,,,,,,,,,,,,,,,,,,,,,,,,,,,,,,,,,,,,,,,,,,,,,,,,,,,,,,,,,,,,,,,,,,,,,,,,,,,,,,,,,,,,,,,,,,,,,,,,,,,,,,,,,,,,,,,,,,,,,,,,,,,,,,,,,,,,,,,,,,,,,,,,,,,,,,,,,,,,,,,,,,,,,,,,,,,,,,,,,,,,,,,,,,,,,,,,,,,,
,,,,,,,,,,,,,,,,,,,,,,,,,,,,,,,,,,,,,,,,,,,,,,,,,,,,,,,,,,,,,,,,,,,,,,,,,,,,,,,,,,,,,,,,,,,,,,,,,,,,,,,,,,,,,,,,,,,,,,,,,,,,,,,,,,,,,,,,,,,,,,,,,,,,,,,,,,,,,,,,,,,,,,,,,,,,,,,,,,,,,,,,,,,,,,,,,,,,,,,,,,,,,,,,,,,,,,,,,,,,,,,,,,,,,,,,,,,,,,,,,,,,,,,,,,,,,,,,,,,,,,,,,,,,,,,,,,,,,,,,,,,,,,,,,,,,,,,,,,,,,,,,,,,,,,,,,,,,,,,,,,,,,,,,,,,,,,,,,,,,,,,,,,,,,,,,,,,,,,,,,,
,,,,,,,,,,,,,,,,,,,,,,,,,,,,,,,,,,,,,,,,,,,,,,,,,,,,,,,,,,,,,,,,,,,,,,,,,,,,,,,,,,,,,,,,,,,,,,,,,,,,,,,,,,,,,,,,,,,,,,,,,,,,,,,,,,,,,,,,,,,,,,,,,,,,,,,,,,,,,,,,,,,,,,,,,,,,,,,,,,,,,,,,,,,,,,,,,,,,,,,,,,,,,,,,,,,,,,,,,,,,,,,,,,,,,,,,,,,,,,,,,,,,,,,,,,,,,,,,,,,,,,,,,,,,,,,,,,,,,,,,,,,,,,,,,,,,,,,,,,,,,,,,,,,,,,,,,,,,,,,,,,,,,,,,,,,,,,,,,,,,,,,,,,,,,,,,,,,,,,,,,,
,,,,,,,,,,,,,,,,,,,,,,,,,,,,,,,,,,,,,,,,,,,,,,,,,,,,,,,,,,,,,,,,,,,,,,,,,,,,,,,,,,,,,,,,,,,,,,,,,,,,,,,,,,,,,,,,,,,,,,,,,,,,,,,,,,,,,,,,,,,,,,,,,,,,,,,,,,,,,,,,,,,,,,,,,,,,,,,,,,,,,,,,,,,,,,,,,,,,,,,,,,,,,,,,,,,,,,,,,,,,,,,,,,,,,,,,,,,,,,,,,,,,,,,,,,,,,,,,,,,,,,,,,,,,,,,,,,,,,,,,,,,,,,,,,,,,,,,,,,,,,,,,,,,,,,,,,,,,,,,,,,,,,,,,,,,,,,,,,,,,,,,,,,,,,,,,,,,,,,,,,,
,,,,,,,,,,,,,,,,,,,,,,,,,,,,,,,,,,,,,,,,,,,,,,,,,,,,,,,,,,,,,,,,,,,,,,,,,,,,,,,,,,,,,,,,,,,,,,,,,,,,,,,,,,,,,,,,,,,,,,,,,,,,,,,,,,,,,,,,,,,,,,,,,,,,,,,,,,,,,,,,,,,,,,,,,,,,,,,,,,,,,,,,,,,,,,,,,,,,,,,,,,,,,,,,,,,,,,,,,,,,,,,,,,,,,,,,,,,,,,,,,,,,,,,,,,,,,,,,,,,,,,,,,,,,,,,,,,,,,,,,,,,,,,,,,,,,,,,,,,,,,,,,,,,,,,,,,,,,,,,,,,,,,,,,,,,,,,,,,,,,,,,,,,,,,,,,,,,,,,,,,,
,,,,,,,,,,,,,,,,,,,,,,,,,,,,,,,,,,,,,,,,,,,,,,,,,,,,,,,,,,,,,,,,,,,,,,,,,,,,,,,,,,,,,,,,,,,,,,,,,,,,,,,,,,,,,,,,,,,,,,,,,,,,,,,,,,,,,,,,,,,,,,,,,,,,,,,,,,,,,,,,,,,,,,,,,,,,,,,,,,,,,,,,,,,,,,,,,,,,,,,,,,,,,,,,,,,,,,,,,,,,,,,,,,,,,,,,,,,,,,,,,,,,,,,,,,,,,,,,,,,,,,,,,,,,,,,,,,,,,,,,,,,,,,,,,,,,,,,,,,,,,,,,,,,,,,,,,,,,,,,,,,,,,,,,,,,,,,,,,,,,,,,,,,,,,,,,,,,,,,,,,,
,,,,,,,,,,,,,,,,,,,,,,,,,,,,,,,,,,,,,,,,,,,,,,,,,,,,,,,,,,,,,,,,,,,,,,,,,,,,,,,,,,,,,,,,,,,,,,,,,,,,,,,,,,,,,,,,,,,,,,,,,,,,,,,,,,,,,,,,,,,,,,,,,,,,,,,,,,,,,,,,,,,,,,,,,,,,,,,,,,,,,,,,,,,,,,,,,,,,,,,,,,,,,,,,,,,,,,,,,,,,,,,,,,,,,,,,,,,,,,,,,,,,,,,,,,,,,,,,,,,,,,,,,,,,,,,,,,,,,,,,,,,,,,,,,,,,,,,,,,,,,,,,,,,,,,,,,,,,,,,,,,,,,,,,,,,,,,,,,,,,,,,,,,,,,,,,,,,,,,,,,,
,,,,,,,,,,,,,,,,,,,,,,,,,,,,,,,,,,,,,,,,,,,,,,,,,,,,,,,,,,,,,,,,,,,,,,,,,,,,,,,,,,,,,,,,,,,,,,,,,,,,,,,,,,,,,,,,,,,,,,,,,,,,,,,,,,,,,,,,,,,,,,,,,,,,,,,,,,,,,,,,,,,,,,,,,,,,,,,,,,,,,,,,,,,,,,,,,,,,,,,,,,,,,,,,,,,,,,,,,,,,,,,,,,,,,,,,,,,,,,,,,,,,,,,,,,,,,,,,,,,,,,,,,,,,,,,,,,,,,,,,,,,,,,,,,,,,,,,,,,,,,,,,,,,,,,,,,,,,,,,,,,,,,,,,,,,,,,,,,,,,,,,,,,,,,,,,,,,,,,,,,,
,,,,,,,,,,,,,,,,,,,,,,,,,,,,,,,,,,,,,,,,,,,,,,,,,,,,,,,,,,,,,,,,,,,,,,,,,,,,,,,,,,,,,,,,,,,,,,,,,,,,,,,,,,,,,,,,,,,,,,,,,,,,,,,,,,,,,,,,,,,,,,,,,,,,,,,,,,,,,,,,,,,,,,,,,,,,,,,,,,,,,,,,,,,,,,,,,,,,,,,,,,,,,,,,,,,,,,,,,,,,,,,,,,,,,,,,,,,,,,,,,,,,,,,,,,,,,,,,,,,,,,,,,,,,,,,,,,,,,,,,,,,,,,,,,,,,,,,,,,,,,,,,,,,,,,,,,,,,,,,,,,,,,,,,,,,,,,,,,,,,,,,,,,,,,,,,,,,,,,,,,,
,,,,,,,,,,,,,,,,,,,,,,,,,,,,,,,,,,,,,,,,,,,,,,,,,,,,,,,,,,,,,,,,,,,,,,,,,,,,,,,,,,,,,,,,,,,,,,,,,,,,,,,,,,,,,,,,,,,,,,,,,,,,,,,,,,,,,,,,,,,,,,,,,,,,,,,,,,,,,,,,,,,,,,,,,,,,,,,,,,,,,,,,,,,,,,,,,,,,,,,,,,,,,,,,,,,,,,,,,,,,,,,,,,,,,,,,,,,,,,,,,,,,,,,,,,,,,,,,,,,,,,,,,,,,,,,,,,,,,,,,,,,,,,,,,,,,,,,,,,,,,,,,,,,,,,,,,,,,,,,,,,,,,,,,,,,,,,,,,,,,,,,,,,,,,,,,,,,,,,,,,,
