,,,prereqs,,positive,start trigger,stop trigger,cost,costfunction,income,incomefunction,_default_,C-MISC,C-MISC,C-MISC,C-MISC,C-MISC,C-MISC,C-MISC,C-MISC,C-MISC,C-MISC,C-MISC,C-MISC,C-MISC,C-MISC,C-MISC,C-MISC,C-MISC,C-MISC,C-MISC,C-MISC,C-MISC,C-MISC,C-MISC,C-MISC,C-MISC,C-MISC,C-MISC,C-MISC,C-MISC,C-MISC,C-MISC,C-MISC,C-MISC,C-MISC,C-MISC,C-MISC,C-MISC,C-MISC,C-MISC,C-MISC,C-MISC,C-MISC,C-MISC,C-MISC,C-MISC,C-MISC,C-,C-NEW SIMU,C-NEW SIMU,C-NEW SIMU,C-NEW SIMU,C-NEW SIMU,C-NEW SIMU,C-NEW SIMU,C-NEW SIMU,C-NEW SIMU,C-EMOTIONS,C-EMOTIONS,C-EMOTIONS,C-EMOTIONS,C-EMOTIONS,C-EMOTIONS,SEP,C-GROUPS,C-GROUPS,C-GROUPS,C-GROUPS,C-GROUPS,C-GROUPS,C-GROUPS,C-GROUPS,C-GROUPS,C-GROUPS,C-GROUPS,C-GROUPS,C-GROUPS,C-GROUPS,C-GROUPS,C-GROUPS,C-GROUPS,C-GROUPS,C-GROUPS,C-,C-,C-,C-,C-,C-,C-,C-,C-,C-,C-,C-,C-,C-,C-,C-,C-,C-,C-,C-,C-,C-,C-,C-,C-,C-,C-,C-,C-,C-,C-,C-,C-,C-,C-,C-,C-,C-,C-,C-,C-,C-,C-,C-,C-,C-,C-,C-,C-,C-,C-,C-,C-,C-,C-,C-,C-,C-,C-,C-,C-,C-,C-,C-,C-,C-,C-,C-,C-,C-,C-,EFFECTS,E-MISC,E-MISC,E-MISC,E-MISC,E-MISC,E-NEW SIMU,E-NEW SIMU,E-NEW SIMU,E-NEW SIMU,E-NEW SIMU,E-NEW SIMU,E-NEW SIMU,E-NEW SIMU,E-NEW SIMU,E-EMOTIONS,E-EMOTIONS,E-EMOTIONS,E-EMOTIONS,E-EMOTIONS,E-EMOTIONS,E-GROUPS,E-GROUPS,E-GROUPS,E-GROUPS,E-GROUPS,E-GROUPS,E-GROUPS,E-GROUPS,E-GROUPS,E-GROUPS,E-GROUPS,E-GROUPS,E-GROUPS,E-GROUPS,E-GROUPS,E-GROUPS,E-GROUPS,E-GROUPS,E-GROUPS,E-GROUPS,E-SIMU,E-SIMU,E-SIMU,E-SIMU,E-SIMU,E-SIMU,E-SIMU,E-SIMU,E-SIMU,E-SIMU,E-SIMU,E-SIMU,E-SIMU,E-SIMU,E-SIMU,E-SIMU,E-SIMU,E-SIMU,E-SIMU,E-SIMU,E-SIMU,E-SIMU,E-SIMU,E-SIMU,E-SIMU,E-SIMU,E-SIMU,E-SIMU,E-SIMU,E-SIMU,E-SIMU,E-SIMU,E-SIMU,E-SIMU,E-SIMU,E-SIMU,E-SIMU,E-SIMU,E-SIMU,E-SIMU,E-SIMU,E-SIMU,E-SIMU,E-SIMU,E-SIMU,E-SIMU,E-SIMU,E-SIMU,E-SIMU,E-SIMU,E-SIMU,E-SIMU,E-SIMU,E-SIMU,E-SIMU,E-SIMU,E-SIMU,E-SIMU,E-SIMU,E-SIMU,E-SIMU,E-SIMU,E-SIMU,E-SIMU,E-SIMU,E-SIMU,E-SIMU,E-SIMU,E-SIMU,E-SIMU,E-SIMU,SEP,E-NEW SIT,E-NEW SIT,E-NEW SIT,E-NEW SIT,E-NEW SIT,E-NEW SIT,E-NEW SIT,E-NEW SIT,E-NEW SIT,E-NEW SIT,E-NEW SIT,E-NEW SIT,E-NEW SIT,E-NEW SIT,E-NEW SIT,E-NEW SIT,E-NEW SIT,E-NEW SIT,E-NEW SIT,E-NEW SIT,E-NEW SIT,E-NEW SIT,E-(21cc)NEW SIT,E-(21cc)NEW SIT,E-,E-,E-,E-,E-,E-,E-,E-,E-,E-
,,,,,,,,,,,,,,,,,,,,,,,,,,,,,,,,,,,,,,,,,,,,,,,,,,,,,,,,,,,_year,Comp,Coop,Culture,LocalCommunities,BureaucraticKnowledge,GenderTension,SingleParents,StayAtHomeParents,,Anger,Anxiety,Disgust,Envy,Fear,Paranoia,SEP,EthnicMinorities,Capitalist,Socialist,,Liberal,Conservatives,Retired,Young,SelfEmployed,TradeUnionist,Parents,StateEmployees,Motorist,Commuter,Patriot,Religious,,Wealthy,Environmentalist,GlobalCO2,_HighIncome,_LowIncome,_MiddleIncome,_Terrorism,AirTravel,AlcoholConsumption,AverageTemperature,BusinessConfidence,BusUsage,CarUsage,Charity,CO2Emissions,Corruption,CrimeRate,CurrencyStrength,Democracy,Education,ElectricCarTransition,Emigration,EnergyEfficiency,Environment,Equality,FoodPrice,ForeignAidReceived,ForeignInvestment,ForeignRelations,GDP,GenderEquality,GenerationalWealthGap,Health,HealthcareDemand,HumanDevelopment,Immigration,ImmigrationDemand,IllegalImmigration,IndustrialAutomation,Inflation,InternationalTrade,InternetCurrencyAdoption,InternetSpeed,LegalDrugConsumption,Lifespan,OilDemand,OilPrice,OilSupply,Population,PovertyRate,PrivateEnergy,PrivateHealthcare,PrivateHousing,PrivatePensions,PrivateRail,PrivateSchools,PrivateTelecoms,PrivateWater,RacialTension,RailUsage,Stability,Technology,TobaccoUse,Tourism,TrafficCongestion,Unemployment,Veganism,ViolentCrimeRate,Wages,WorkerProductivity,WorkingWeek,RareEarthPrice,MentalHealth,,,,,,,Comp,Coop,Culture,LocalCommunities,BureaucraticKnowledge,GenderTension,SingleParents,StayAtHomeParents,,Anger,Anxiety,Disgust,Envy,Fear,Paranoia,EthnicMinorities,Capitalist,Socialist,Liberal,Conservatives,Retired,Young,SelfEmployed,TradeUnionist,Parents,StateEmployees,Motorist,Commuter,Patriot,Religious,Farmers,Poor,MiddleIncome,Wealthy,Environmentalist,GlobalCO2,_HighIncome,_LowIncome,_MiddleIncome,_Terrorism,AirTravel,AlcoholConsumption,AverageTemperature,BusinessConfidence,BusUsage,CarUsage,Charity,CO2Emissions,Corruption,CrimeRate,CurrencyStrength,Democracy,Education,ElectricCarTransition,Emigration,EnergyEfficiency,Environment,Equality,FoodPrice,ForeignAidReceived,ForeignInvestment,ForeignRelations,GDP,GenderEquality,GenerationalWealthGap,Health,HealthcareDemand,HumanDevelopment,Immigration,ImmigrationDemand,IllegalImmigration,IndustrialAutomation,Inflation,InternationalTrade,InternetCurrencyAdoption,InternetSpeed,LegalDrugConsumption,Lifespan,OilDemand,OilPrice,OilSupply,Population,PovertyRate,PrivateEnergy,PrivateHealthcare,PrivateHousing,PrivatePensions,PrivateRail,PrivateSchools,PrivateTelecoms,PrivateWater,RacialTension,RailUsage,Stability,Technology,TobaccoUse,Tourism,TrafficCongestion,Unemployment,Veganism,ViolentCrimeRate,Wages,WorkerProductivity,WorkingWeek,RareEarthPrice,MentalHealth,SEP,ColTrauma,WWTrauma,CWTrauma,RIP,CRT,CGT,LuxuryBeliefs,Complotism,HookupCulture,FatAcceptance,PSAFatigue,FunctionalIlliteracy,AbortionObjectors,Fundamentalism,SlowJustice,Absenteeism,TrophySyndrome,NewAge,GreenWashing,WokeWashing,DegrowthDoctrine,QuietQuitting,PlannedObsolescence,CreatorEconomy,,,,,,,,,,
#,ColTrauma,FOREIGNPOLICY,,sit_icons_colonialtrauma,0,0.2,0.1,0,0+(1.0*x),0,0+(1.0*x),,"ForeignAid,x*(Corruption-0.5)*0.5,16",,,,,,"MilitarySpending,0+(0.5*x*x*x*x)",,,,,,,,,,,,,,,,,,,"EgalitarianSociety,-0.1-(0.4*x*x*x*x)",,,,,,,,,,,,,,"Creationism,Liberal_perc-(x^0.3)*1.231,32",,,,,,,"_year,0-(0.015*x)",,,"Culture,0.05-(0.45*x*x*x*x),32",,,,,,,,,,,,,,,,,,,,,,,,,,,,,,,,,,,,,,,,,,,"StampOutRacismWeek,0-(0.15*x)*_inv_RIP,32",,,,,,,"Education,0.05-(0.2*x*x),32",,,,,,,,,,"_percept_compassion,0-(0.5*x*x)",,,,,,,,,,,,,,,,,,,,,,,,,,,,,,,,,,,,,,,,,,,,#,,,,,,,,"Culture,-0.1-(0.15*x*x),16",,,,,,,"Anger,0+(0.2*x),16",,,,,,,,,,,,,,,,,,,,,,,,,,,,,,,,,,,,,,,,,,,"Education,0-(0.075*x*x),16",,,,,,"Polarization,0.05+(0.1*x*x),16",,"RacialTension,0+(1*x*x),16",,,,,,,,,,,,,,,,,,,,,,,,,,,,,,,,,,,,,,,,,,,,,"MentalHealth,-0.01-(0.1*x*x),16",,,,,,"CRT,0+(1*x),16",,,,,,,,,,,,,,,,,,,,,,,,,,,,,
#,WWTrauma,FOREIGNPOLICY,,sit_icons_worldwartrauma,0,0.2,0.1,0,0+(1.0*x),0,0+(1.0*x),,,,,"OneChildPolicy,0.1+(0.3*x)","NationalService,0+(0.3*x)","NationalArmedForcesWeek,0+(0.05*x*x)","MilitarySpending,0+(0.5*x*x*x*x)",,,,,,,,,,,,,,"FemaleGenitalMutilation,0+(0.1*x)","Flagsoneverystreetcorner,0+(0.2*x)",,"Hyperinflation,0+(0.2*x)","ExtremeNationalism,0.1+(0.8*x)","EgalitarianSociety,-0.1-(0.4*x*x*x*x)","Ghettos,0.1+(0.3*x)","RaceRiots,0.1+(0.3*x)","ClassWarfare,0.1+(0.3*x)",,,,,,,,,,,"Creationism,-0.1+(x^5)*0.6,32",,"RacialProfiling,0.1+(0.5*x)",,,,,"_year,0-(0.015*x)",,,"Culture,0.05-(0.45*x*x*x*x),32",,,,,,,,,,,,,,,,,,,,,,,,,,,,,,,,,,,,,,,,,,,"StampOutRacismWeek,0-(0.15*x)*_inv_RIP,32",,,,,,,"Education,0.05-(0.2*x*x),32",,,,,,,"HumanCloningResearchGrants,0+(0.3*x)",,"ForeignRelations,0.25-(1*x*x*x),32","_percept_compassion,0-(0.5*x*x)","_percept_strength,0+(0.5*x*x),32",,,,,,,,,,,,,,,,,,,,,,,,,,,,,,,,,,,,,,,,,,,#,,,,,,,,"Culture,-0.1-(0.15*x*x),16",,,,,,,,,,,,,,,"Socialist_freq,0+(0.1*x*x),16","Liberal_freq,0+(0.15*x*x),16",,,,,,,,,,"Patriot_freq,0-(0.15*x*x),16","Religious_freq,0-(0.15*x*x),16",,,,,,,,,,,,,,,,,,,,,,,"Education,0-(0.075*x*x),16",,"ExtremeNationalism,0-(0.05*x*x),16",,,,"Polarization,0.05+(0.1*x*x),16",,"RacialTension,0+(0.2*x*x),16",,,,,,,,,,,,,,,,,,,,,,,,,,,,,,,,,,,,,,,,,,,,,"MentalHealth,-0.01-(0.1*x*x),16",,,,,,,,,,,,,,,,,,,,,,,,,,,,,,,,,,,
#,CWTrauma,FOREIGNPOLICY,,sit_icons_coldwartrauma,0,0.2,0.1,0,0+(1.0*x),0,0+(1.0*x),,,,,"NuclearFission,-0.1+(0.4*x),8","NationalService,0+(0.3*x)","NationalArmedForcesWeek,0+(0.05*x*x)","MilitarySpending,0+(0.5*x*x*x*x)","IntelligenceServices,0+(0.4*x*x*x*x),8",,,,,,,,,,"GeneralMediaCensorship,0+(0.3*x)",,,,,,,,"EgalitarianSociety,-0.1-(0.4*x*x*x*x)",,,"ClassWarfare,0.1+(0.3*x)",,,,,,,,,,,"Creationism,-0.1+(x^5)*0.6,32",,"NuclearWeapons,0+(0.3*x*x)",,,,,"_year,0-(0.015*x)",,,"Culture,0.05-(0.45*x*x*x*x),32",,,,,,,,,,,,,,,,,,,,,,,,,,,,,,,,,,,,,,,,,,,,,,,,,,"Education,0.05-(0.2*x*x),32",,,,,,,,,"ForeignRelations,1-(2*x*x),32","_percept_compassion,0-(0.5*x*x)",,,,,,,,,,,,,,,,,,,,,,,,,,,,,,,,,,,,,,,,,,,,#,,,,,,,,"Culture,-0.1-(0.15*x*x),16",,,,,,,,,,,"Fear,0+(0.2*x),16","Paranoia,0+(0.2*x),16",,,"Socialist_freq,0-(0.1*x*x),16",,,,,,,,,,,,,,,,,,,,,,,,,,,,,,,,,,,,,,,,,"Polarization,0.05+(0.1*x*x),16",,"RacialTension,0+(0.2*x*x),16",,,,,,,,,,,,,,,,,,,,,,,,,,,,,,,,,,,,,,,,,,,,,"MentalHealth,-0.01-(0.1*x*x),16",,,,,,,,,,,,,,,,,,,,,,,,,,,,,,,,,,,
#,RIP,WELFARE,,icons_diversityquotasforcompanies,0,0.6,0.4,0,0+(1.0*x),0,0+(1.0*x),,,,"Socialist_perc,0+(1*x)*Corruption",,,,,,,,,,,,,,,"GeneralMediaCensorship,-0.2-(1*x*x*x),32",,,,,,,,,,,,,,,,,,,,,,,,"SocialJusticeFoundation,0+(0.1*x*x),4",,,,"CGT,0+(0.1*x),8",,,"MentalHealth,0.2-(0.8*x*x),16",,,,,,,,,,,,,,,,,,,,,,,,,,,,,,,,,,,,,,,,,,,,,,,,,,,,,,,,,,,,"ForeignRelations,0.1-(0.2*x),32",,,,,,,,,,,,,,,,,,,,,,,,,,,,,,,,,,,,,,,,,,,,,#,"_All_,0-(0.1*x*x*x*x),32",,,,,,,,"LocalCommunities,-0.1-(0.2*x),8",,,,,,,,,,,,,,"Socialist_freq,0+(0.1*x),32",,,,,,,,,,,,,,,,,,,,,,,,,,,,,,,,,,,"Education,0-(0.4*x*x*x*x),32",,,,,,"Polarization,0.05+(0.1*x),32","Corruption,0+(0.1*x*x),10",,,,,,"ClassWarfare,0+(0.35*x),32",,,"Comp,-0.05-(0.15*x),32",,,,,,,,,,,,,,,,,,,,,,,,,,,,,,,,,,,,,"MentalHealth,-0.015-(0.15*x),32",,,,,,,,,,,,,,,,,,,,,,,,,,,,"CyberBullying,0.05+(0.1*x*x),16",,,,,,,
#,CRT,WELFARE,,icons_racialprofiling,0,0.6,0.4,0,0+(1.0*x),0,0+(1.0*x),,,,"Socialist_perc,0+(1*x)*Corruption",,,,,,,,,,,,,,,"GeneralMediaCensorship,-0.2-(1*x*x*x),32","SocialMediaAddiction,0+(0.5*x*x*x*x),16",,,,,,,,,,,,,,,,,,,,,,,,,,,"CGT,0.1+(0.1*x),32",,,"RacialTension,0+(1*x*x)*ColTrauma,8","Culture,_compl_MentalHealth*x-_compl_MentalHealth*x^2,16",,,,,,,,,,,,,,,,,,,,,,,,,,,,,,,,,,,,,,,,,,,,,,"ExtremeNationalism,0.1+(0.5*x*x*x),4",,,,"Education,0.1-(0.2*x),32",,"CitizenshipForSale,0.15-(0.1*x),8","RacialProfiling,0.2+(0.4*x*x*x)","SelectiveSchooling,0+EthnicMinorities_perc*PovertyRate*x*x,4","Equality,0.125-(0.9*x*x*x),8",,,,,"Conservatives_perc,0-(1*x)",,"GenerationalWealthGap,0+(0.1*x*x)","Religious_perc,0-(1*x)",,,,,,,,,,,,,,,,,,,,,,,,,,,,,,,,,,,,,,,,,#,"_All_,0-(0.1*x*x*x)*RIP,32",,,,,,,,"LocalCommunities,-0.1-(0.2*x),8",,,,,,,,,,,,,,"Socialist_freq,0+(0.05*x),32",,,,,,,"Parents,0-(0.5*x*x*x*x),32",,,,,,,,,,,,,,,,,,,,,,,,,,,,,,,,,,"Polarization,0.05+(0.1*x),32","Corruption,0+(0.1*x*x),10","VigilanteMobs,0.05+(0.15*x),16",,"StateEmployees,0-(0.2*x),8","RaceRiots,0+(0.4*x*x*x),32",,"AntisocialBehaviour,0+(0.1*x),16","RacialTension,0.05+(0.1*x*x),24",,"Comp,-0.05-(0.15*x),32",,,,,,,,,,,,,,,,,,,,,,,,,,,,,,,,,,,,,"MentalHealth,-0.01-(0.1*x),32",,,,,,,,,,,,,,,,,,,,,,,,,,,,"CyberBullying,0.05+(0.1*x*x),16",,,,,,,
#,CGT,WELFARE,,icons_gendertransition,0,0.6,0.4,0,0+(1.0*x),0,0+(1.0*x),,,,"Socialist_perc,0+(1*x)*Corruption",,,,,,,,,,,,,,,"GeneralMediaCensorship,-0.2-(1*x*x*x),32","SocialMediaAddiction,0+(0.5*x*x*x*x),16",,,,,,,,,,,,,,,,,,,,,,,"GenderTransition,0.05+(0.5*x*x),4",,,,"CRT,0.1+(0.1*x),32",,,"GenderTension,0+(1*x*x),8","Culture,_compl_MentalHealth*x-_compl_MentalHealth*x^2,16",,,,,,,,,,,,,,,,,,,,,,,,,,,,,,,,,,,,,,,,,,,,"MarriedTaxAllowance,0.05+(0.45*x*x)","Bandivorce,0.1+(0.9*x*x*x*x)",,,,,"Education,0.1-(0.2*x),32",,"FreeParentingClasses,0.05+(0.3*RIP*x),10","FamilyPlanning,0.05+(0.3*RIP*x),10",,,,,,,,"GenderEquality,0.125-(0.9*x*x*x)","Conservatives_perc,0-(1*x)","Religious_perc,0-(1*x)",,,,,,,,,,,,,,,,,,,,,,,,,,,,,,,,,,,,,,,,,#,"_All_,0-(0.1*x*x*x)*RIP,32",,,,,,,,"LocalCommunities,-0.1-(0.2*x),8",,,,,,,,,,,,,,"Socialist_freq,0+(0.05*x),32",,,,,,,"Parents,0-(0.5*x*x*x*x),32",,,,,,,,,,,,,,,,,,,,,,,,,,,,,,,,,,"Polarization,0.05+(0.1*x),32","Corruption,0+(0.1*x*x),10","HealthcareDemand,0+(0.1*x*x*x)*GenderTransition,32",,,,,"AntisocialBehaviour,0+(0.1*x),16","GenderTension,0.05+(0.1*x*x),24",,"Comp,-0.05-(0.15*x),32",,,,,,,,,,,,,,,,,,,,,,,,,,,,,,,,,,,,,"MentalHealth,-0.01-(0.1*x),32",,,,,,,,,,"HookupCulture,-0.1-(0.2*x*x),16",,,,,,,,,,,,,,,,,,"CyberBullying,0.05+(0.1*x*x),16",,,,,,,
#,HookupCulture,WELFARE,,icons_familyplanning,0,0.6,0.4,0,0+(1.0*x),0,0+(1.0*x),,"AbortionLaw,0+(0.6*x*x*x*x),16",,"UniversityGrants,0+(0.6*x*x*x),8",,"FamilyPlanning,0.025+(0.085*x*x),8",,,,,,,,,,,,,,,,,,,,,,,,,,,,,,,,,,,,,"MarriedTaxAllowance,0-(0.5*x*x),8",,"GayMarriage,-0.05-(0.3*x),8","Curfews,-0.05-(0.4*x*x),4",,,,"Bandivorce,0.1+(0.7*x*x*x*x),8",,"LocalCommunities,1-(2*x),8",,,,,,,,"Disgust,0-(1*x*x*x*x),8",,"Fear,0-(1*x*x*x*x),8",,,,,,,"Liberal_perc,0+(1*x)",,,"Young_perc,0+(1*x)",,,"Parents_perc,0-(1*x)",,,,,"Religious_perc,0-(1*x)",,,,,,,,,,,,,"LegaliseProstitution,0-(0.4*x*x*x),16",,,,,,,,,,,,,,,,,"bansocialmedia,-1*(1.7-x)*x*x*Young_perc,8",,"GenderEquality,-0.5+(1.5-x)*x*x*2,8",,,,,,,,,,,,"InternetSpeed,0+(0.2*x*x),4",,,,,,,,,,,,,,,,,,,"Technology,0+(0.2*x*x*x*x),8",,,,"Unemployment,0+(0.2*x*x*x),8",,"ViolentCrimeRate,0-(0.2*x*x*x),8","Wages,-0.05+(0.2*x^0.5),8",,,,,#,"SingleParents,0+(0.1*x*x)*_compl_AbortionLaw,32","SingleParents,0+(0.1*x*x)*_compl_FamilyPlanning,32",,,,"Comp,0.05+(0.1*x*x),16",,,,"GenderTension,0+(1*x)*Young_perc,8",,,,,,"Anxiety,0+(0.2*x),16",,"Envy,0+(0.2*x),16",,,,"Capitalist,0+(0.05*x*x),8",,"Liberal,0+(0.2*x*x),8","Conservatives,0-(0.2*x*x),8",,,,,"Parents,0-(0.2*x*x),8",,,,,"Religious,0-(0.2*x*x),8",,,,,,,,,,,,,,,,,,,,,,,,,,,,,,,,,"GDP,0+(0.05*x)*InternetSpeed,4",,,,,,,,,,,,,,,,,,,,,,,,,,,,,,,,,,,,,,,,,,,,,,,,,,,,,,,,,,,,,,,,,,,,,,,,"SocialMediaAddiction,0+(0.1*x)*Young_perc,8",,,,,,
#,TrophySyndrome,ECONOMY,,icons_equality,0,0.6,0.4,0,0+(1.0*x),0,0+(1.0*x),,,,,,,"Diversityquotasforcompanies,0.05+(0.95*x*x*x*x),32",,,,,,,,,,,,,,,,,,,,,,,,,,,,,,,,,,,,,,,,,,,,,,,,,,,,,,,,,,,,,,,,,,,,,,,,,,,,,,,,,,,,,,"SelectiveSchooling,1-(2*x),32","GenderDiscriminationAct,-0.075+(0.3*x*x),16","RaceDiscriminationAct,-0.075+(0.3*x*x),16",,,"UniversalBasicIncome,0.1+(0.9*x*x*x*x,8",,,,,,,,,,,,,,,,,,,,,,,,,,,,,,,,,,,,,,,,,,,,,,,,,,,,,,,,"MentalHealth,0.1-(0.4*x*x)*TrophySyndrome,16",#,,,,,,"Comp,-0.05-(0.1*x*x),32",,,,,"GenderTension,0+(0.1*x),24",,,,,,,"Envy,0+(0.2*x),16",,,,,"Socialist_freq,0.1*x*x*x,32","Liberal_freq,-(0.1*x*x*x),32",,,,,,,,,,,,,,,,,,,,,,,,,"BusinessConfidence,0-(0.1*x),20",,,,,,,,,,,,,,,,,,,,,,,,,,,,,,,,,,,,,,,,,,,,,,,,"RacialTension,0+(0.1*x),24",,,,,,,,,,,"WorkerProductivity,0-(0.1*x),20",,,"MentalHealth,-0.05-(0.1*x*x*x*x),32",,,,,,,,,,,,,,,,,,,,,,,,,,,"SkillsShortage,0.05+(0.05*x*x),20",,,,,"EgalitarianSociety,-0.05-(0.3*x*x),8",,,
#,QuietQuitting,ECONOMY,,icons_unemployment,0,0.6,0.4,0,0+(1.0*x),0,0+(1.0*x),,,,,,,,,,,,,,,,,,,,,,,,,,,,,,,,,,,,,,,,,,,,,,"TelecommutingInitiative,0.1+(0.2*x*x),8",,,"Comp,0.5-(1*x),8",,,,,,,,,,,,,,,,,,,,,,,,,,,,,,,,,,,,,,"real_MiddleIncome,0.5-(1*x),4",,,,,,"DegrowthDoctrine,0.1+(0.2*x),16","TrophySyndrome,0.1+(0.2*x),16","Education,0+(0.3*x)*PovertyRate,16","WorkSafetyLaw,0-(0.2*x*x*x)",,,,,,,"AdultEducationSubsidies,0-(0.15*x),8",,,"Equality,0.4-(0.8*x),8",,,,,,,"GenerationalWealthGap,0+(0.1*x*x)",,,,,,"UniversalBasicIncome,-0.01-(0.6*x*x),4","UnemployedBenefit,-0.01-(0.4*x*x),4",,,,,,,,,,,,,,,,,,,,,,,,,,,,,,,,,,,#,,,,,,,,,,,,,,,,,,,,,,"Capitalist,-0.05-(0.1*x*x),32",,,,,,"SelfEmployed_freq,0.05+(0.1*x),32",,,,,,,,,,,,,,,,,,,,,"BusinessConfidence,0-(0.1*x),20",,,,,,,,,"Unemployment,0+(0.15*x),32","SkillsShortage,0+(0.15*x),16","Emigration,0+(0.1*x),16",,,,,,"ForeignInvestment,-0.05-(0.1*x),16",,,,,,,,,,,"IndustrialAutomation,0+(0.2*x*x*x)*Technology,12",,,,,,,,,,,,,,,,,,,,,,,,,,,,,,,"WorkerProductivity,0-(0.1*x),16","WorkingWeek,0-(0.2*x),16",,,,,,,,,,,,,,,,,,,"Absenteeism,0+(1*x)*Individualism,8",,,,,,,,,,,,,,,,,,
#,Absenteeism,LAWANDORDER,,icons_labordaybankholiday,0,0.6,0.4,300,0+(1.0*x*x),0,0+(1.0*x),,"AntiCorruptionAgency,0-(0.3*x),4","CCTVCameras,0-(1*x*x*x),8","WelfareFraudDept,-0.05-(0.45*x),8",,,,,,,,,,,,,,,,,,,,,,,,,,,,,,,,,,,,,,,"RightToPrivacy,0+(0.15*x*x*x*x),8",,,"TelecommutingInitiative,-0.05-(0.1*x*x),8",,,,"Coop,StateEmployees_perc*0.5-(1*x)*StateEmployees_perc,8",,,,,,,,,,,,"Fear,0-(0.3*x*x*x*x),4","Paranoia,0-(0.3*x*x*x*x),4",,,,,,,,,,,,"StateEmployees_income,0-(2*x),4","StateEmployees_perc,0+(2*x)*Individualism,8",,,,,,,,,,,"Corruption,0+(1*x*x)*StateEmployees_perc,8",,,,,,,,,,,,,,,,,,,,,,,,,,,,,,,,,,,,,,,,,,,,,,,,,,,,,,,,,,,,,,,,,,,,#,,,,,,,,,,,,,,,"Anger,0+(0.2*x),16",,,,,,,,,,,,,,,,,,,,,,,,,,,,,,,,,,"BusinessConfidence,0-(0.1*x),20",,,,,,"CrimeRate,0.01+(0.05*x),8",,,,,,,,,,,,,,,,,,,,,,"IndustrialAutomation,0+(0.2*x*x*x)*Technology,12",,,,,,,,,,,,,,,,,,,,,,,,,,,,,,,,,,,,,,,,,,,,,,,,,,,,,,,,,,,,,,,,,,,,,
#,GreenWashing,ECONOMY,,sit_icons_weatherprediction,0,0.6,0.4,0,0+(1.0*x),0,0+(1.0*x),,,,,,,,,,,,,,,,,,"Polarization,0+(0.4*x*x*x*x),32","GeneralMediaCensorship,-0.2-(1*x*x*x),32","SocialMediaAddiction,0+(0.15*x),16",,,,,,,,,,,,,,,,,,,,,,,,"ConsumerRights,0-(0.4*x*x),8",,"GreenElectronicsInitiative,0.1-(0.3*x*x),4",,,,,,,,,,,,,,"Disgust,0+(0.6*x*x*x*x),16",,,"Paranoia,0+(1*x*x*x)*Environmentalist_perc",,,,,,,,,,,,,,,,,,"Environmentalist_income,0+(1*x)","Environmentalist,0-(1*x),8","Environmentalist_perc,0+(1*x),8","GlobalCO2,0+(1*x)",,,,,,,"AverageTemperature,-0.1+(1.5-x)*x*x*2.2",,,,"EnvironmentalProtests,0+(0.2*x),8",,,,"co2campaign,0.15-(0.3*x),8","FoodPrice,0.3-(0.6*x),4","BusinessConfidence,0.2-(0.4*x),4",,"Corruption,0+(0.4*x*x*x*x),4",,,,,,,"CompulsoryFoodLabelling,0.5-(1*x)","AntibioticsBan,-0.1+(0.2*x)","Recycling,0.1-(0.2*x),4","FoodStandards,0.05+(0.4*x*x)*Corruption,4",,,,"Environmentalist_income,0+(1*x),4",,,,,,,,,,,,,,,,,,,,,,,,,,,,,,,,,,,,,"MentalHealth,0-(0.6*x*x),16",#,"FoodPrice,0.025+(0.15*x*x),32","Veganism,0-(0.2*x*x*x)*FoodPrice",,,,,,,,,,,,,,,,,"Fear,0+(0.2*x),16","Paranoia,0+(0.2*x),16",,,,,,,,,,,,,,,,"Farmers_income,0.05+(0.2*x*x)*FoodPrice,10",,,,,,"_HighIncome,0.05+(0.2*x*x)*FoodPrice,10",,"_MiddleIncome,-0.05-(0.2*x*x)*FoodPrice,12",,,,,,,,,,,,,,"Education,0-(0.05*x),32",,,,,,,"Obesity,0+(0.1*x),32",,"InternationalTrade,0-(0.1*x*x*x),16",,"ForeignRelations,0-(0.2*x*x*x),16",,"Health,0-(0.05*x),32","Technology,0-(0.1*x*x),32",,"Environmentalist_freq,0+(0.1*x)*_compl_Education,32","Environmentalist_freq,0+(0.1*x)*_compl_Culture,32",,,,,,,,,,,,,,,,,,,,,,,,,,,,,,,,,,,,"MentalHealth,-0.05-(0.1*x*x*x*x),32",,,,,,,,,,,,,,,,,,,,,,,,,,"FakeNews,0+(0.05*x*x*x*x),32",,,,,,,,,
#,WokeWashing,ECONOMY,,icons_diversityquotasforcompanies,0,0.6,0.4,0,0+(1.0*x),0,0+(1.0*x),,"Banhomosexuality,0.2-(0.2*x*x*x*x),4",,,,,"Diversityquotasforcompanies,0.5-(0.5*x^0.5),8",,,,,,,,,,,"Polarization,0+(0.4*x*x*x*x),32","GeneralMediaCensorship,-0.2-(1*x*x*x),32","SocialMediaAddiction,0+(0.3*x*x),16",,,,,,,,,,,,,,,,,,,,,,,,,,,,,,,,,,,,,,,,,,,,"CGT,0+(1*x)*Capitalist_perc","CRT,0+(1*x)*Capitalist_perc","RIP,0+(1*x)*Capitalist_perc",,"Liberal_perc,x*(1-GenderEquality)*0.5","Liberal_perc,x*(1-Equality)*0.5","Conservatives_perc,0-(1*x)",,,,,,,,,,,,,, ,,,,,,,,,,,,,,"Young_income,0+(1*x)","Liberal_income,0+(1*x)",,"BusinessConfidence,0.2-(0.4*x),4",,"Corruption,0+(0.4*x*x*x*x),4",,,,,,,,,,,,,,,,,,,,,,,,,,,,,,,,,,,,,,,,,,,,,,,,,,,"MentalHealth,0-(0.6*x*x),16",#,,,,,,,,"Culture,0-(0.15*x*x*x),32",,,"GenderTension,0+(0.1*x),32",,,,,,,"Envy,0+(0.2*x),16",,,,"Capitalist_income,0.025+(0.1*x*x)*Liberal_perc,16",,,,,,,,,,,,,,,,,,,,,,,,,,,,,,,,,,,,,,,,,,,,,,,,,,,,,,,,,,,,,,,,,,,,,,,,,,,"RacialTension,0+(0.1*x),32",,,,,,,,,,,,,,"MentalHealth,-0.05-(0.1*x*x*x*x),32",,,,,,,,,,,,,,,,,,,,,,,,,,"FakeNews,0+(0.05*x*x*x*x),32",,,,,,,,,
#,PSAFatigue,PUBLICSERVICES,,icons_statebroadcaster,0,0.6,0.4,0,0+(1.0*x),0,0+(1.0*x),,,,,,,,,,,,,,,,,,,,,,,,,,,,,,,,,,,,,,,,,,,"Cyberbullyingawarenesscampaign,0.02+(0.1*x*x),4",,,,,,,,,,,,,,,,,,,,,,,,,,,,,,,,,,,,,,,,,,,,,,,,,"StateBroadcaster,0.02-(0.5*x*x),8",,"AlcoholAwarenessCampaign,0.02+(0.1*x*x),4",,,"BusinessStartupCampaign,0.02+(0.1*x*x),4","CarPoolingCampaign,0.02+(0.1*x*x),4",,,,"HealthyEatingCampaign,0.02+(0.1*x*x),4","KeepTheCountryTidyCampaign,0.02+(0.1*x*x),4","TobaccoAwarenessCampaign,0.02+(0.1*x*x),4","StampOutRacismWeek,0.02+(0.1*x*x),4","co2campaign,0.02+(0.1*x*x),4","CyclingCampaign,0.02+(0.1*x*x),4",,,"MediaMonopolies,0.025+(0.2*x*x)*PSAFatigue,4","FakeNews,0.025+(0.1*x*x)*PSAFatigue,4","WokeWashing,0.025+(0.1*x*x),4","GreenWashing,0.025+(0.1*x*x),4",,,,,,,,,,,,,,,,,,,,,,,,,,,,,,,,,,,,,,,,,"MentalHealth,0-(0.6*x*x),16",#,,,,,,,,,,,,,,,,"Anxiety,0+(0.2*x),16",,,,"Paranoia,0+(0.2*x),16",,,"Socialist_freq,0-(0.05*x*x*x),20",,,,,,,,,,,,,,,"MiddleIncome,0-(0.1*x*x),32",,,,,,,,,,,,,,,,,,,,,,,,"LudditeRiots,0.05+(0.05*x)",,,,,,,,,,,,,,,,,,,,,,,,,,,,,,,,,,,,,,,,,,,,,,,,,"MentalHealth,-0.005-(0.05*x),32",,,,,,,,,,,,,,,,,,,,,,,,,,,,,,,,,,,
#,UnappealingEntertainment,PUBLICSERVICES,,icons_artssubsidies,0,0.6,0.4,0,0+(1.0*x),0,0+(1.0*x),"PrivateEntertainment,0-(1*x),8","CharityTaxRelief,0.3*(1-Culture)*(x^1),8","ArtsSubsidies,0.3*(1-Culture)*(x^3),8","StateBroadcaster,0.4*(1-Culture)*(x^3),8","MediaMonopolies,0+(0.5*x),8",,,,,,,,,,,,,,,,,,,,,,,,,,,,,,,,,,,,,,,,,,,,"Comp,0-(0.4*x*x*x)*Culture,4",,,,,,,,,,,,,,,,,,,,,,,,,,,,,,,,,,,,,,,,,,,,,,,,,,,,,,,,,,,,,,,,,,,,,,,,,,,"InternetSpeed,0.1-(0.2*x),4",,,,,,,,,,,,,,,,,,,,,,,,,,,,,,,#,"_All_,0-(0.1*x*x*x*x),32",,,,,,,"Culture,0-(0.2*x*x*x),32",,,,,,,,,,,,,,"Capitalist,0-(0.1*x)",,"Liberal,0-(0.1*x)",,,,,,,,,,,,,,,,,,,,,,,,,"BusinessConfidence,0-(0.05*x),8",,,,,,,,,,,,,,,,,,,,,,,,,,,,,,,,,,,,,,,,,,,,,,,,,,,,,"Tourism,0-(0.05*x),8",,,,,,"WorkerProductivity,0-(0.05*x),8",,,"MentalHealth,0-(0.05*x),8",,,,,,,,,,,,,,,,,,,,,,,,,"CreatorEconomy,0+(0.3*x),8",,,,,,,,,,
#,ShowBiz,ECONOMY,,icons_tvfee,1,0.6,0.4,0,0+(1.0*x),0,0+(1.0*x),"PrivateEntertainment,0+(1*x*x),32",,,,,,,,,,,,,,,,,,,,,,,,,,,,,,,,,,,,,,,,,,,,,,,,,,,,,,,,,,,,,,,,,,,,,,,,,,,,,,,,,,,,,,,,,,,,,,,,,,,,,,,,,,,,,,,,,,,,,,,,,,,,,,,,,,,,,,,,,,,,,,,,,,,,,,,,,,#,,,,,,"Comp,0+(0.1*x),16",,,,,,,,,,,,"Envy,0+(0.2*x),16",,,,"Capitalist,0+(0.2*x)","Socialist,0-(0.2*x)",,,,"Young,0+(0.1*x)",,,,,,,"Patriot,0+(0.1*x)",,,,,"Wealthy,0+(0.3*x)",,,"_HighIncome,0.05+(0.1*x*x),16",,,,,,,,,,,,,,,,,,,,,,,,,"ForeignRelations,0+(0.1*x),16","GDP,0+(0.3*x*x*x),16",,,,,,,"ImmigrationDemand,0+(0.1*x),16",,,,,,,,,,,,,,,,,,,,,,,,,,,"Tourism,0+(0.1*x),16",,"Unemployment,0-(0.1*x),16",,,,,,,,,,,,,,,"LuxuryBeliefs,0+(0.5*x*x),4",,,,,,,,,,"TrophySyndrome,0+(0.2*x*x),8",,"GreenWashing,0+(0.4*x)*Environmentalist_perc,8","WokeWashing,0+(0.4*x)*Liberal_perc,8",,,,,"UnappealingEntertainment,0+(1*x)*Corruption",,,,,,,,,
#,LuxuryBeliefs,WELFARE,,icons_luxurygoodstax,0,0.6,0.4,0,0+(1.0*x),0,0+(1.0*x),"_default_,1",,,,,,,,,,,,,,,,,,,,,,,,,,,,,,,,,,,,,,,,,,,,,,,,"Comp,-0.2+(0.4*x),8",,"Culture,0-(1*x*x*x*x),8",,,,,,,,,,,,,,,,,,,,,,,,,,,,,,,"_HighIncome,0+(3*x)","_MiddleIncome,0+(2*x)","_LowIncome,0+(1*x)",,,,"MiddleIncome_perc,0+(1*x*x),8",,,,,,,,,,,,,,,,,,,,,,,,,,,,,,,,,,,,,,,,,,,,,,,,,,,,,,,,,,,,,,,,,,,#,,,,,,,,,,,,,,,,,"Disgust,0+(0.2*x),16",,,,,,,,,,,,,,,,,,,,,,,,,,,,,,,,,,,,,,,,,,,,,,,,,,,,,,,,,,,,,,,,,,,,,,,,,,,,,,,,,,,,,,,,,,,,,,,,,,,,,,,,,,,,,,,,,,,,,,,,,,,,,"Polarization,0.05+(0.25*x),32",,,,
#,Complotism,WELFARE,,icons_CCTVCameras,0,0.6,0.4,0,0+(1.0*x),0,0+(1.0*x),"_default_,0.5",,,,,,,,,,,,,,,,,,"GeneralMediaCensorship,-0.2-(1*x*x*x),32","SocialMediaAddiction,0+(0.5*x),16",,,,,,,,,,,,,,,,,,,,,"Creationism,0.22-(0.22*x),32",,"InternetCensorship,-0.1-0.3*(x^0.5),16",,,,,,,,"Culture,0.2-(0.8*x*x),32",,,,,,,,,,,,"Paranoia,0-(0.5*x*x*x*x),8",,,,,,,,,,,,,,,,,,,,,,,,"Religious_perc,0-(0.5*x)*Education","Religious_perc,0-(0.5*x)*Culture",,,,,,,"ScienceFunding,x*(1-Culture)*0.2","ScienceFunding,x*(1-Education)*0.2",,"FakeNews,0.05+(0.5*x*x),16",,,"Education,0.5-(2*x*x),32",,"AdultEducationSubsidies,0-(0.15*x),8","SpaceProgram,x*(1-Education)*0.4",,"ForeignIntelligenceInterference,0.2+(0.3*x*x),4","ForeignAid,0+(0.1*x*x),32","religiousbanknotes,0+(0.1*x*x),32",,"bansocialmedia,0-(0.4*x*x),16","bansocialmedia,0+(0.2*x),4","PrivateSpaceProgram,0+(0.25*x)","PrivateSpaceProgram,0-(0.30*x*x*x*x),16",,,,,"DrugAddiction,0+(0.2*x*x*x*x),8",,,,,,,,,,,,,,,,,,,,,,,,,,,,,,,,,,,,"MentalHealth,0-(0.6*x*x),16",#,,,,,,,,,,,,,,,"Anger,0+(0.2*x),16",,,,,,,,,,,,,,,,,,,,,,,,,,,,,,,,,,,,,,,,,,"ArmedReligiousCommunities,0+(0.1*x*x*x*x),8","Stability,0-(0.1*x*x*x*x),32",,"Health,0-(0.1*x*x*x),32",,,,,,"Religious_freq,0+(0.2*x*x),32","Environmentalist_freq,0-(0.2*x*x*x*x),32",,,,,,,,,,,,,,,,,,,,,,,,,,,,,,"RacialTension,0+(0.15*x*x*x),16",,,,,,,,,,,,,,"MentalHealth,-0.05-(0.1*x*x*x*x),32",,,,,,,,,,,,,,,,,,,,,,,,,,"FakeNews,0+(0.05*x*x*x*x),32",,,,,,,,,
#,FunctionalIlliteracy,PUBLICSERVICES,,icons_stateschools,0,0.6,0.4,0,0+(1.0*x),0,0+(1.0*x),"_default_,0.5",,,,,,,,,,,,,,,,,,,,,,,,,,,,,,,,,,,,,,,,,,,,,,,,,,"Culture,0-(0.7*x*x*x),12",,,,,,,,,,,,,,,,,,,,,,,,,,,,,,,,,,,,,,,,"Complotism,0+(0.5*x),8","StateBroadcaster,0.3-(0.6*x),16","NewAge,0+(0.5*x),8",,,,,,,,"Education,0-(0.6*x*x*x),16","PublicLibraries,0-(0.15*x),8","AdultEducationSubsidies,0-(0.3*x),8",,,,,,,"MediaMonopolies,0+(0.5*x),16",,,,,,,,,,,,,,,,,,,,,,,,,,,,,,,,,,,,,,,,,,,,,#,,,,,,,,,"LocalCommunities,-0.05-(0.15*x),12",,,,,,,,,,,,,,,,,,,,,,,,,"Patriot_freq,0.05+(0.1*x),32",,,,,,,,,,,"_turnout,0-(0.2*x*x),32",,,,"BusinessConfidence,0-(0.1*x),20",,,,,,,,,"BureaucraticKnowledge,-0.05-(0.15*x),12",,,"GreenWashing,0.05+(0.15*x),32","WokeWashing,0.05+(0.15*x),32",,,,"ForeignInvestment,-0.05-(0.1*x),16","TeacherShortage,0.05+(0.1*x),32","GDP,0-(0.2*x*x*x),16",,"LudditeRiots,0.05+(0.2*x*x),32",,,"Tourism,0-(0.1*x*x),32","InternationalTrade,0-(0.1*x*x),32",,,,,,,,,,,,,,,,,,,,,,,,,,,,,,,,,,,,,,,,,,,,,,,,,,,,"Fundamentalism,0+(0.5*x),16",,,,,,,,,,,"FakeNews,0+(0.1*x*x*x*x),32","SkillsShortage,0.05+(0.25*x),32","CyberBullying,0.05+(0.1*x),32","SocialMediaAddiction,0+(0.1*x*x),32","AntisocialBehaviour,0.05+(0.1*x),32","Polarization,0.05+(0.25*x),32","ExtremeNationalism,0.05+(0.1*x*x*x*x),32",,,
#,Fundamentalism,LAWANDORDER,,icons_forcepoliticalmilitaryreligiousoath,0,0.6,0.4,0,0+(1.0*x),0,0+(1.0*x),,,,,,,,,,,,,,,,,,"Polarization,0+(0.4*x*x*x*x),32",,,,,,,,,,,,,,,,,,,,,,,"Creationism,-0.4+0.1/x,32",,,,,,,,,"Bandivorce,0+(0.3*x*x*x*x),8	","Culture,0-(1*x*x*x*x),16",,,,,,,"Anger,0+(0.3*x*x*x)*Religious_perc,4",,,,,,,,,,,,,,,,,,,,,,"Religious_perc,x*(1-Education)*0.7","Religious_perc,x*(1-Culture)*0.7",,,,,,,,,,,,,,,,,,,,,,"AdultEducationSubsidies,0-(0.15*x),8",,,,,,,,,,"FemaleGenitalMutilation,-0.1-(0.1*x),8",,,"HumanDevelopment,0-(0.3*x*x*x*x),16",,,,,,,,,,,,,,,,,,,,,,,,,,,,,,,,,,,,,,,#,,,,,,,,,,"GenderTension,0+(0.5*x*x)*Religious_perc",,,,,"Anger,0+(0.2*x),16",,,,,,,,,"Liberal,0-(0.1*x*x),8",,,,,,,,,,,,,,,,,,,,,,,,,,,,,,,,,"ArmedReligiousCommunities,0+(0.1*x*x),8",,,,,,,,,,,,"GenderEquality,0-(0.4*x*x*x)*Religious_perc,32",,,,,,,,,,,,,,,,,,,,,,,,,,,,"RacialTension,0+(0.3*x*x*x)*Religious_perc,16",,,,,,,,,,,,,,"MentalHealth,-0.05-(0.1*x*x*x*x),32",,,,,,,,,"Complotism,0.05+(0.1*x),8",,,,,"AbortionObjectors,0+(1*x)*Religious_perc,16",,,,,,,,,,,,,,,,,,,,,
#,NewAge,ECONOMY,,icons_religiousbanknotes,0,0.6,0.4,0,0+(1.0*x),0,0+(1.0*x),,,,,,,,,,,,,,,,,,,,"SocialMediaAddiction,0+(0.5*x),16",,,,,,,,,,,,,,,,,,,,,,,,"ConsumerRights,0-(0.1*x*x),8",,,,,,,"Culture,0.5-(1*x),16",,,,,,,,,,,,,,,,,,,,,,,,,,,,,"Religious_perc,0-(1*x)","Religious,0-(1*x),32",,,,,,,,,,,,,,"statereligion,-0.05-(0.4*x*x*x),4",,"Publicreligiousbroadcasts,0.1-(0.4*x*x*x),8",,,,"Education,0.5-(1*x),32",,,,,,,,,,,,,,,,,,,,,,,,,,,,,,,,,,,,,,,,,,,,,,,,,,,,,"MentalHealth,0.5-(1*x),16",#,,,,,,,,,,,,,,,,,,,,,,,,,,,,,,,,,,,,,,,,,,,,,,,,,,,,,,,,,"Corruption,0+(0.15*x)*religioustax,4","Corruption,0.05+(0.15*x*x*x),32",,,"Charity,0-(0.05*x),4","Veganism,0+(0.25*x)*Liberal_perc,16","Veganism,0-(0.25*x)*Conservatives_perc,16",,,,,,,,"Health,0-(0.1*x*x*x),32",,,,,,,,,,,,,,,,,,,,,,,,,,,,,,,,,,,,,,,,"MentalHealth,-0.05-(0.1*x*x*x*x),32",,,,,,,,,,,,,,,"Fundamentalism,0+(0.2*x),16",,,,,,,,,,,,,,,,,"Complotism,0.05+(0.175*x*x*x),32","BlackMarket,0+(0.1*x*x),16",,
#,DegrowthDoctrine,ECONOMY,,icons_onechildpolicy,0,0.6,0.4,0,0+(1.0*x),0,0+(1.0*x),,,,"Foodcrisis,0+(0.2*x)",,,,,,,,,,,,,,,"GeneralMediaCensorship,-0.2-(1*x*x*x),32",,,,,,,,,,,,,,,,,,,,,,,,,,"FakeNews,0+(0.1*x),16",,,,"Comp,0+(1*x*x*x*x)","Coop,0-(1*x*x*x*x)",,,,,,,,,,,,,,,,"Capitalist_perc,0-(1*x)",,,,,,"Young,0-(1*x)",,,,,,,,,"Religious_perc,0-(1*x)",,,"GlobalCO2,0+(1*x)",,"Complotism,0+(0.2*x*x*x),8",,,,"Education,0-(0.1*x*x*x*x)",,,"AverageTemperature,-0.1+(1.5-x)*x*x*2.2",,,,,,"EthnicMinorities_perc,0+(1*x*x)*Patriot_perc",,,"OneChildPolicy,-0.1-(0.8*x)",,,"Environment,-1+(0.5*1/x),8",,,,,,"GDP,0+(1*x*x*x*x)",,,,,,,,,,,,,,,,,,"Population,-0.2+(0.8*x*x)",,,,,,,,,,,,,,,,,,,,,,,,,"MentalHealth,0-(0.6*x*x),16",#,"Population,0-(0.15*x*x),32","_All_,0-(0.2*x*x*x*x),32",,,,,,,,,,,,,,,,,,,,,"Socialist_freq,0+(0.1*x),32",,,,,,,,,,,,,,"Poor,0-(0.2*x),8",,,,,,,,,,,,"BusinessConfidence,0-(0.1*x),20",,,,,,,,,,"Stability,0-(0.1*x*x*x*x),32",,"Comp,0-(0.1*x),32",,,,,,"EnviromentalProtests,0+(0.3*x),8",,,,,,,,,,,,,,,,,,,,,,,,,,,,,,,,,,,,,,,,,"WorkerProductivity,0-(0.3*x*x*x)*Environmentalist_perc",,,"MentalHealth,-0.05-(0.1*x*x*x*x),32",,,,,,,,,,"HookupCulture,0.1+(0.2*x*x),16",,,,,,,,,,"GreenWashing,0+(0.5*x*x),16",,,,,,,,,,,,,,,
#,Nimbyism,TRANSPORT,,icons_environmentalprotests,0,0.6,0.4,0,0+(1.0*x),0,0+(1.0*x),"Environmentalist_perc,0+(1*x)*Disgust,8",,,,,,,,,,,,,,,,,,,,,,,,,,,,,,,,,,,,,,,,,,,,,,,,,,,,,,,,,,,,,,,,,,,,,,,,,,,,,,,,,,,,,,,,,,,,,,,,,,,,,,,,,,,,,,,,,,,,,,,,,,,,,,,,,,,,,,,,,,,,,,,,,,,,,,,,,,#,,,,,,,,,,,,,,,,,,,,,,,,,,,,,,,,,,,,,,,,,,,,,,,,,,,,,,,,,,,,,,,,,,,,,,,,,,,,,,,,,,,,,,,,,,,,,,,,,,,,,,,,,,,,,,,,,,,,,,,,,,,,,,,,,,,,,,,,,,,,,,,,,,
#,AbortionObjectors,PUBLICSERVICES,,icons_abortionlaw,0,0.6,0.4,0,0+(1.0*x),0,0+(1.0*x),,,,,,"FamilyPlanning,0-(0.4*x*x*x),8",,,,,,,,,,,,,,,,,,,,,,,,,,,,,,,,,,,,,,,,,,,,,,,,,,,,,,,,,,,,,,,,"Conservatives_perc,1.5*x*StateHealthService*AbortionLaw",,,,,,,,,,"Religious_perc,1.5*x*StateHealthService*AbortionLaw",,,,,,,,,,,,,,,,,,,,,,,,,,,,,,,,,,,,,,,,,,,,,,,,,,,,,,,,,,,,,,,,,,,,,,,,,,,#,,,,,,,,,,,,,,,,"Anxiety,0+(0.2*x),16",,,,,,,,"Liberal,0-(0.1*x*x),8","Conservatives,0+(0.1*x*x),8",,"Young,0-(0.1*x*x),8",,"TradeUnionist,0-(0.1*x*x),8",,"StateEmployees,0-(0.1*x*x),8",,,,"Religious,0+(0.1*x*x),8",,,,,,,,,,,,,,,,,,,,,,,,,,,,,,,,,,"GenderEquality,0-(0.1*x)",,,,,,,,,,,,,,,,,,,,,"PrivateHealthcare,0+(0.4*x*x*x*x),8",,,,,,,,,,,,,,,,,,,,,,,,,,,,,,,"HookupCulture,-0.1-(0.2*x*x),16",,,,,,,,,,,,,,,,,,,,,,,,,
#,IllegalBuilding,TAX,,icons_privatehousing,0,0.6,0.4,0,0+(1.0*x),0,0+(1.0*x),,,,,,,,,,,,,,,,,,,,,,,,,,,"Realestatebubble,0+(1*x*x)*Corruption,32","PropertyTax,0+(0.6*x*x*x*x),32","MansionTax,0+(0.4*x*x*x*x),32",,"Bureaucracy,0.1+(0.4*x)*PrivateHousing,32",,,,,,,,,,,,,,,,,,,,,,,,,,,,,,,,,,,,,,,,,,,,,,,,,,,,,,,,,,,,,,,,,,"Corruption,0+(1*x*x)*PrivateHousing,32",,,,"BusinessConfidence,1-(2*x),32",,,,,,,,,,,,,,,,,,,,,,,,,,,,,,,,,,,,,,,,,,,,,,,,,,,,,,#,"PropertyTax_income,0-(0.5*x*x*x*x)","MansionTax_income,0-(0.5*x*x*x*x)",,,,,,,,,,,,,,,"Disgust,0+(0.2*x),16","Envy,0+(0.2*x),16",,,,,,,,,,,,,,,,,,,,,"Environmentalist,0-(0.2*x*x),32",,,,,,,,,,,,,,,,,,,,,,,,,,,,"ForeignRelations,0-(0.05*x),8",,,,,,,,,,,,,,,,,,,,,,,,,,,,,,,,,,,,,,,,,,,,,,,,,,,,,,,,,,,,,,,,,,,,,,,,,,,,,,,
#,SlowJustice,LAWANDORDER,,icons_jurytrial,0,0.6,0.4,300,0+(0.5*x),0,0+(1.0*x),,"Bandivorce,0.2-(0.2*x*x*x*x),32","CitizenshipTests,-0.2+(0.4*x),32","CitizenshipForSale,-0.05-(0.1*x*x*x*x),32",,,,,,,,,,,,,,,,,"JudiciaryIndependence,0-(0.3*x*x*x*x),32",,,,,,,,,,"Bureaucracy,0.1+(0.4*x),32",,,"Publictaxreturns,0-(0.05*x*x),32","SocialJusticeFoundation,0-(0.05*x*x),32","MandatoryMicrochipImplant,0-(0.15*x*x),32","TortureUsageBySecretServices,0-(0.05*x*x),32","SecretCourts,0-(0.05*x*x),32","BodyCameras,0-(0.1*x*x),32","unexplainedwealth,0-(0.2*x*x),32",,,,,,,,,,,,,"BureaucraticKnowledge,0-(0.2*x*x*x*x),32",,,,,,,,"Envy,0+(0.3*x*x*x*x),4",,,,,,,,,,,,,,,,,,,,,,,,,,,,,,,,,,,,,,,,"Education,0+(1*x)*Individualism",,,,,,,,,,,,,,,,,,,,,,,"InternetSpeed,0-(0.4*x*x*x),32",,,,,,,,,,,,,,,,,,,,,,,,,,,"WorkerProductivity,0-(0.6*x*x),32",,,,#,"Organised Crime,0.1+(0.2*x),8",,,,,,,,,,,,,,,,,,,,"EthnicMinorities,-0.05-(0.1*x),16",,,,,,,"SelfEmployed,-0.05-(0.1*x),16","TradeUnionist,-0.05-(0.1*x),16",,"StateEmployees,-0.05-(0.1*x),16",,,,,,,,,,,,,,,,,,"BusinessConfidence,0-(0.1*x),20",,,,,"Corruption,0.05+(0.2*x),8","CrimeRate,0.05+(0.2*x),8",,"Democracy,-0.05-(0.1*x*x),32",,,,,,"Equality,-0.05-(0.2*x),16",,,"ForeignInvestment,-0.05-(0.1*x*x),16",,,,,,,,,,"IllegalImmigration,0.05+(0.1*x*x),16",,,,,,,,,,,,,,,,,,,,,,,"Stability,0.05-(0.1*x),16",,,,,,,,,,,,,,,,,,,,,,,,,,,,,,,,,,,,,,,,,,,,,,,
#,FatAcceptance,PUBLICSERVICES,,sit_icons_obesity,0,0.6,0.4,0,0+(1.0*x),0,0+(1.0*x),,,,,,,,,,,,,,,,,,,"GeneralMediaCensorship,-0.2-(1*x*x*x),32",,,,,,,,,,,,,,,,,,,,,,,,,,,,,,,,,,,,,,,,,,,,,,,,,,,,,,,,,,,,,,,,,,,,,,,,"Comp,0.2-(0.8*x*x),4",,"Obesity,0.1+(0.5*x)*_compl_MentalHealth,32","RIP,0.1+(0.5*x),10",,,,,,,,"HealthyEatingCampaign,0-(0.4*x*x*x*x),4",,,,,,,,,,,,,,,,,,,,,,,,,,,,,,,,,,,,,,,,,,,,,,,,,,,,,#,,,,,,,,,,,,,,,,,"Disgust,0+(0.2*x),16",,,,,,,,,,,,,,,,,,,,,,,,,,,,,,,,,,,,,,,,,"Obesity,0.05+(0.25*x),32",,,,,,,,,,,,,,,,,,,,,,,,,,,,,,,,,,,,,,,,,,,,,,,,,,,,,"MentalHealth,-0.05-(0.1*x*x*x*x),32",,,,,,,,,,,,,,,,,,,,,,,,,,,,,,,,,,,
#,ExemplarDemocracy,PUBLICSERVICES,,icons_democracy,1,0.5,0.1,0,0+(1.0*x),0,0+(1.0*x),"Democracy,-1+(x^3)*2,32",#,"_All_,0+(0.5*x),4","Patriot_freq,0.1+(0.2*x*x),16","ForeignRelations,0+(0.2*x),4",,,,,,,,,,,,,,,,,,,,,,,,,,,,,,,,,,,,,,,,,,,,,,,,,,,,,,,,,,,,,,,,,,,,,,,,,,,,,,,,,,,,,,,,,,,,,,,,,,,,,,,,,,,,,,,,,,,,,,,,,,,,,,,,,,,,,,,,,,,,,,,,,,,,,,,,,,,,,,,,,,,,,,,,,,,,,,,,,,,,,,,,,,,,,,,,,,,,,,,,,,,,,,,,,,,,,,,,,,,,,,,,,,,,,,,,,,,,,,,,,,,,,,,,,,,,,,,,,,,,,,,,,,,,,,,,,,,,,,,,,,,,,,,,,,,,,,,,
,,,,,,,,,,,,,,,,,,,,,,,,,,,,,,,,,,,,,,,,,,,,,,,,,,,,,,,,,,,,,,,,,,,,,,,,,,,,,,,,,,,,,,,,,,,,,,,,,,,,,,,,,,,,,,,,,,,,,,,,,,,,,,,,,,,,,,,,,,,,,,,,,,,,,,,,,,,,,,,,,,,,,,,,,,,,,,,,,,,,,,,,,,,,,,,,,,,,,,,,,,,,,,,,,,,,,,,,,,,,,,,,,,,,,,,,,,,,,,,,,,,,,,,,,,,,,,,,,,,,,,,,,,,,,,,,,,,,,,,,,,,,,,,,,,,,,,,,,,,,,,,,,,,,,,,,
#,CulturalHegemony,FOREIGNPOLICY,,icons_foreignrelations,1,0.95,0.85,0,0+(1.0*x),0,0+(1.0*x),,,,,,,,,,,,,,,,,,,,,,,,,,,,,,,,,,,,,,,,,,,,,,,,,,,,,,,,,,,,,,,,,,,,,,,,,,,,,,,,,,,,,,,,,,,,,,,,,,,,,,,,,,,,,,,,,,,,,,,,,,,,,,,,,,,,,,,,,,,,,,,,,,,,,,,,,,,#,,,,,,"Comp,0+(0.1*x),32",,,,,,,,,,,,,,,"EthnicMinorities_freq,0-(1*x*x*x*x),32",,,,,,,,,,,,,"Patriot,0+(0.3*x*x*x*x),32","Patriot_freq,0+(0.3*x*x*x*x),32",,,,,,,,,,,,,,,,,,,,,,,,,,,,,,,,,,,,,,,,,,,,,,,,,,,,,,,,,,,,,,,,,,,,,,,,,,,,,,,,,,,,,,,,,,,,,,,,,,,,,,,,,,,,,,,
,cultural assimilation mechanism^ ?,,,,,,,,,,,"Culture,-1+(2*x),4",,,,,,,,,,,,,,,,,,,,,,,,,,,,,,,,,,,,,,,,,,,,,,,,,,,,,,,,,,,,,,,,,,,,,,,,,,,,,,,,,,,,,,,,,,,,,,,,,,,,,,,,,,,,,,,,,,,,,,,,,,,,,,,,,,,,,,,,,,,,,,,,,,,,,,,,,,,,,,,,,,,,,,,,,,,,,,,,,,,,,,,,,,,,,,,,,,,,,,,,,,,,,,,,,,,,,,,,,,,,,,,,,,,,,,,,,,,,,,,,,,,,,,,,,,,,,,,,,,,,,,,,,,,,,,,,,,,,,,,,,,,,,,,,,,,,,,,,,,,,
,IDEOLOGY MARKERS,,,,,,,,,,,,,,",0+(1*x)",",0-(1*x)",,,,,,,,,,,,,,,,,,,,,,,,,,,,,,,,,,,,,,,,,,,,,,,,,,,,,,,,,,,,,,,,,,,,,,,,,,,,,,,,,,,,,,,,,,,,,,,,,,,,,,,,,,,,,,,,,,,,,,,,,,,,,,,,,,,,,,,,,,,,,,,,,,,,,,,,,,,,,,,,,,,,,,,,,,,,,,,,,,,,,,,,,,,,,,,,,,,,,,,,,,,,,,,,,,,,,,,,,,,,,,,,,,,,,,,,,,,,,,,,,,,,,,,,,,,,,,,,,,,,,,,,,,,,,,,,,,,,,,,,,,,,,,,,,,,,,,,,
#,Individualism_id,WELFARE,,icons_individualism,0,1,0.9,0,0+(1.0*x),0,0+(1.0*x),"Collectivism_id,0-(2*x),32",,"Polarization,0+(0.5*x)*Individualism_id,16",Individualism,Collectivism,,"StateSchools,0+(0.3*x*x)*Individualism_id,32","ArtsSubsidies,0+(0.3*x*x)*Individualism_id,32","StateBroadcaster,0+(0.3*x*x)*Individualism_id,32",,,,,,,,,,,,,,,,,,,,,,,,,,,,,,,,,,,,,,,,,,,,,,,,,,,,,,,,,,,,,,,,,,,,,,,,,,,,,,,,,,,,,,,,,,,,,,,,,,,,,,,,,,,,,,,,,,,,,,,,,,,,,,,,,,,,,,,,,,,,,,,,,,#,"TrackerIdeology,0+(1*x)","Pragmatism,0-(0.5*x),16","Ideologism,0+(0.15*x),16",,,,,,,,,,,,,,,,,,,,,,,,,,,,,,,,,,,,,,,,,,,,,,,,,,,,,"ExtremeNationalism,0+(0.1*x),16",,,,"LocalCommunities,0-(0.6*x),16","Charity,0-(0.2*x*x),16",,,,"TaxEvasion,0.1+(0.2*x),16","StayAtHomeParents,0-(0.5*x),16","ClassWarfare,0-(0.4*x),16","GDP,0+(0.2*x),16",,,"VigilanteMobs,0-(0.4*x),16",,,,,,,,,,,,,,,,,,,,,,,,,,,,,,"QuietQuitting,0+(0.1*x),16",,"Absenteeism,0+(0.1*x),16",,,,,"CreatorEconomy,0+(0.1*x),16",,,,,,,,,,,"LuxuryBeliefs,0+(1*x),16",,,,,,,,,,,,,,,,,,,,,,,,,,,
#,Collectivism_id,WELFARE,,icons_collectivism,0,1,0.9,0,0+(1.0*x),0,0+(1.0*x),"Individualism_id,0-(2*x),32",,"Polarization,0+(0.5*x)*Collectivism_id,16",Collectivism,Individualism,,"StateSchools,0+(0.3*x*x)*Collectivism_id,32","ArtsSubsidies,0+(0.3*x*x)*Collectivism_id,32","StateBroadcaster,0+(0.3*x*x)*Collectivism_id,32",,,,,,,,,,,,,,,,,,,,,,,,,,,,,,,,,,,,,,,,,,,,,,,,,,,,,,,,,,,,,,,,,,,,,,,,,,,,,,,,,,,,,,,,,,,,,,,,,,,,,,,,,,,,,,,,,,,,,,,,,,,,,,,,,,,,,,,,,,,,,,,,,,#,"TrackerIdeology,0+(1*x)","Pragmatism,0-(0.5*x),16","Ideologism,0+(0.15*x),16",,,,,,,,,,,,,,,,,,,,,,,,,,,,,,,,,,,,,,,,,,,,,,,,,,,,,"ExtremeNationalism,0+(0.1*x),16",,,,"WorkerProductivity,0-(0.2*x),16","WorkingWeek,0-(0.2*x),16","Wages,0-(0.1*x),16",,,,"SingleParents,0-(0.5*x),16","ClassWarfare,0+(0.4*x),16","GDP,0-(0.2*x),16","SkillsShortage,0+(0.4*x),16","Uncompetitive Economy,0+(0.4*x*x),16","HighProductivity,0-(0.4*x),16",,,,,,,,,,,,,,,,,"RIP,0+(0.2*x),16","CRT,0+(0.2*x),16","CGT,0+(0.2*x),16","TrophySyndrome,0+(0.1*x),16",,,,,,,,,,,,,,,,,,,,,,,,,,,,,,,,,,,,,,,,,,,,,,,,,,,,,,,
#,Relativism_id,WELFARE,,icons_relativism,0,1,0.9,0,0+(1.0*x),0,0+(1.0*x),"Universalism_id,0-(2*x),32",,"Polarization,0+(0.5*x)*Relativism_id,16",Relativism,Universalism,,"StateSchools,0+(0.3*x*x)*Relativism_id,32","ArtsSubsidies,0+(0.3*x*x)*Relativism_id,32","StateBroadcaster,0+(0.3*x*x)*Relativism_id,32",,,,,,,,,,,,,,,,,,,,,,,,,,,,,,,,,,,,,,,,,,,,,,,,,,,,,,,,,,,,,,,,,,,,,,,,,,,,,,,,,,,,,,,,,,,,,,,,,,,,,,,,,,,,,,,,,,,,,,,,,,,,,,,,,,,,,,,,,,,,,,,,,,#,"TrackerIdeology,0+(1*x)","Pragmatism,0-(0.5*x),16","Ideologism,0+(0.15*x),16",,,,,,,,,,,,,,,,,,,,,,,,,,,,,,,,,,,,,,,,,,,,,,,,,,,,,"ExtremeNationalism,0-(0.1*x),16",,,,,,,"Charity,0-(0.2*x),16",,,,"ClassWarfare,0-(0.4*x),16",,,,"GeneralStrike,0-(0.4*x),16","TeachersStrike,0-(0.4*x),16","DoctorsStrike,0-(0.4*x),16","RailStrike,0-(0.4*x),16",,"RaceRiots,0-(0.4*x),16",,"LudditeRiots,0-(0.4*x),16","EnvironmentalProtests,0-(0.4*x),16","FoodBanks,0-(0.4*x),16",,,,,,,,,"CRT,0+(0.2*x),16","CGT,0+(0.2*x),16","TrophySyndrome,0+(0.1*x),16","FatAcceptance,0+(0.1*x),16",,,"DegrowthDoctrine,0+(0.2*x)*Environmentalist_perc,16",,,,"PSAFatigue,0+(0.1*x),16",,"QuietQuitting,0+(0.1*x),16",,"Absenteeism,0+(0.1*x),16","PlannedObsolescence,0+(0.1*x),16","HookupCulture,0+(0.1*x),16",,,,,,,,,,,,,,"LuxuryBeliefs,0+(1*x),16",,,,,,,,,,,,,,,,,,,,,,,,,,,
#,Universalism_id,WELFARE,,icons_universalism,0,1,0.9,0,0+(1.0*x),0,0+(1.0*x),"Relativism_id,0-(2*x),32",,"Polarization,0+(0.5*x)*Universalism_id,16",Universalism,Relativism,,"StateSchools,0+(0.3*x*x)*Universalism_id,32","ArtsSubsidies,0+(0.3*x*x)*Universalism_id,32","StateBroadcaster,0+(0.3*x*x)*Universalism_id,32",,,,,,,,,,,,,,,,,,,,,,,,,,,,,,,,,,,,,,,,,,,,,,,,,,,,,,,,,,,,,,,,,,,,,,,,,,,,,,,,,,,,,,,,,,,,,,,,,,,,,,,,,,,,,,,,,,,,,,,,,,,,,,,,,,,,,,,,,,,,,,,,,,#,"TrackerIdeology,0+(1*x)","Pragmatism,0-(0.5*x),16","Ideologism,0+(0.15*x),16",,,,,,,,,,,,,,,,,,,,,,,,,,,,,,,,,,,,,,,,,,,,,,,,,,,,,,,,,,,,"Charity,0+(0.2*x),16",,,,,,,,,,,,,,,,,,,,,,,,,,"CRT,0+(0.2*x),16","CGT,0+(0.2*x),16",,,"GreenWashing,0+(0.6*x),16","WokeWashing,0+(0.6*x),16",,,,,"PSAFatigue,0-(0.1*x),16",,,,,,,"Fundamentalism,0+(0.1*x),16","AbortionObjectors,0+(0.1*x)*AbortionLaw,16",,,,,,,,,,,,,,,,,,,,,,,,,,,,,,,,,,,,,,,
#,Hedonism_id,WELFARE,,icons_hedonism,0,1,0.9,0,0+(1.0*x),0,0+(1.0*x),"Prohibitionism_id,0-(2*x),32",,"Polarization,0+(0.5*x)*Hedonism_id,16",Hedonism,Prohibitionism,,"StateSchools,0+(0.3*x*x)*Hedonism_id,32","ArtsSubsidies,0+(0.3*x*x)*Hedonism_id,32","StateBroadcaster,0+(0.3*x*x)*Hedonism_id,32",,,,,,,,,,,,,,,,,,,,,,,,,,,,,,,,,,,,,,,,,,,,,,,,,,,,,,,,,,,,,,,,,,,,,,,,,,,,,,,,,,,,,,,,,,,,,,,,,,,,,,,,,,,,,,,,,,,,,,,,,,,,,,,,,,,,,,,,,,,,,,,,,,#,"TrackerIdeology,0+(1*x)","Pragmatism,0-(0.5*x),16","Ideologism,0+(0.15*x),16",,,,,,,,,,,,,,,,,,,,,,,,,,,,,,,,,,,,,,,,,,,,,,,,,,,,,"DrugAddiction,0+(0.5*x),16",,"SocialMediaAddiction,0+(0.5*x),16",,,"Veganism,0-(0.3*x),16","Tourism,0+(0.2*x),16","Charity,0-(0.2*x),16",,,,,"GDP,0+(0.2*x),16",,,,,,,,,,,,,,,,,,,,,,"CGT,0+(0.2*x),16",,"FatAcceptance,0+(0.1*x),16",,,,,,,,,"QuietQuitting,0+(0.1*x),16",,"Absenteeism,0+(0.1*x),16","PlannedObsolescence,0+(0.1*x),16","HookupCulture,0+(0.1*x),16",,,,,,,,,,,,,,"LuxuryBeliefs,0+(1*x),16",,,,,,,,,,,,,,,,,,,,,,,,,,,
#,Prohibitionism_id,WELFARE,,icons_prohibitionism,0,1,0.9,0,0+(1.0*x),0,0+(1.0*x),"Hedonism_id,0-(2*x),32",,"Polarization,0+(0.5*x)*Prohibitionism_id,16",Prohibitionism,Hedonism,,"StateSchools,0+(0.3*x*x)*Prohibitionism_id,32","ArtsSubsidies,0+(0.3*x*x)*Prohibitionism_id,32","StateBroadcaster,0+(0.3*x*x)*Prohibitionism_id,32",,,,,,,,,,,,,,,,,,,,,,,,,,,,,,,,,,,,,,,,,,,,,,,,,,,,,,,,,,,,,,,,,,,,,,,,,,,,,,,,,,,,,,,,,,,,,,,,,,,,,,,,,,,,,,,,,,,,,,,,,,,,,,,,,,,,,,,,,,,,,,,,,,#,"TrackerIdeology,0+(1*x)","Pragmatism,0-(0.5*x),16","Ideologism,0+(0.15*x),16",,,,,,,,,,,,,,,,,,,,,,,,,,,,,,,,,,,,,,,,,,,,,,,,,,,,,,,,,,,,,,,,,"GDP,0-(0.2*x),16",,,,,,,,,,,,,,,,,,,,,,,,,"GreenWashing,0+(0.4*x),16",,"DegrowthDoctrine,0+(1*x)*Environmentalist_perc,16",,,,,,,,,,,,,,,,,,,,,,,,,,,,,,,,,,,,,,,,,,,,,,,,,,,
#,Objectivism_id,WELFARE,,icons_objectivism,0,1,0.9,0,0+(1.0*x),0,0+(1.0*x),"Subjectivism_id,0-(2*x),32",,"Polarization,0+(0.5*x)*Objectivism_id,16",Objectivism,Subjectivism,,"StateSchools,0+(0.3*x*x)*Objectivism_id,32","ArtsSubsidies,0+(0.3*x*x)*Objectivism_id,32","StateBroadcaster,0+(0.3*x*x)*Objectivism_id,32",,,,,,,,,,,,,,,,,,,,,,,,,,,,,,,,,,,,,,,,,,,,,,,,,,,,,,,,,,,,,,,,,,,,,,,,,,,,,,,,,,,,,,,,,,,,,,,,,,,,,,,,,,,,,,,,,,,,,,,,,,,,,,,,,,,,,,,,,,,,,,,,,,#,"TrackerIdeology,0+(1*x)","Pragmatism,0-(0.5*x),16","Ideologism,0+(0.15*x),16",,,,,,,,,,,,,,,,,,,,,,,,,,,,,,,,,,,,,,,,,,,,,,,,,,,"IndustrialAutomation,0+(0.2*x),16",,"LocalCommunities,0-(0.2*x),16","AlcoholConsumption,0-(0.2*x),16","LegalDrugConsumption,0-(0.2*x),16","TobaccoUse,0-(0.2*x),16",,,,,,,,,,,"DroneProtests,0-(0.2*x),16",,"EnvironmentalProtests,0-(0.2*x),16",,"EmergencyPowers,0-(0.2*x),16","FakeNews,0-(0.2*x),16",,,"LudditeRiots,0-(0.2*x),16",,,,,,,,,,,,,,,,,,,"Complotism,0-(0.4*x),16","NewAge,0-(0.4*x),16",,,,,,,,,,,,,,,,,,,,,,,,,,,,,,,,,,,,,,,,,,,,,,,,
#,Subjectivism_id,WELFARE,,icons_subjectivism,0,1,0.9,0,0+(1.0*x),0,0+(1.0*x),"Objectivism_id,0-(2*x),32",,"Polarization,0+(0.5*x)*Subjectivism_id,16",Subjectivism,Objectivism,,"StateSchools,0+(0.3*x*x)*Subjectivism_id,32","ArtsSubsidies,0+(0.3*x*x)*Subjectivism_id,32","StateBroadcaster,0+(0.3*x*x)*Subjectivism_id,32",,,,,,,,,,,,,,,,,,,,,,,,,,,,,,,,,,,,,,,,,,,,,,,,,,,,,,,,,,,,,,,,,,,,,,,,,,,,,,,,,,,,,,,,,,,,,,,,,,,,,,,,,,,,,,,,,,,,,,,,,,,,,,,,,,,,,,,,,,,,,,,,,,#,"TrackerIdeology,0+(1*x)","Pragmatism,0-(0.5*x),16","Ideologism,0+(0.15*x),16",,,,,,,,,,,,,,,,,,,,,,,,,,,,,,,,,,,,,,,,,,,,,,,,,,,,,,,"GeneralStrike,0+(0.2*x),16","InnerCityRiots,0+(0.2*x),16","StreetGangs,0+(0.2*x),16","VigilanteMobs,0+(0.2*x),16",,"TeachersStrike,0+(0.2*x),16","DoctorsStrike,0+(0.2*x),16","PetrolProtests,0+(0.2*x),16","RailStrike,0+(0.2*x),16","ClassWarfare,0+(0.2*x),16",,"ArmedReligiousCommunities,0+(0.2*x),16","DroneProtests,0+(0.2*x),16",,"EnvironmentalProtests,0+(0.2*x),16",,"EmergencyPowers,0+(0.2*x),16","FakeNews,0+(0.2*x),16",,,"LudditeRiots,0+(0.2*x),16",,,"RaceRiots,0+(0.2*x),16",,,,,,,"RIP,0+(0.2*x),16","CRT,0+(0.2*x),16","CGT,0+(0.2*x),16","TrophySyndrome,0+(0.1*x),16","FatAcceptance,0+(0.1*x),16","GreenWashing,0+(0.4*x),16","WokeWashing,0+(0.4*x),16",,FunctionalIlliteracy,,"NewAge,0+(1*x),16",,,,,,,,"Fundamentalism,0+(0.1*x),16","AbortionObjectors,0+(0.1*x)*AbortionLaw,16",,,,,,,,,,,,"LuxuryBeliefs,0+(1*x),16",,,,,,,,,,,,,,,,,,,,,,,,,,,
#,Anarchism_id,WELFARE,,icons_anarchism,0,1,0.9,0,0+(1.0*x),0,0+(1.0*x),"Authoritarianism_id,0-(2*x),32",,"Polarization,0+(0.5*x)*Anarchism_id,16",Anarchism,Authoritarianism,,"StateSchools,0+(0.3*x*x)*Anarchism_id,32","ArtsSubsidies,0+(0.3*x*x)*Anarchism_id,32","StateBroadcaster,0+(0.3*x*x)*Anarchism_id,32",,,,,,,,,,,,,,,,,,,,,,,,,,,,,,,,,,,,,,,,,,,,,,,,,,,,,,,,,,,,,,,,,,,,,,,,,,,,,,,,,,,,,,,,,,,,,,,,,,,,,,,,,,,,,,,,,,,,,,,,,,,,,,,,,,,,,,,,,,,,,,,,,,#,"TrackerIdeology,0+(1*x)","Pragmatism,0-(0.5*x),16","Ideologism,0+(0.15*x),16",,,,,,,,,,,,,,,,,,,,,,,,,,,,,,,,,,,,,,,,,,,,,,,,,,,,,"ExtremeNationalism,0-(0.4*x),16",,,,,,"Tourism,0-(0.2*x),16",,,,,,,,,,,,,,,,,,,,,,,,,,,"CRT,0+(0.4*x),16","CGT,0+(0.4*x),16	",,,,,,,,,,,"QuietQuitting,0+(0.1*x),16",,"Absenteeism,0+(0.1*x),16",,,,,,,,,,,,,,,,,,,,,,,,,,,,,,,,,,,,,,,,,,,
#,Authoritarianism_id,WELFARE,,icons_authoritarianism,0,1,0.9,0,0+(1.0*x),0,0+(1.0*x),"Anarchism_id,0-(2*x),32",,"Polarization,0+(0.5*x)*Authoritarianism_id,16",Authoritarianism,Anarchism,,"StateSchools,0+(0.3*x*x)*Authoritarianism_id,32","ArtsSubsidies,0+(0.3*x*x)*Authoritarianism_id,32","StateBroadcaster,0+(0.3*x*x)*Authoritarianism_id,32",,,,,,,,,,,,,,,,,,,,,,,,,,,,,,,,,,,,,,,,,,,,,,,,,,,,,,,,,,,,,,,,,,,,,,,,,,,,,,,,,,,,,,,,,,,,,,,,,,,,,,,,,,,,,,,,,,,,,,,,,,,,,,,,,,,,,,,,,,,,,,,,,,#,"TrackerIdeology,0+(1*x)","Pragmatism,0-(0.5*x),16","Ideologism,0+(0.15*x),16",,,,,,,,,,,,,,,,,,,,,,,,,,,,,,,,,,,,,,,,,,,,,,,,,,,,,"ExtremeNationalism,0+(0.4*x),16",,,,,,"Tourism,0-(0.2*x),16",,,,,,,,,,,,,,,,,,,,,,,,,,,,,,,,,,,,,,,,,,,,"Fundamentalism,0+(0.1*x),16",,,,,,,,,,,,,,,,,,,,,,,,,,,,,,,,,,,,,,,,
#,Isolationism_id,WELFARE,,icons_isolationism,0,1,0.9,0,0+(1.0*x),0,0+(1.0*x),"Globalism_id,0-(2*x),32",,"Polarization,0+(0.5*x)*Isolationism_id,16",Isolationism,Globalism,,"StateSchools,0+(0.3*x*x)*Isolationism_id,32","ArtsSubsidies,0+(0.3*x*x)*Isolationism_id,32","StateBroadcaster,0+(0.3*x*x)*Isolationism_id,32",,,,,,,,,,,,,,,,,,,,,,,,,,,,,,,,,,,,,,,,,,,,,,,,,,,,,,,,,,,,,,,,,,,,,,,,,,,,,,,,,,,,,,,,,,,,,,,,,,,,,,,,,,,,,,,,,,,,,,,,,,,,,,,,,,,,,,,,,,,,,,,,,,#,"TrackerIdeology,0+(1*x)","Pragmatism,0-(0.5*x),16","Ideologism,0+(0.15*x),16",,,,,,,,,,,,,,,,,,,,,,,,,,,,,,,,,,,,,,,,,,,,,,,,,,,,,,,,,,,,,,,,,,,,,,,,,,,,,,,,,,,,,,,,,,,,,,,,,,,,,,,,,,,,,,,,,,,,,,,,,,,,,,,,,,,,,,,,,,,,,,,
#,Globalism_id,WELFARE,,icons_globalism,0,1,0.9,0,0+(1.0*x),0,0+(1.0*x),"Isolationism_id,0-(2*x),32",,"Polarization,0+(0.5*x)*Globalism_id,16",Globalism,Isolationism,,"StateSchools,0+(0.3*x*x)*Globalism_id,32","ArtsSubsidies,0+(0.3*x*x)*Globalism_id,32","StateBroadcaster,0+(0.3*x*x)*Globalism_id,32",,,,,,,,,,,,,,,,,,,,,,,,,,,,,,,,,,,,,,,,,,,,,,,,,,,,,,,,,,,,,,,,,,,,,,,,,,,,,,,,,,,,,,,,,,,,,,,,,,,,,,,,,,,,,,,,,,,,,,,,,,,,,,,,,,,,,,,,,,,,,,,,,,#,"TrackerIdeology,0+(1*x)","Pragmatism,0-(0.5*x),16","Ideologism,0+(0.15*x),16",,,,,,,,,,,,,,,,,,,,,,,,,,,,,,,,,,,,,,,,,,,,,,,,,,,,,,,,,,,,,,,,,,,,,,,,,,,,,,,,,,,,,,,,,,,,,,,,,,,,,,,,,"CreatorEconomy,0+(0.1*x),16",,,,,,,,,,,,,,,,,,,,,,,,,,,,,,,,,,,,,,
#,Militarism_id,WELFARE,,icons_militarism,0,1,0.9,0,0+(1.0*x),0,0+(1.0*x),"Pacifism_id,0-(2*x),32",,"Polarization,0+(0.5*x)*Militarism_id,16",Militarism,Pacifism,,"StateSchools,0+(0.3*x*x)*Militarism_id,32","ArtsSubsidies,0+(0.3*x*x)*Militarism_id,32","StateBroadcaster,0+(0.3*x*x)*Militarism_id,32",,,,,,,,,,,,,,,,,,,,,,,,,,,,,,,,,,,,,,,,,,,,,,,,,,,,,,,,,,,,,,,,,,,,,,,,,,,,,,,,,,,,,,,,,,,,,,,,,,,,,,,,,,,,,,,,,,,,,,,,,,,,,,,,,,,,,,,,,,,,,,,,,,#,"TrackerIdeology,0+(1*x)","Pragmatism,0-(0.5*x),16","Ideologism,0+(0.15*x),16",,,,,,,,,,,,,,,,,,,,,,,,,,,,,,,,,,,,,,,,,,,,,,,,,,,,,,,,,,,,,,,,,,,,,,,,,,,,,,,,,,,,,,,,,,,,,,,,,,,,,,,,,,,,,,,,,,,,,,,,,,,,,,,,,,,,,,,,,,,,,,,
#,Pacifism_id,WELFARE,,icons_pacifism,0,1,0.9,0,0+(1.0*x),0,0+(1.0*x),"Militarism_id,0-(2*x),32",,"Polarization,0+(0.5*x)*Pacifism_id,16",Pacifism,Militarism,,"StateSchools,0+(0.3*x*x)*Pacifism_id,32","ArtsSubsidies,0+(0.3*x*x)*Pacifism_id,32","StateBroadcaster,0+(0.3*x*x)*Pacifism_id,32",,,,,,,,,,,,,,,,,,,,,,,,,,,,,,,,,,,,,,,,,,,,,,,,,,,,,,,,,,,,,,,,,,,,,,,,,,,,,,,,,,,,,,,,,,,,,,,,,,,,,,,,,,,,,,,,,,,,,,,,,,,,,,,,,,,,,,,,,,,,,,,,,,#,"TrackerIdeology,0+(1*x)","Pragmatism,0-(0.5*x),16","Ideologism,0+(0.15*x),16",,,,,,,,,,,,,,,,,,,,,,,,,,,,,,,,,,,,,,,,,,,,,,,,,,,,,,,,,,,,,,,,,,,,,,,,,,,,,,,,,,,,,,,,,,,,,,,,,,,,,,,,,,,,,,,,,,,,,,,,,,,,,,,,,,,,,,,,,,,,,,,
,,,,,,,,,,,,,,,,,,,,,,,,,,,,,,,,,,,,,,,,,,,,,,,,,,,,,,,,,,,,,,,,,,,,,,,,,,,,,,,,,,,,,,,,,,,,,,,,,,,,,,,,,,,,,,,,,,,,,,,,,,,,,,,,,,,,,,,,,,,,,,,,,,,,,,,,,,,,,,,,,,,,,,,,,,,,,,,,,,,,,,,,,,,,,,,,,,,,,,,,,,,,,,,,,,,,,,,,,,,,,,,,,,,,,,,,,,,,,,,,,,,,,,,,,,,,,,,,,,,,,,,,,,,,,,,,,,,,,,,,,,,,,,,,,,,,,,,,,,,,,,,,,,,,,,,,
,COUNTERCULTURE MARKERS,,,,,,,,,,,,,,Education Pushback,Culture Pushback,MentalHealth Pushback,,,,Young_perc,YouthPoliticsCouncil,YouthClubSubsidies,,,,,,,,,,,,,,,,,,,,,,,,,,,,,,,,,,,,,,,,,,,,,,,,,,,,,,,,,,,,,,,,,,,,,,,,,,,,,,,,,,,,,,,,,,,,,,,,,,,,,,,,,,,,,,,,,,,,,,,,,,,,,,,,,,,,,,,,,,,,,,,,,,,,,,,,,,,,,,,,,,,,,,,,,,,,,,,,,,,,,,,,,,,,,,,,,,,,,,,,,,,,,,,,,,,,,,,,,,,,,,,,,,,,,,,,,,,,,,,,,,,,,,,,,,,,,,,,,,,,,,,,,,,,,,,,,,,,,,,,,,,,,,,,,
#,Individualism_cc,WELFARE,,icons_individualism,1,1,0.9,0,0+(1.0*x),0,0+(1.0*x),"_prereq_,Collectivism_id","bansocialmedia,0-(0.4*x),8","Polarization,0+(1*x)*Collectivism_id,16","Education,0+(0.3*x),8","Culture,0+(0.3*x),8","MentalHealth,0+(0.3*x),8","LuxuryBeliefs,0+(0.4*x)*MiddleIncome_perc,32","LuxuryBeliefs,0+(0.8*x)*Wealthy_perc,32",,"Young_perc,0+(0.5*x)*Collectivism_id,8","YouthPoliticsCouncil,0.01+(0.04*x)*Collectivism_id,8","YouthClubSubsidies,0.05+(0.1*x)*Collectivism_id,8","LocalCommunities,0.05+(0.1*x)*Collectivism_id,8",,,,,,,,,,,,,,,,,,,,,,,,,,,,,,,,,,,,,,,,,,,,,,,,,,,,,,,,,,,,,,,,,,"Patriot_perc,0-(0.5*x)",,,,,,,,,,,,,,,,,,,,,,,,,,,,,,,,,,,,,,,,,,,,,,,,,,,,,,,,,,,,,,,,,,,,,,,,,,,,#,"TrackerIdeology,0+(1*x)","Pragmatism,0-(0.1*x),16","Ideologism,0+(0.1*x),16",,,,,,,,,,,,,,,,,,,,,,,,,,,,,,,,,,,,,,,,,,,,,,,,,,,,,"ExtremeNationalism,0+(0.1*x),16",,,,"LocalCommunities,0-(0.6*x),16","Charity,0-(0.2*x*x),16",,,,"TaxEvasion,0.1+(0.2*x),16","StayAtHomeParents,0-(0.5*x),16","ClassWarfare,0-(0.4*x),16","GDP,0+(0.2*x),16",,,"VigilanteMobs,0-(0.4*x),16",,,,,,,,,,,,,,,,,,,,,,,,,,,,,,"QuietQuitting,0+(0.1*x),16",,"Absenteeism,0+(0.1*x),16",,,,,"CreatorEconomy,0+(0.1*x),16",,,,,,,,,,,"LuxuryBeliefs,0+(1*x),16",,,,,,,,,,,,,,,,,,,,,,,,,,,
#,Collectivism_cc,WELFARE,,icons_collectivism,1,1,0.9,0,0+(1.0*x),0,0+(1.0*x),"_prereq_,Individualism_id","bansocialmedia,0-(0.4*x),8","Polarization,0+(1*x)*Individualism_id,16","Education,0+(0.3*x),8","Culture,0+(0.3*x),8","MentalHealth,0+(0.3*x),8","LuxuryBeliefs,0+(0.4*x)*MiddleIncome_perc,32","LuxuryBeliefs,0+(0.8*x)*Wealthy_perc,32",,"Young_perc,0+(0.5*x)*Individualism_id,8","YouthPoliticsCouncil,0.01+(0.04*x)*Individualism_id,8","YouthClubSubsidies,0.05+(0.1*x)*Individualism_id,8","LocalCommunities,0.05+(0.1*x)*Individualism_id,8",,,,,,,,,,,,,,,,,,,,,,,,,,,,,,,,,,,,,,,,,,,,,,,,,,,,,,,,,,,,,,,,,,"Patriot_perc,0-(0.5*x)",,,,,,,,,,,,,,,,,,,,,,,,,,,,,,,,,,,,,,,,,,,,,,,,,,,,,,,,,,,,,,,,,,,,,,,,,,,,#,"TrackerIdeology,0+(1*x)","Pragmatism,0-(0.1*x),16","Ideologism,0+(0.1*x),16",,,,,,,,,,,,,,,,,,,,,,,,,,,,,,,,,,,,,,,,,,,,,,,,,,,,,"ExtremeNationalism,0+(0.1*x),16",,,,"WorkerProductivity,0-(0.2*x),16","WorkingWeek,0-(0.2*x),16","Wages,0-(0.1*x),16",,,,"SingleParents,0-(0.5*x),16","ClassWarfare,0+(0.4*x),16","GDP,0-(0.2*x),16","SkillsShortage,0+(0.4*x),16","Uncompetitive Economy,0+(0.4*x*x),16","HighProductivity,0-(0.4*x),16",,,,,,,,,,,,,,,,,"RIP,0+(0.2*x),16","CRT,0+(0.2*x),16","CGT,0+(0.2*x),16","TrophySyndrome,0+(0.1*x),16",,,,,,,,,,,,,,,,,,,,,,,,,,,,,,,,,,,,,,,,,,,,,,,,,,,,,,,
#,Relativism_cc,WELFARE,,icons_relativism,1,1,0.9,0,0+(1.0*x),0,0+(1.0*x),"_prereq_,Universalism_id","bansocialmedia,0-(0.4*x),8","Polarization,0+(1*x)*Universalism_id,16","Education,0+(0.3*x),8","Culture,0+(0.3*x),8","MentalHealth,0+(0.3*x),8","LuxuryBeliefs,0+(0.4*x)*MiddleIncome_perc,32","LuxuryBeliefs,0+(0.8*x)*Wealthy_perc,32",,"Young_perc,0+(0.5*x)*Universalism_id,8","YouthPoliticsCouncil,0.01+(0.04*x)*Universalism_id,8","YouthClubSubsidies,0.05+(0.1*x)*Universalism_id,8","LocalCommunities,0.05+(0.1*x)*Universalism_id,8",,,,,,,,,,,,,,,,,,,,,,,,,,,,,,,,,,,,,,,,,,,,,,,,,,,,,,,,,,,,,,,,,,"Patriot_perc,0-(0.5*x)",,,,,,,,,,,,,,,,,,,,,,,,,,,,,,,,,,,,,,,,,,,,,,,,,,,,,,,,,,,,,,,,,,,,,,,,,,,,#,"TrackerIdeology,0+(1*x)","Pragmatism,0-(0.1*x),16","Ideologism,0+(0.1*x),16",,,,,,,,,,,,,,,,,,,,,,,,,,,,,,,,,,,,,,,,,,,,,,,,,,,,,"ExtremeNationalism,0-(0.1*x),16",,,,,,,"Charity,0-(0.2*x),16",,,,"ClassWarfare,0-(0.4*x),16",,,,"GeneralStrike,0-(0.4*x),16","TeachersStrike,0-(0.4*x),16","DoctorsStrike,0-(0.4*x),16","RailStrike,0-(0.4*x),16",,"RaceRiots,0-(0.4*x),16",,"LudditeRiots,0-(0.4*x),16","EnvironmentalProtests,0-(0.4*x),16","FoodBanks,0-(0.4*x),16",,,,,,,,,"CRT,0+(0.2*x),16","CGT,0+(0.2*x),16","TrophySyndrome,0+(0.1*x),16","FatAcceptance,0+(0.1*x),16",,,"DegrowthDoctrine,0+(0.2*x)*Environmentalist_perc,16",,,,"PSAFatigue,0+(0.1*x),16",,"QuietQuitting,0+(0.1*x),16",,"Absenteeism,0+(0.1*x),16","PlannedObsolescence,0+(0.1*x),16","HookupCulture,0+(0.1*x),16",,,,,,,,,,,,,,"LuxuryBeliefs,0+(1*x),16",,,,,,,,,,,,,,,,,,,,,,,,,,,
#,Universalism_cc,WELFARE,,icons_universalism,1,1,0.9,0,0+(1.0*x),0,0+(1.0*x),"_prereq_,Relativism_id","bansocialmedia,0-(0.4*x),8","Polarization,0+(1*x)*Relativism_id,16","Education,0+(0.3*x),8","Culture,0+(0.3*x),8","MentalHealth,0+(0.3*x),8","LuxuryBeliefs,0+(0.4*x)*MiddleIncome_perc,32","LuxuryBeliefs,0+(0.8*x)*Wealthy_perc,32",,"Young_perc,0+(0.5*x)*Relativism_id,8","YouthPoliticsCouncil,0.01+(0.04*x)*Relativism_id,8","YouthClubSubsidies,0.05+(0.1*x)*Relativism_id,8","LocalCommunities,0.05+(0.1*x)*Relativism_id,8",,,,,,,,,,,,,,,,,,,,,,,,,,,,,,,,,,,,,,,,,,,,,,,,,,,,,,,,,,,,,,,,,,"Patriot_perc,0-(0.5*x)",,,,,,,,,,,,,,,,,,,,,,,,,,,,,,,,,,,,,,,,,,,,,,,,,,,,,,,,,,,,,,,,,,,,,,,,,,,,#,"TrackerIdeology,0+(1*x)","Pragmatism,0-(0.1*x),16","Ideologism,0+(0.1*x),16",,,,,,,,,,,,,,,,,,,,,,,,,,,,,,,,,,,,,,,,,,,,,,,,,,,,,,,,,,,,"Charity,0+(0.2*x),16",,,,,,,,,,,,,,,,,,,,,,,,,,"CRT,0+(0.2*x),16","CGT,0+(0.2*x),16",,,"GreenWashing,0+(0.6*x),16","WokeWashing,0+(0.6*x),16",,,,,"PSAFatigue,0-(0.1*x),16",,,,,,,"Fundamentalism,0+(0.1*x),16","AbortionObjectors,0+(0.1*x)*AbortionLaw,16",,,,,,,,,,,,,,,,,,,,,,,,,,,,,,,,,,,,,,,
#,Hedonism_cc,WELFARE,,icons_hedonism,1,1,0.9,0,0+(1.0*x),0,0+(1.0*x),"_prereq_,Prohibitionism_id","bansocialmedia,0-(0.4*x),8","Polarization,0+(1*x)*Prohibitionism_id,16","Education,0+(0.3*x),8","Culture,0+(0.3*x),8","MentalHealth,0+(0.3*x),8","LuxuryBeliefs,0+(0.4*x)*MiddleIncome_perc,32","LuxuryBeliefs,0+(0.8*x)*Wealthy_perc,32",,"Young_perc,0+(0.5*x)*Prohibitionism_id,8","YouthPoliticsCouncil,0.01+(0.04*x)*Prohibitionism_id,8","YouthClubSubsidies,0.05+(0.1*x)*Prohibitionism_id,8","LocalCommunities,0.05+(0.1*x)*Prohibitionism_id,8",,,,,,,,,,,,,,,,,,,,,,,,,,,,,,,,,,,,,,,,,,,,,,,,,,,,,,,,,,,,,,,,,,"Patriot_perc,0-(0.5*x)",,,,,,,,,,,,,,,,,,,,,,,,,,,,,,,,,,,,,,,,,,,,,,,,,,,,,,,,,,,,,,,,,,,,,,,,,,,,#,"TrackerIdeology,0+(1*x)","Pragmatism,0-(0.1*x),16","Ideologism,0+(0.1*x),16",,,,,,,,,,,,,,,,,,,,,,,,,,,,,,,,,,,,,,,,,,,,,,,,,,,,,"DrugAddiction,0+(0.5*x),16",,"SocialMediaAddiction,0+(0.5*x),16",,,"Veganism,0-(0.3*x),16","Tourism,0+(0.2*x),16","Charity,0-(0.2*x),16",,,,,"GDP,0+(0.2*x),16",,,,,,,,,,,,,,,,,,,,,,"CGT,0+(0.2*x),16",,"FatAcceptance,0+(0.1*x),16",,,,,,,,,"QuietQuitting,0+(0.1*x),16",,"Absenteeism,0+(0.1*x),16","PlannedObsolescence,0+(0.1*x),16","HookupCulture,0+(0.1*x),16",,,,,,,,,,,,,,"LuxuryBeliefs,0+(1*x),16",,,,,,,,,,,,,,,,,,,,,,,,,,,
#,Prohibitionism_cc,WELFARE,,icons_prohibitionism,1,1,0.9,0,0+(1.0*x),0,0+(1.0*x),"_prereq_,Hedonism_id","bansocialmedia,0-(0.4*x),8","Polarization,0+(1*x)*Hedonism_id,16","Education,0+(0.3*x),8","Culture,0+(0.3*x),8","MentalHealth,0+(0.3*x),8","LuxuryBeliefs,0+(0.4*x)*MiddleIncome_perc,32","LuxuryBeliefs,0+(0.8*x)*Wealthy_perc,32",,"Young_perc,0+(0.5*x)*Hedonism_id,8","YouthPoliticsCouncil,0.01+(0.04*x)*Hedonism_id,8","YouthClubSubsidies,0.05+(0.1*x)*Hedonism_id,8","LocalCommunities,0.05+(0.1*x)*Hedonism_id,8",,,,,,,,,,,,,,,,,,,,,,,,,,,,,,,,,,,,,,,,,,,,,,,,,,,,,,,,,,,,,,,,,,"Patriot_perc,0-(0.5*x)",,,,,,,,,,,,,,,,,,,,,,,,,,,,,,,,,,,,,,,,,,,,,,,,,,,,,,,,,,,,,,,,,,,,,,,,,,,,#,"TrackerIdeology,0+(1*x)","Pragmatism,0-(0.1*x),16","Ideologism,0+(0.1*x),16",,,,,,,,,,,,,,,,,,,,,,,,,,,,,,,,,,,,,,,,,,,,,,,,,,,,,,,,,,,,,,,,,"GDP,0-(0.2*x),16",,,,,,,,,,,,,,,,,,,,,,,,,"GreenWashing,0+(0.4*x),16",,"DegrowthDoctrine,0+(1*x)*Environmentalist_perc,16",,,,,,,,,,,,,,,,,,,,,,,,,,,,,,,,,,,,,,,,,,,,,,,,,,,
#,Objectivism_cc,WELFARE,,icons_objectivism,1,1,0.9,0,0+(1.0*x),0,0+(1.0*x),"_prereq_,Subjectivism_id","bansocialmedia,0-(0.4*x),8","Polarization,0+(1*x)*Subjectivism_id,16","Education,0+(0.3*x),8","Culture,0+(0.3*x),8","MentalHealth,0+(0.3*x),8","LuxuryBeliefs,0+(0.4*x)*MiddleIncome_perc,32","LuxuryBeliefs,0+(0.8*x)*Wealthy_perc,32",,"Young_perc,0+(0.5*x)*Subjectivism_id,8","YouthPoliticsCouncil,0.01+(0.04*x)*Subjectivism_id,8","YouthClubSubsidies,0.05+(0.1*x)*Subjectivism_id,8","LocalCommunities,0.05+(0.1*x)*Subjectivism_id,8",,,,,,,,,,,,,,,,,,,,,,,,,,,,,,,,,,,,,,,,,,,,,,,,,,,,,,,,,,,,,,,,,,"Patriot_perc,0-(0.5*x)",,,,,,,,,,,,,,,,,,,,,,,,,,,,,,,,,,,,,,,,,,,,,,,,,,,,,,,,,,,,,,,,,,,,,,,,,,,,#,"TrackerIdeology,0+(1*x)","Pragmatism,0-(0.1*x),16","Ideologism,0+(0.1*x),16",,,,,,,,,,,,,,,,,,,,,,,,,,,,,,,,,,,,,,,,,,,,,,,,,,,"IndustrialAutomation,0+(0.2*x),16",,"LocalCommunities,0-(0.2*x),16","AlcoholConsumption,0-(0.2*x),16","LegalDrugConsumption,0-(0.2*x),16","TobaccoUse,0-(0.2*x),16",,,,,,,,,,,"DroneProtests,0-(0.2*x),16",,"EnvironmentalProtests,0-(0.2*x),16",,"EmergencyPowers,0-(0.2*x),16","FakeNews,0-(0.2*x),16",,,"LudditeRiots,0-(0.2*x),16",,,,,,,,,,,,,,,,,,,"Complotism,0-(0.4*x),16","NewAge,0-(0.4*x),16",,,,,,,,,,,,,,,,,,,,,,,,,,,,,,,,,,,,,,,,,,,,,,,,
#,Subjectivism_cc,WELFARE,,icons_subjectivism,1,1,0.9,0,0+(1.0*x),0,0+(1.0*x),"_prereq_,Objectivism_id","bansocialmedia,0-(0.4*x),8","Polarization,0+(1*x)*Objectivism_id,16","Education,0+(0.3*x),8","Culture,0+(0.3*x),8","MentalHealth,0+(0.3*x),8","LuxuryBeliefs,0+(0.4*x)*MiddleIncome_perc,32","LuxuryBeliefs,0+(0.8*x)*Wealthy_perc,32",,"Young_perc,0+(0.5*x)*Objectivism_id,8","YouthPoliticsCouncil,0.01+(0.04*x)*Objectivism_id,8","YouthClubSubsidies,0.05+(0.1*x)*Objectivism_id,8","LocalCommunities,0.05+(0.1*x)*Objectivism_id,8",,,,,,,,,,,,,,,,,,,,,,,,,,,,,,,,,,,,,,,,,,,,,,,,,,,,,,,,,,,,,,,,,,"Patriot_perc,0-(0.5*x)",,,,,,,,,,,,,,,,,,,,,,,,,,,,,,,,,,,,,,,,,,,,,,,,,,,,,,,,,,,,,,,,,,,,,,,,,,,,#,"TrackerIdeology,0+(1*x)","Pragmatism,0-(0.1*x),16","Ideologism,0+(0.1*x),16",,,,,,,,,,,,,,,,,,,,,,,,,,,,,,,,,,,,,,,,,,,,,,,,,,,,,,,"GeneralStrike,0+(0.2*x),16","InnerCityRiots,0+(0.2*x),16","StreetGangs,0+(0.2*x),16","VigilanteMobs,0+(0.2*x),16",,"TeachersStrike,0+(0.2*x),16","DoctorsStrike,0+(0.2*x),16","PetrolProtests,0+(0.2*x),16","RailStrike,0+(0.2*x),16","ClassWarfare,0+(0.2*x),16",,"ArmedReligiousCommunities,0+(0.2*x),16","DroneProtests,0+(0.2*x),16",,"EnvironmentalProtests,0+(0.2*x),16",,"EmergencyPowers,0+(0.2*x),16","FakeNews,0+(0.2*x),16",,,"LudditeRiots,0+(0.2*x),16",,,"RaceRiots,0+(0.2*x),16",,,,,,,"RIP,0+(0.2*x),16","CRT,0+(0.2*x),16","CGT,0+(0.2*x),16","TrophySyndrome,0+(0.1*x),16","FatAcceptance,0+(0.1*x),16","GreenWashing,0+(0.4*x),16","WokeWashing,0+(0.4*x),16",,FunctionalIlliteracy,,"NewAge,0+(1*x),16",,,,,,,,,"Fundamentalism,0+(0.1*x),16","AbortionObjectors,0+(0.1*x)*AbortionLaw,16",,,,,,,,,,,"LuxuryBeliefs,0+(1*x),16",,,,,,,,,,,,,,,,,,,,,,,,,,,
#,Anarchism_cc,WELFARE,,icons_anarchism,1,1,0.9,0,0+(1.0*x),0,0+(1.0*x),"_prereq_,Authoritarianism_id","bansocialmedia,0-(0.4*x),8","Polarization,0+(1*x)*Authoritarianism_id,16","Education,0+(0.3*x),8","Culture,0+(0.3*x),8","MentalHealth,0+(0.3*x),8","LuxuryBeliefs,0+(0.4*x)*MiddleIncome_perc,32","LuxuryBeliefs,0+(0.8*x)*Wealthy_perc,32",,"Young_perc,0+(0.5*x)*Authoritarianism_id,8","YouthPoliticsCouncil,0.01+(0.04*x)*Authoritarianism_id,8","YouthClubSubsidies,0.05+(0.1*x)*Authoritarianism_id,8","LocalCommunities,0.05+(0.1*x)*Authoritarianism_id,8",,,,,,,,,,,,,,,,,,,,,,,,,,,,,,,,,,,,,,,,,,,,,,,,,,,,,,,,,,,,,,,,,,"Patriot_perc,0-(0.5*x)",,,,,,,,,,,,,,,,,,,,,,,,,,,,,,,,,,,,,,,,,,,,,,,,,,,,,,,,,,,,,,,,,,,,,,,,,,,,#,"TrackerIdeology,0+(1*x)","Pragmatism,0-(0.1*x),16","Ideologism,0+(0.1*x),16",,,,,,,,,,,,,,,,,,,,,,,,,,,,,,,,,,,,,,,,,,,,,,,,,,,,,"ExtremeNationalism,0-(0.4*x),16",,,,,,"Tourism,0-(0.2*x),16",,,,,,,,,,,,,,,,,,,,,,,,,,,"CRT,0+(0.4*x),16","CGT,0+(0.4*x),16",,,,,,,,,,,,"QuietQuitting,0+(0.1*x),16",,"Absenteeism,0+(0.1*x),16",,,,,,,,,,,,,,,,,,,,,,,,,,,,,,,,,,,,,,,,,,
#,Authoritarianism_cc,WELFARE,,icons_authoritarianism,1,1,0.9,0,0+(1.0*x),0,0+(1.0*x),"_prereq_,Anarchism_id","bansocialmedia,0-(0.4*x),8","Polarization,0+(1*x)*Anarchism_id,16","Education,0+(0.3*x),8","Culture,0+(0.3*x),8","MentalHealth,0+(0.3*x),8","LuxuryBeliefs,0+(0.4*x)*MiddleIncome_perc,32","LuxuryBeliefs,0+(0.8*x)*Wealthy_perc,32",,"Young_perc,0+(0.5*x)*Anarchism_id,8","YouthPoliticsCouncil,0.01+(0.04*x)*Anarchism_id,8","YouthClubSubsidies,0.05+(0.1*x)*Anarchism_id,8","LocalCommunities,0.05+(0.1*x)*Anarchism_id,8",,,,,,,,,,,,,,,,,,,,,,,,,,,,,,,,,,,,,,,,,,,,,,,,,,,,,,,,,,,,,,,,,,"Patriot_perc,0+(1*x)*Anarchism_id",,,,,,,,,,,,,,,,,,,,,,,,,,,,,,,,,,,,,,,,,,,,,,,,,,,,,,,,,,,,,,,,,,,,,,,,,,,,#,"TrackerIdeology,0+(1*x)","Pragmatism,0-(0.1*x),16","Ideologism,0+(0.1*x),16",,,,,,,,,,,,,,,,,,,,,,,,,,,,,,,,,,,,,,,,,,,,,,,,,,,,,"ExtremeNationalism,0+(0.4*x),16",,,,,,"Tourism,0-(0.2*x),16",,,,,,,,,,,,,,,,,,,,,,,,,,,,,,,,,,,,,,,,,,,,"Fundamentalism,0+(0.1*x),16",,,,,,,,,,,,,,,,,,,,,,,,,,,,,,,,,,,,,,,,
#,Isolationism_cc,WELFARE,,icons_isolationism,1,1,0.9,0,0+(1.0*x),0,0+(1.0*x),"_prereq_,Globalism_id","bansocialmedia,0-(0.4*x),8","Polarization,0+(1*x)*Globalism_id,16","Education,0+(0.3*x),8","Culture,0+(0.3*x),8","MentalHealth,0+(0.3*x),8","LuxuryBeliefs,0+(0.4*x)*MiddleIncome_perc,32","LuxuryBeliefs,0+(0.8*x)*Wealthy_perc,32",,"Young_perc,0+(0.5*x)*Globalism_id,8","YouthPoliticsCouncil,0.01+(0.04*x)*Globalism_id,8","YouthClubSubsidies,0.05+(0.1*x)*Globalism_id,8","LocalCommunities,0.05+(0.1*x)*Globalism_id,8",,,,,,,,,,,,,,,,,,,,,,,,,,,,,,,,,,,,,,,,,,,,,,,,,,,,,,,,,,,,,,,,,,"Patriot_perc,0+(0.5*x)*Globalism_id",,,,,,,,,,,,,,,,,,,,,,,,,,,,,,,,,,,,,,,,,,,,,,,,,,,,,,,,,,,,,,,,,,,,,,,,,,,,#,"TrackerIdeology,0+(1*x)","Pragmatism,0-(0.1*x),16","Ideologism,0+(0.1*x),16",,,,,,,,,,,,,,,,,,,,,,,,,,,,,,,,,,,,,,,,,,,,,,,,,,,,,,,,,,,,,,,,,,,,,,,,,,,,,,,,,,,,,,,,,,,,,,,,,,,,,,,,,,,,,,,,,,,,,,,,,,,,,,,,,,,,,,,,,,,,,,,
#,Globalism_cc,WELFARE,,icons_globalism,1,1,0.9,0,0+(1.0*x),0,0+(1.0*x),"_prereq_,Isolationism_id","bansocialmedia,0-(0.4*x),8","Polarization,0+(1*x)*Isolationism_id,16","Education,0+(0.3*x),8","Culture,0+(0.3*x),8","MentalHealth,0+(0.3*x),8","LuxuryBeliefs,0+(0.4*x)*MiddleIncome_perc,32","LuxuryBeliefs,0+(0.8*x)*Wealthy_perc,32",,"Young_perc,0+(0.5*x)*Isolationism_id,8","YouthPoliticsCouncil,0.01+(0.04*x)*Isolationism_id,8","YouthClubSubsidies,0.05+(0.1*x)*Isolationism_id,8","LocalCommunities,0.05+(0.1*x)*Isolationism_id,8",,,,,,,,,,,,,,,,,,,,,,,,,,,,,,,,,,,,,,,,,,,,,,,,,,,,,,,,,,,,,,,,,,"Patriot_perc,0-(0.5*x)",,,,,,,,,,,,,,,,,,,,,,,,,,,,,,,,,,,,,,,,,,,,,,,,,,,,,,,,,,,,,,,,,,,,,,,,,,,,#,"TrackerIdeology,0+(1*x)","Pragmatism,0-(0.1*x),16","Ideologism,0+(0.1*x),16",,,,,,,,,,,,,,,,,,,,,,,,,,,,,,,,,,,,,,,,,,,,,,,,,,,,,,,,,,,,,,,,,,,,,,,,,,,,,,,,,,,,,,,,,,,,,,,,,,,,,,,,,"CreatorEconomy,0+(0.1*x),16",,,,,,,,,,,,,,,,,,,,,,,,,,,,,,,,,,,,,,
#,Militarism_cc,WELFARE,,icons_militarism,1,1,0.9,0,0+(1.0*x),0,0+(1.0*x),"_prereq_,Pacifism_id","bansocialmedia,0-(0.4*x),8","Polarization,0+(1*x)*Pacifism_id,16","Education,0+(0.3*x),8","Culture,0+(0.3*x),8","MentalHealth,0+(0.3*x),8","LuxuryBeliefs,0+(0.4*x)*MiddleIncome_perc,32","LuxuryBeliefs,0+(0.8*x)*Wealthy_perc,32",,"Young_perc,0+(0.5*x)*Pacifism_id,8","YouthPoliticsCouncil,0.01+(0.04*x)*Pacifism_id,8","YouthClubSubsidies,0.05+(0.1*x)*Pacifism_id,8","LocalCommunities,0.05+(0.1*x)*Pacifism_id,8",,,,,,,,,,,,,,,,,,,,,,,,,,,,,,,,,,,,,,,,,,,,,,,,,,,,,,,,,,,,,,,,,,"Patriot_perc,0+(0.5*x)*Pacifism_id",,,,,,,,,,,,,,,,,,,,,,,,,,,,,,,,,,,,,,,,,,,,,,,,,,,,,,,,,,,,,,,,,,,,,,,,,,,,#,"TrackerIdeology,0+(1*x)","Pragmatism,0-(0.1*x),16","Ideologism,0+(0.1*x),16",,,,,,,,,,,,,,,,,,,,,,,,,,,,,,,,,,,,,,,,,,,,,,,,,,,,,,,,,,,,,,,,,,,,,,,,,,,,,,,,,,,,,,,,,,,,,,,,,,,,,,,,,,,,,,,,,,,,,,,,,,,,,,,,,,,,,,,,,,,,,,,
#,Pacifism_cc,WELFARE,,icons_pacifism,1,1,0.9,0,0+(1.0*x),0,0+(1.0*x),"_prereq_,Militarism_id","bansocialmedia,0-(0.4*x),8","Polarization,0+(1*x)*Militarism_id,16","Education,0+(0.3*x),8","Culture,0+(0.3*x),8","MentalHealth,0+(0.3*x),8","LuxuryBeliefs,0+(0.4*x)*MiddleIncome_perc,32","LuxuryBeliefs,0+(0.8*x)*Wealthy_perc,32",,"Young_perc,0+(0.5*x)*Militarism_id,8","YouthPoliticsCouncil,0.01+(0.04*x)*Militarism_id,8","YouthClubSubsidies,0.05+(0.1*x)*Militarism_id,8","LocalCommunities,0.05+(0.1*x)*Militarism_id,8",,,,,,,,,,,,,,,,,,,,,,,,,,,,,,,,,,,,,,,,,,,,,,,,,,,,,,,,,,,,,,,,,,"Patriot_perc,0-(0.5*x)",,,,,,,,,,,,,,,,,,,,,,,,,,,,,,,,,,,,,,,,,,,,,,,,,,,,,,,,,,,,,,,,,,,,,,,,,,,,#,"TrackerIdeology,0+(1*x)","Pragmatism,0-(0.1*x),16","Ideologism,0+(0.1*x),16",,,,,,,,,,,,,,,,,,,,,,,,,,,,,,,,,,,,,,,,,,,,,,,,,,,,,,,,,,,,,,,,,,,,,,,,,,,,,,,,,,,,,,,,,,,,,,,,,,,,,,,,,,,,,,,,,,,,,,,,,,,,,,,,,,,,,,,,,,,,,,,
,,,,,,,,,,,,,,,,,,,,,,,,,,,,,,,,,,,,,,,,,,,,,,,,,,,,,,,,,,,,,,,,,,,,,,,,,,,,,,,,,,,,,,,,,,,,,,,,,,,,,,,,,,,,,,,,,,,,,,,,,,,,,,,,,,,,,,,,,,,,,,,,,,,,,,,,,,,,,,,,,,,,,,,,,,,,,,,,,,,,,,,,,,,,,,,,,,,,,,,,,,,,,,,,,,,,,,,,,,,,,,,,,,,,,,,,,,,,,,,,,,,,,,,,,,,,,,,,,,,,,,,,,,,,,,,,,,,,,,,,,,,,,,,,,,,,,,,,,,,,,,,,,,,,,,,,
#,Pragmatism,WELFARE,,icons_pragmatism,1,1,0.9,0,0+(1.0*x),0,0+(1.0*x),"_default_,0.9",,,,,,,,,,,,,,,,,,,,,,,,,,,,,,,,,,,,,,,,,,,,,,"Ideologism,0-(1*x)",,,,,,,,,,,,,,,,,,,,,,,,,,,,,,,,,,,,,,,,,,,,,#,"MentalHealth,0+(0.5*x*x*x*x),32","_All_,0+(0.5*x*x*x*x),32","Polarization,0-(0.5*x),32",,,,,,,,,,,,,,,,,,,,,,,,,,,,,,,,,,,,,,,,,,,,,,,,,,,,,,,,,,,,,,,,,,,,,,,,,,,,,,,,,,,,,,,,,,,,,,,,,,,,,,,,,,,,,,,,,,,,,,,,,,,,,,,,,,,,,,,,,,,,,,,,,,,,,,,,,,,,,,,,,,,,,,,,,,,,,,,,,,,,,,,,,,,,,,,,,,,,,,,,,,,,,,
#,Ideologism,WELFARE,,icons_ideologism,0,1,0.9,0,0+(1.0*x),0,0+(1.0*x),,,,,,,,,,,,,,,,,,,,,,,,,,,,,,,,,,,,,,,,,,,,,,,"Pragmatism,0-(1*x)",,,,,,,,,,,,,,,,,,,,,,,,,,,,,,,,,,,,,,,,,,,,,#,,"_All_,0-(0.5*x*x*x*x),32","Culture,0-(0.5*x*x*x*x),32","MentalHealth,0-(0.5*x*x*x*x),32","Education,0-(0.5*x*x*x*x),32",,,,,,,,,,,,,,,,,,,,,,,,,,,,,,,,,,,,,,,,,,,,,,,,,,,,,,,,,,,,,,,,,,,,,,,,,,,,,,,,,,,,,,,,,,,,,,,,,,,,,,,,,,,,,,,,,,,,,,,,,,,,,,,,,,,,,,,,,,,,,,,,,,,,,,,,,,,,,,,,,,,,,,,,,,,,,,,,,,,,,,,,,,,,,,,,,,,,,,,,,,,,
#,TrackerIdeology,WELFARE,,icons_ideologytracker,0,1,0.9,0,0+(1.0*x),0,0+(1.0*x),,,,,,,,,,,,,,,,,,,,,,,,,,,,,,,,,,,,,,,,,,,,,,,,,,,,,,,,,,,,,,,,,,,,,,,,,,,,,,,,,,,,,,,,,,,,,,,,,,,,,,,,,,,,,,,,,,,,,,,,,,,,,,,,,,,,,,,,,,,,,,,,,,,,,,,,,,,,,,,,,,,,,,,,,,,,,,,,,,,,,,,,,,,,,,,,,,,,,,,,,,,,,,,,,,,,,,,,,,,,,,,,,,,,,,,,,,,,,,,,,,,,,,,,,,,,,,,,,,,,,,,,,,,,,,,,,,,,,,,,,,,,,,,,,,,,,,,,,,,,,
#,TrackerCultural,WELFARE,,icons_culturetracker,1,0.0002,0.0001,0,0+(1.0*x),0,0+(1.0*x),,,,,,,,,,,,,,,,,,,,,,,,,,,,,,,,,,,,,,,,,,,,,,,,,,,,,,,,,,,,,,,,,,,,,,,,,,,,,,,,,,,,,,,,,,,,#,,,,,,,,,,,,,,,,,,,,,,,,,,,,,,,,,,,,,,,,,,,,,,,,,,,,,,,,,,,,,,,,,,,,,,,,,,,,,,,,,,,,,,,,,,,,,,,,,,,,,,,,,,,,,,,,,,,,,,,,,,,,,,,,,,,,,,,,,,,,,,,,,,,,,,,,,,,,,,,,,,,,,,,,,,,,,,,,,,,,,,,,,,,,,,,,,,,,,,,,,,,,,,,,,
,TrackerEmotion,WELFARE,,hex,1,0.0002,0.0001,0,0+(1.0*x),0,0+(1.0*x),,,,,,,,,,,,,,,,,,,,,,,,,,,,,,,,,,,,,,,,,,,,,,,,,,,,,,,,,,"Anger,0+(1*x)","Anxiety,0+(1*x)","Disgust,0+(1*x)","Envy,0+(1*x)","Fear,0+(1*x)","Paranoia,0+(1*x)",,,,,,,,,,,,,,,,,,,,,,,,,,,,,,,,,,,,,,,,,,,,,,,,,,,,,,,,,,,,,,,,,,,,,,,,,,,,,,,,,,,,,,,,,,,,,,,,,,,,,,,,,,,,,,,,,,,,,,,,,,,,,,,,,,,,,,,,,,,,,,,,,,,,,,,,,,,,,,,,,,,,,,,,,,,,,,,,,,,,,,,,,,,,,,,,,,,,,,,,,,,,,,,,,,,,,,,,,,,,,,,,,,,,,,,,,,,,,,
,,,,,,,,,,,,,,,,,,,,,,,,,,,,,,,,,,,,,,,,,,,,,,,,,,,,,,,,,,,,,,,,,,,,,,,,,,,,,,,,,,,,,,,,,,,,,,,,,,,,,,,,,,,,,,,,,,,,,,,,,,,,,,,,,,,,,,,,,,,,,,,,,,,,,,,,,,,,,,,,,,,,,,,,,,,,,,,,,,,,,,,,,,,,,,,,,,,,,,,,,,,,,,,,,,,,,,,,,,,,,,,,,,,,,,,,,,,,,,,,,,,,,,,,,,,,,,,,,,,,,,,,,,,,,,,,,,,,,,,,,,,,,,,,,,,,,,,,,,,,,,,,,,,,,,,,
,,,,,,,,,,,,,,,,,,,,,,,,,,,,,,,,,,,,,,,,,,,,,,,,,,,,,,,,,,,,,,,,,,,,,,,,,,,,,,,,,,,,,,,,,,,,,,,,,,,,,,,,,,,,,,,,,,,,,,,,,,,,,,,,,,,,,,,,,,,,,,,,,,,,,,,,,,,,,,,,,,,,,,,,,,,,,,,,,,,,,,,,,,,,,,,,,,,,,,,,,,,,,,,,,,,,,,,,,,,,,,,,,,,,,,,,,,,,,,,,,,,,,,,,,,,,,,,,,,,,,,,,,,,,,,,,,,,,,,,,,,,,,,,,,,,,,,,,,,,,,,,,,,,,,,,,
,,,,,,,,,,,,,,,,,,,,,,,,,,,,,,,,,,,,,,,,,,,,,,,,,,,,,,,,,,,,,,,,,,,,,,,,,,,,,,,,,,,,,,,,,,,,,,,,,,,,,,,,,,,,,,,,,,,,,,,,,,,,,,,,,,,,,,,,,,,,,,,,,,,,,,,,,,,,,,,,,,,,,,,,,,,,,,,,,,,,,,,,,,,,,,,,,,,,,,,,,,,,,,,,,,,,,,,,,,,,,,,,,,,,,,,,,,,,,,,,,,,,,,,,,,,,,,,,,,,,,,,,,,,,,,,,,,,,,,,,,,,,,,,,,,,,,,,,,,,,,,,,,,,,,,,,
,,,,,,,,,,,,,,,,,,,,,,,,,,,,,,,,,,,,,,,,,,,,,,,,,,,,,,,,,,EXAMPLE,,,,,,,,,,,,,,,,,,,,,,,,,,,,,,,,,,,,,,,,,,,,,,,,,,,,,,,,,,,,,,,,,,,,,,,,,,,,,,,,,,,,,,,,,,,,,,,,,,,,,,,,,,,,,,,,,,,,,,,,,,,,,,,,,,,,,,,,,,,,,,,,,,,,,,,,,,,,,,,,,,,,,,,,,,,,,,,,,,,,,,,,,,,,,,,,,,,,,,,,,,,,,,,,,,,,,,,,,,,,,,,,,,,,,,,,,,,,,,,,,,,,,,,,,,,,,,
,,,,,,,,,,,,NOTE,,,,,,,,,,,,,,,,,,,,,,,,,,,,,,,,,,,,,,,,,,,,,,"_prereq_,StateSchools",,,,,,,,,,,,,,,,,,,,,,,,,,,,,,,,,,,,,,,,,,,,,,,,,,,,,,,,,,,,,,,,,,,,,,,,,,,,,,,,,,,,,,,,,,,,,,,,,,,,,,,,,,,,,,,,,,,,,,,,,,,,,,,,,,,,,,,,,,,,,,,,,,,,,,,,,,,,,,,,,,,,,,,,,,,,,,,,,,,,,,,,,,,,,,,,,,,,,,,,,,,,,,,,,,,,,,,,,,,,,,,,,,,,,,,,,,,,,,,,,,,,,,,,,,,,,,
,,,,,,,,,,,,,,,,,,,,,,,,,,,,,,,,,,,,,,,,,,,,,,,,,,,,,,,,,,,,,,,,,,,,,,,,,,,,,,,,,,,,,,,,,,,,,,,,,,,,,,,,,,,,,,,,,,,,,,,,,,,,,,,,,,,,,,,,,,,,,,,,,,,,,,,,,,,,,,,,,,,,,,,,,,,,,,,,,,,,,,,,,,,,,,,,,,,,,,,,,,,,,,,,,,,,,,,,,,,,,,,,,,,,,,,,,,,,,,,,,,,,,,,,,,,,,,,,,,,,,,,,,,,,,,,,,,,,,,,,,,,,,,,,,,,,,,,,,,,,,,,,,,,,,,,,
,,,,,,,,,,,,,,,,,,,,,,,,,,,,,,,,,,,,,,,,,,,,,,,,,,,,,,,,,,,,,,,,,,,,,,,,,,,,,,,,,,,,,,,,,,,,,,,,,,,,,,,,,,,,,,,,,,,,,,,,,,,,,,,,,,,,,,,,,,,,,,,,,,,,,,,,,,,,,,,,,,,,,,,,,,,,,,,,,,,,,,,,,,,,,,,,,,,,,,,,,,,,,,,,,,,,,,,,,,,,,,,,,,,,,,,,,,,,,,,,,,,,,,,,,,,,,,,,,,,,,,,,,,,,,,,,,,,,,,,,,,,,,,,,,,,,,,,,,,,,,,,,,,,,,,,,
,,,,,,,,,,,,,,,,,,,,,,,,,,,,,,,,,,,,,,,,,,,,,,,,,,,,,,,,,,,,,,,,,,,,,,,,,,,,,,,,,,,,,,,,,,,,,,,,,,,,,,,,,,,,,,,,,,,,,,,,,,,,,,,,,,,,,,,,,,,,,,,,,,,,,,,,,,,,,,,,,,,,,,,,,,,,,,,,,,,,,,,,,,,,,,,,,,,,,,,,,,,,,,,,,,,,,,,,,,,,,,,,,,,,,,,,,,,,,,,,,,,,,,,,,,,,,,,,,,,,,,,,,,,,,,,,,,,,,,,,,,,,,,,,,,,,,,,,,,,,,,,,,,,,,,,,
,TEMPLATE:,FOREIGNPOLICY,_prereq_country,map_country,1,0.2,0.1,0,0+(1.0*x),0,0+(1.0*x),"_default_,1","_year,0-(0.015*x)",,,,,,,,,,,,,,,,,,,,,,,,,,,,,,,,,,,,,,,,,,,,,,,,,,,,,,,,,,,,,,,,,,,,,,,,,,,,,,,,,,,,,,,,,,,,,,,,,,,,,,,,,,,,,,,,,,,,,,,,,,,,,,,,,,,,,,,,,,,,,,,,,,,,,,,,,#,"EthnicMinorities_freq,-1*x*(1-RacialTension)*0.2,32",Comp,Coop,,Individualism,Collectivism,Relativism,Universalism,Hedonism,Prohibitionism,Objectivism,Subjectivism,Anarchism,Authoritarianism,Isolationism,Globalism,Militarism,Pacifism,,,,,,,,,,,,,,,,,,,,,,,,,,,,,,,,,,,,,,,,,,,,,,,,,,,,,,,,,,,,,,,,,,,,,,,,,,,,,,,,,,,,,,,,,,,,,,,ColTrauma,WWTrauma,CWTrauma,,,,,,,,,,,,,,,,,,,,,,,,,,,,,,,
,CULTURAL HERITAGES,,,,,,,,,,,DEFAULT,YEAR,HISTORY ERASURE POLICY,,,,,,,,,,,,,,,,,,,,,,,,,,,,,,,,,,,,,,,,,,,,,,,,,,,,,,,,,,,,,,,,,,,,,,,,,,,,,,,,,,,,,,,,,,,,,,,,,,,,,,,,,,,,,,,,,,,,,,,,,,,,,,,,,,,,,,,,,,,,,,,,,,,,,,,,,,,,,,,,,,,,,,,,,,,,,,,,,,,,,,,,,,,,,,,,,,,,,,,,,,,,,,,,,,,,,,,,,,,,,,,,,,,,,,,,,,,,,,,,,,,,,,,,,,,,,,,,,,,,,,,,,,,,,,,,,,,,,,,,,,,,,,,,,,,,,,,,,,
#,CulturalHeritageGermany,FOREIGNPOLICY,_prereq_germany,map_germany,1,0.2,0.1,0,0+(1.0*x),0,0+(1.0*x),"_default_,1","_year,0-(0.015*x)",,,,,,,,,"EthnicMinorities_perc,0-(0.5*x),8","Globalism,0-(0.3*x),32","Isolationism,0+(0.3*x),32",,,,,,,,,,,,,,,,,,,,,,,,,,,,,,,,,,,,,,,,,,,,,,,,,,,,,,,,,,,,,,,,,,,,,,,,,,,,,,,,,,,,,,,,,,,,,,,,,,,,,,,,,,,,,,,,,,,,,,,,,,,,,,,,,,,,,,,,,,,,,,#,,"Comp,0+(0.2*x)","Coop,0+(0.2*x)",,"Individualism,0+(0.2*x)","Collectivism,0-(0.5*x)","Relativism,0+(0.4*x)","Universalism,0-(0.1*x)","Hedonism,0-(0.1*x)","Prohibitionism,0-(0.2*x)","Objectivism,0+(0.7*x)","Subjectivism,0-(0.2*x)","Anarchism,0+(0.1*x)","Authoritarianism,0-(0.2*x)","Isolationism,0+(0.1*x)","Globalism,0+(0.5*x)","Militarism,0-(0.5*x)","Pacifism,0+(0.5*x)",,,,,,,,,,,,,,,,,,,,,,,,,,,,,,,,,,,,,,,,,,,,,,,,,,,,,,,,,,,,,,,,,,,,,,,,,,,,,,,,,,,,,,,,,,,,,,"CulturalHeritageEU,0-(1*x)","ColTrauma,0-(0.05*x)","WWTrauma,0+(0.5*x)","CWTrauma,0+(0.5*x)",,,,,,,,,,,,,,,,,,,,,,,,,,,,,,,
#,CulturalHeritageCanada,FOREIGNPOLICY,_prereq_canada,map_canada,1,0.2,0.1,0,0+(1.0*x),0,0+(1.0*x),"_default_,1","_year,0-(0.015*x)",,,,,,,,,"EthnicMinorities_perc,0-(0.5*x),8","Globalism,0-(0.3*x),32","Isolationism,0+(0.3*x),32",,,,,,,,,,,,,,,,,,,,,,,,,,,,,,,,,,,,,,,,,,,,,,,,,,,,,,,,,,,,,,,,,,,,,,,,,,,,,,,,,,,,,,,,,,,,,,,,,,,,,,,,,,,,,,,,,,,,,,,,,,,,,,,,,,,,,,,,,,,,,,#,,"Comp,0+(0.1*x)","Coop,0+(0.2*x)",,"Individualism,0+(0.1*x)","Collectivism,0-(0.1*x)","Relativism,0+(0.2*x)","Universalism,0+(0.3*x)","Hedonism,0-(0.1*x)","Prohibitionism,0-(0.3*x)","Objectivism,0+(0.1*x)","Subjectivism,0+(0.2*x)","Anarchism,0+(0.1*x)","Authoritarianism,0-(0.2*x)","Isolationism,0-(0.1*x)","Globalism,0+(0.3*x)","Militarism,0-(0.1*x)","Pacifism,0+(0.5*x)",,,,,,,,,,,,,,,,,,,,,,,,,,,,,,,,,,,,,,,,,,,,,,,,,,,,,,,,,,,,,,,,,,,,,,,,,,,,,,,,,,,,,,,,,,,,,,,"ColTrauma,0+(0.35*x)","WWTrauma,0+(0.1*x)","CWTrauma,0+(0.25*x)",,,,,,,,,,,,,,,,,,,,,,,,,,,,,,,
#,CulturalHeritageSouthKorea,FOREIGNPOLICY,_prereq_southkorea,map_southkorea,1,0.2,0.1,0,0+(1.0*x),0,0+(1.0*x),"_default_,1","_year,0-(0.015*x)",,,,,,,,,"EthnicMinorities_perc,0-(0.5*x),8","Globalism,0-(0.3*x),32","Isolationism,0+(0.3*x),32",,,,,,,,,,,,,,,,,,,,,,,,,,,,,,,,,,,,,,,,,,,,,,,,,,,,,,,,,,,,,,,,,,,,,,,,,,,,,,,,,,,,,,,,,,,,,,,,,,,,,,,,,,,,,,,,,,,,,,,,,,,,,,,,,,,,,,,,,,,,,,#,,"Comp,0-(0.5*x)","Coop,0-(0.7*x)",,"Individualism,0-(0.5*x)","Collectivism,0-(0.7*x)","Relativism,0+(0.2*x)","Universalism,0-(0.1*x)","Hedonism,0+(0.4*x)","Prohibitionism,0-(0.4*x)","Objectivism,0+(0.1*x)","Subjectivism,0+(0.1*x)","Anarchism,0+(0.1*x)","Authoritarianism,0-(0.5*x)","Isolationism,0-(0.5*x)","Globalism,0+(0.5*x)","Militarism,0+(0.2*x)","Pacifism,0+(0.2*x)",,,,,,,,,,,,,,,,,,,,,,,,,,,,,,,,,,,,,,,,,,,,,,,,,,,,,,,,,,,,,,,,,,,,,,,,,,,,,,,,,,,,,,,,,,,,,,,"ColTrauma,0+(0.15*x)","WWTrauma,0+(0.3*x)","CWTrauma,0+(0.25*x)",,,,,,,,,,,,,,,,,,,,,,,,,,,,,,,
#,CulturalHeritageEU,FOREIGNPOLICY,_prereq_eu,sit_icons_eu,1,0.2,0.1,0,0+(1.0*x),0,0+(1.0*x),"_default_,1","_year,0-(0.015*x)",,,,,,,,,"EthnicMinorities_perc,0-(0.5*x),8","Globalism,0+(1*x),32","Isolationism,0-(0.6*x),32",,,,,,,,,,,,,,,,,,,,,,,,,,,,,,,,,,,,,,,,,,,,,,,,,,,,,,,,,,,,,,,,,,,,,,,,,,,,,,,,,,,,,,,,,,,,,,,,,,,,,,,,,,,,,,,,,,,,,,,,,,,,,,,,,,,,,,,,,,,,,,#,,"Comp,0-(0.3*x)","Coop,0+(0.3*x)",,"Individualism,0+(0.2*x)","Collectivism,0-(0.1*x)","Relativism,0+(0.2*x)","Universalism,0+(0.1*x)","Hedonism,0-(0.1*x)","Prohibitionism,0-(0.1*x)","Objectivism,0+(0.2*x)","Subjectivism,0-(0.2*x)","Anarchism,0+(0.1*x)","Authoritarianism,0-(0.2*x)","Isolationism,0-(0.2*x)","Globalism,0+(0.6*x)","Militarism,0+(0.2*x)","Pacifism,0+(0.5*x)",,,,,,,,,,,,,,,,"Patriot,x*(_year)*1",,,,,,,,,,,,,,,,,,,,,,,,,,,,,,,,,,,,,,,,,,,,,,,,,,,,,,,,,,,,,,,,,,,,,,,,,,,,,,,"ColTrauma,0+(0.25*x)","WWTrauma,0+(0.4*x)","CWTrauma,0+(0.5*x)",,,,,,,,,,,,,,,,,,,,,,,,,,,,,,,
#,CulturalHeritageUK,FOREIGNPOLICY,_prereq_uk,map_uk,1,0.2,0.1,0,0+(1.0*x),0,0+(1.0*x),"_default_,1","_year,0-(0.015*x)",,,,,,,,,"EthnicMinorities_perc,0-(0.5*x),8","Globalism,0-(0.3*x),32","Isolationism,0+(0.3*x),32",,,,,,,,,,,,,,,,,,,,,,,,,,,,,,,,,,,,,,,,,,,,,,,,,,,,,,,,,,,,,,,,,,,,,,,,,,,,,,,,,,,,,,,,,,,,,,,,,,,,,,,,,,,,,,,,,,,,,,,,,,,,,,,,,,,,,,,,,,,,,,#,,"Comp,0+(0.3*x)","Coop,0-(0.1*x)",,"Individualism,0+(0.3*x)","Collectivism,0-(0.1*x)","Relativism,0+(0.2*x)","Universalism,0+(0.3*x)","Hedonism,0-(0.1*x)","Prohibitionism,0+(0.2*x)","Objectivism,0+(0.4*x)","Subjectivism,0-(0.1*x)","Anarchism,0+(0.3*x)","Authoritarianism,0+(0.1*x)","Isolationism,0+(0.2*x)","Globalism,0+(0.2*x)","Militarism,0+(0.2*x)","Pacifism,0+(0.2*x)",,,,,,,,,,,,,,,,,,,,,,,,,,,,,,,,,,,,,,,,,,,,,,,,,,,,,,,,,,,,,,,,,,,,,,,,,,,,,,,,,,,,,,,,,,,,,,"CulturalHeritageEU,0-(1*x)","ColTrauma,0+(0.5*x)","WWTrauma,0+(0.3*x)","CWTrauma,0+(0.25*x)",,,,,,,,,,,,,,,,,,,,,,,,,,,,,,,
,DLC,,,,,,,,,,,,,,,,,,,,,,,,,,,,,,,,,,,,,,,,,,,,,,,,,,,,,,,,,,,,,,,,,,,,,,,,,,,,,,,,,,,,,,,,,,,,,,,,,,,,,,,,,,,,,,,,,,,,,,,,,,,,,,,,,,,,,,,,,,,,,,,,,,,,,,,,,,,,,,,,,,,,,,,,,,,,,,,,,,,,,,,,,,,,,,,,,,,,,,,,,,,,,,,,,,,,,,,,,,,,,,,,,,,,,,,,,,,,,,,,,,,,,,,,,,,,,,,,,,,,,,,,,,,,,,,,,,,,,,,,,,,,,,,,,,,,,,,,,,,,,,,,,,,,,,,
#,CulturalHeritageBrazil,FOREIGNPOLICY,_prereq_brazil,map_brazil,1,0.2,0.1,0,0+(1.0*x),0,0+(1.0*x),"_default_,1","_year,0-(0.015*x)",,,,,,,,,"EthnicMinorities_perc,0-(0.5*x),8","Globalism,0-(0.3*x),32","Isolationism,0+(0.3*x),32",,,,,,,,,,,,,,,,,,,,,,,,,,,,,,,,,,,,,,,,,,,,,,,,,,,,,,,,,,,,,,,,,,,,,,,,,,,,,,,,,,,,,,,,,,,,,,,,,,,,,,,,,,,,,,,,,,,,,,,,,,,,,,,,,,,,,,,,,,,,,,#,,"Comp,0+(0.2*x)","Coop,0-(0.1*x)",,"Individualism,0+(0.2*x)","Collectivism,0-(0.1*x)","Relativism,0-(0.1*x)","Universalism,0+(0.1*x)","Hedonism,0+(0.4*x)","Prohibitionism,0-(0.1*x)","Objectivism,0+(0.2*x)","Subjectivism,0+(0.1*x)","Anarchism,0+(0.1*x)","Authoritarianism,0-(0.2*x)","Isolationism,0+(0.2*x)","Globalism,0+(0.2*x)","Militarism,0+(0.3*x)","Pacifism,0+(0.2*x)",,,,,,,,,,,,,,,,,,,,,,,,,,,,,,,,,,,,,,,,,,,,,,,,,,,,,,,,,,,,,,,,,,,,,,,,,,,,,,,,,,,,,,,,,,,,,,,"ColTrauma,0+(0.5*x)","WWTrauma,0-(0.2*x)","CWTrauma,0-(0.1*x)",,,,,,,,,,,,,,,,,,,,,,,,,,,,,,,
#,CulturalHeritageSwitzerland,FOREIGNPOLICY,_prereq_switzerland,map_switzerland,1,0.2,0.1,0,0+(1.0*x),0,0+(1.0*x),"_default_,1","_year,0-(0.015*x)",,,,,,,,,"EthnicMinorities_perc,0-(0.5*x),8","Globalism,0-(0.3*x),32","Isolationism,0+(0.3*x),32",,,,,,,,,,,,,,,,,,,,,,,,,,,,,,,,,,,,,,,,,,,,,,,,,,,,,,,,,,,,,,,,,,,,,,,,,,,,,,,,,,,,,,,,,,,,,,,,,,,,,,,,,,,,,,,,,,,,,,,,,,,,,,,,,,,,,,,,,,,,,,#,,"Comp,0+(0.3*x)","Coop,0-(0.2*x)",,"Individualism,0+(0.3*x)","Collectivism,0-(0.2*x)","Relativism,0+(0.2*x)","Universalism,0-(0.1*x)","Hedonism,0+(0.2*x)","Prohibitionism,0-(0.2*x)","Objectivism,0+(0.7*x)","Subjectivism,0-(0.3*x)","Anarchism,0+(0.3*x)","Authoritarianism,0-(0.2*x)","Isolationism,0+(0.5*x)","Globalism,0+(0.1*x)","Militarism,0-(0.1*x)","Pacifism,0+(0.5*x)",,,,,,,,,,,,,,,,,,,,,,,,,,,,,,,,,,,,,,,,,,,,,,,,,,,,,,,,,,,,,,,,,,,,,,,,,,,,,,,,,,,,,,,,,,,,,,"CulturalHeritageEU,0-(1*x)","ColTrauma,0-(0.2*x)","WWTrauma,0-(0.2*x)","CWTrauma,0+(0.1*x)",,,,,,,,,,,,,,,,,,,,,,,,,,,,,,,
#,CulturalHeritageTurkey,FOREIGNPOLICY,_prereq_turkey,map_turkey,1,0.2,0.1,0,0+(1.0*x),0,0+(1.0*x),"_default_,1","_year,0-(0.015*x)",,,,,,,,,"EthnicMinorities_perc,0-(0.5*x),8","Globalism,0-(0.3*x),32","Isolationism,0+(0.3*x),32",,,,,,,,,,,,,,,,,,,,,,,,,,,,,,,,,,,,,,,,,,,,,,,,,,,,,,,,,,,,,,,,,,,,,,,,,,,,,,,,,,,,,,,,,,,,,,,,,,,,,,,,,,,,,,,,,,,,,,,,,,,,,,,,,,,,,,,,,,,,,,#,,"Comp,0+(0.1*x)","Coop,0-(0.1*x)",,"Individualism,0+(0.1*x)","Collectivism,0-(0.1*x)","Relativism,0-(0.2*x)","Universalism,0+(0.5*x)","Hedonism,0-(0.1*x)","Prohibitionism,0+(0.5*x)","Objectivism,0+(0.2*x)","Subjectivism,0+(0.1*x)","Anarchism,0-(0.1*x)","Authoritarianism,0+(0.4*x)","Isolationism,0+(0.1*x)","Globalism,0+(0.3*x)","Militarism,0+(0.2*x)","Pacifism,0+(0.2*x)",,,,,,,,,,,,,,,,,,,,,,,,,,,,,,,,,,,,,,,,,,,,,,,,,,,,,,,,,,,,,,,,,,,,,,,,,,,,,,,,,,,,,,,,,,,,,,,"ColTrauma,0+(0.1*x)","WWTrauma,0-(0.2*x)","CWTrauma,0+(0.1*x)",,,,,,,,,,,,,,,,,,,,,,,,,,,,,,,
#,CulturalHeritagePoland,FOREIGNPOLICY,_prereq_poland,map_poland,1,0.2,0.1,0,0+(1.0*x),0,0+(1.0*x),"_default_,1","_year,0-(0.015*x)",,,,,,,,,"EthnicMinorities_perc,0-(0.5*x),8","Globalism,0-(0.3*x),32","Isolationism,0+(0.3*x),32",,,,,,,,,,,,,,,,,,,,,,,,,,,,,,,,,,,,,,,,,,,,,,,,,,,,,,,,,,,,,,,,,,,,,,,,,,,,,,,,,,,,,,,,,,,,,,,,,,,,,,,,,,,,,,,,,,,,,,,,,,,,,,,,,,,,,,,,,,,,,,#,,"Comp,0-(0.5*x)","Coop,0-(0.5*x)",,"Individualism,0-(0.5*x)","Collectivism,0-(0.5*x)","Relativism,0-(0.2*x)","Universalism,0+(0.4*x)","Hedonism,0-(0.1*x)","Prohibitionism,0+(0.2*x)","Objectivism,0+(0.2*x)","Subjectivism,0-(0.1*x)","Anarchism,0-(0.1*x)","Authoritarianism,0+(0.2*x)","Isolationism,0+(0.1*x)","Globalism,0+(0.1*x)","Militarism,0+(0.2*x)","Pacifism,0+(0.2*x)",,,,,,,,,,,,,,,,,,,,,,,,,,,,,,,,,,,,,,,,,,,,,,,,,,,,,,,,,,,,,,,,,,,,,,,,,,,,,,,,,,,,,,,,,,,,,,"CulturalHeritageEU,0-(1*x)","ColTrauma,0-(0.2*x)","WWTrauma,0+(0.8*x)","CWTrauma,0+(0.2*x)",,,,,,,,,,,,,,,,,,,,,,,,,,,,,,,
,MISSING COUNTRIES,,,,,,,,,,,,,,,,,,,,,,,,,,,,,,,,,,,,,,,,,,,,,,,,,,,,,,,,,,,,,,,,,,,,,,,,,,,,,,,,,,,,,,,,,,,,,,,,,,,,,,,,,,,,,,,,,,,,,,,,,,,,,,,,,,,,,,,,,,,,,,,,,,,,,,,,,,,,,,,,,,,,,,,,,,,,,,,,,,,,,,,,,,,,,,,,,,,,,,,,,,,,,,,,,,,,,,,,,,,,,,,,,,,,,,,,,,,,,,,,,,,,,,,,,,,,,,,,,,,,,,,,,,,,,,,,,,,,,,,,,,,,,,,,,,,,,,,,,,,,,,,,,,,,,,,
#,CulturalHeritageItaly,FOREIGNPOLICY,_prereq_italy,map_italy,1,0.2,0.1,0,0+(1.0*x),0,0+(1.0*x),"_default_,1","_year,0-(0.015*x)",,,,,,,,,"EthnicMinorities_perc,0-(0.5*x),8","Globalism,0-(0.3*x),32","Isolationism,0+(0.3*x),32",,,,,,,,,,,,,,,,,,,,,,,,,,,,,,,,,,,,,,,,,,,,,,,,,,,,,,,,,,,,,,,,,,,,,,,,,,,,,,,,,,,,,,,,,,,,,,,,,,,,,,,,,,,,,,,,,,,,,,,,,,,,,,,,,,,,,,,,,,,,,,#,,"Comp,0+(0.1*x)","Coop,0-(0.3*x)",,"Individualism,0+(0.5*x)","Collectivism,0-(0.5*x)","Relativism,0+(0.2*x)","Universalism,0+(0.4*x)","Hedonism,0+(0.6*x)","Prohibitionism,0+(0.2*x)","Objectivism,0-(0.2*x)","Subjectivism,0+(0.3*x)","Anarchism,0+(0.4*x)","Authoritarianism,0+(0.1*x)","Isolationism,0+(0.1*x)","Globalism,0+(0.3*x)","Militarism,0+(0.2*x)","Pacifism,0+(0.3*x)",,,,,,,,,,,,,,,,,,,,,,,,,,,,,,,,,,,,,,,,,,,,,,,,,,,,,,,,,,,,,,,,,,,,,,,,,,,,,,,,,,,,,,,,,,,,,,"CulturalHeritageEU,0-(1*x)","ColTrauma,0+(0.3*x)","WWTrauma,0+(1*x)","CWTrauma,0+(0.7*x)",,,,,,,,,"FunctionalIlliteracy,0+(0.6*x)",,"Fundamentalism,0+(1*x)","SlowJustice,0+(0.7*x)","Absenteeism,0+(0.5*x)",,,,,,,,,,,,,,,,,,
#,CulturalHeritageUSA,FOREIGNPOLICY,_prereq_usa,map_usa,1,0.2,0.1,0,0+(1.0*x),0,0+(1.0*x),"_default_,1","_year,0-(0.015*x)",,,,,,,,,"EthnicMinorities_perc,0-(0.5*x),8","Globalism,0+(0.6*x),32",,,,,,,,,,,,,,,,,,,,,,,,,,,,,,,,,,,,,,,,,,,,,,,,,,,,,,,,,,,,,,,,,,,,,,,,,,,,,,,,,,,,,,,,,,,,,,,,,,,,,,,,,,,,,,,,,,,,,,,,,,,,,,,,,,,,,,,,,,,,,,,#,,"Comp,0+(0.3*x)","Coop,0-(0.2*x)",,"Individualism,0+(0.5*x)","Collectivism,0-(0.5*x)","Relativism,0+(0.4*x)","Universalism,0+(0.4*x)","Hedonism,0+(0.4*x)","Prohibitionism,0+(0.2*x)","Objectivism,0+(0.2*x)","Subjectivism,0+(0.3*x)","Anarchism,0+(0.3*x)","Authoritarianism,0+(0.3*x)","Isolationism,0-(0.3*x)","Globalism,0+(0.3*x)","Militarism,0+(0.3*x)","Pacifism,0-(0.1*x)",,,,,,,,,,,,,,,,,,,,,,,,,,,,,,,,,,,,,,,,,,,,,,,,,,,,,,,,,,,,,,,,,,,,,,,,,,,,,,,,,,,,,,,,,,,,"Democracy,0+(0.4*x),32","GDP,0+(0.3*x),32",,"ColTrauma,0+(0.7*x)","WWTrauma,0+(0.5*x)","CWTrauma,0+(0.6*x)",,,,,,,,,,,,,,,,,,,,,,,,,,,,,,,
#,CulturalHeritageChina,FOREIGNPOLICY,_prereq_china,map_china,1,0.2,0.1,0,0+(1.0*x),0,0+(1.0*x),"_default_,1","_year,0-(0.015*x)",,,,,,,,,"EthnicMinorities_perc,0-(0.5*x),8","Globalism,0-(0.3*x),32","Isolationism,0+(0.3*x),32",,,,,,,,,,,,,,,,,,,,,,,,,,,,,,,,,,,,,,,,,,,,,,,,,,,,,,,,,,,,,,,,,,,,,,,,,,,,,,,,,,,,,,,,,,,,,,,,,,,,,,,,,,,,,,,,,,,,,,,,,,,,,,,,,,,,,,,,,,,,,,#,,"Comp,0+(0.2*x)","Coop,0+(0.6*x)",,"Individualism,0-(0.2*x)","Collectivism,0+(0.5*x)","Relativism,0+(0.1*x)","Universalism,0+(0.4*x)","Hedonism,0-(0.1*x)","Prohibitionism,0+(0.5*x)","Objectivism,0+(0.3*x)","Subjectivism,0-(0.1*x)","Anarchism,0-(0.3*x)","Authoritarianism,0+(0.5*x)","Isolationism,0+(0.5*x)","Globalism,0+(0.4*x)","Militarism,0+(0.4*x)","Pacifism,0+(0.1*x)",,,,,,,,,,,,,,,,,,,,,,,,,,,,,,,,,,,,,,,,,,,,,,,,,,,,,,,,,,,,,,,,,,,,,,,,,,,,,,,,,,,,,,,,,,,,,,,"ColTrauma,0-(0.2*x)","WWTrauma,0+(0.4*x)","CWTrauma,0+(0.2*x)",,,,,,,,,,,,,,,,,,,,,,,,,,,,,,,
#,CulturalHeritageFrance,FOREIGNPOLICY,_prereq_france,map_france,1,0.2,0.1,0,0+(1.0*x),0,0+(1.0*x),"_default_,1","_year,0-(0.015*x)",,,,,,,,,"EthnicMinorities_perc,0-(0.5*x),8","Globalism,0-(0.3*x),32","Isolationism,0+(0.3*x),32",,,,,,,,,,,,,,,,,,,,,,,,,,,,,,,,,,,,,,,,,,,,,,,,,,,,,,,,,,,,,,,,,,,,,,,,,,,,,,,,,,,,,,,,,,,,,,,,,,,,,,,,,,,,,,,,,,,,,,,,,,,,,,,,,,,,,,,,,,,,,,#,,"Comp,0-(0.5*x)","Coop,0+(0.1*x)",,"Individualism,0+(0.2*x)","Collectivism,0-(0.5*x)","Relativism,0+(0.2*x)","Universalism,0+(0.2*x)","Hedonism,0-(0.1*x)","Prohibitionism,0-(0.1*x)","Objectivism,0+(0.2*x)","Subjectivism,0-(0.2*x)","Anarchism,0+(0.3*x)","Authoritarianism,0-(0.2*x)","Isolationism,0-(0.1*x)","Globalism,0+(0.4*x)","Militarism,0+(0.2*x)","Pacifism,0+(0.2*x)",,,,,,,,,,,,,,,,,,,,,,,,,,,,,,,,,,,,,,,,,,,,,,,,,,,,,,,,,,,,,,,,,,,,,,,,,,,,,,,,,,,,,,,,,,,,,,"CulturalHeritageEU,0-(1*x)","ColTrauma,0+(0.5*x)","WWTrauma,0+(0.5*x)","CWTrauma,0+(0.2*x)",,,,,,,,,,,,,,,,,,,,,,,,,,,,,,,
#,CulturalHeritageRussia,FOREIGNPOLICY,_prereq_russia,map_russia,1,0.2,0.1,0,0+(1.0*x),0,0+(1.0*x),"_default_,1","_year,0-(0.015*x)	",,,,,,,,,"EthnicMinorities_perc,0-(0.5*x),8","Globalism,0-(0.3*x),32","Isolationism,0+(0.3*x),32",,,,,,,,,,,,,,,,,,,,,,,,,,,,,,,,,,,,,,,,,,,,,,,,,,,,,,,,,,,,,,,,,,,,,,,,,,,,,,,,,,,,,,,,,,,,,,,,,,,,,,,,,,,,,,,,,,,,,,,,,,,,,,,,,,,,,,,,,,,,,,#,,"Comp,0-(0.5*x)","Coop,0+(0.1*x)",,"Individualism,0+(0.2*x)","Collectivism,0-(0.5*x)","Relativism,0+(0.2*x)","Universalism,0+(0.2*x)","Hedonism,0-(0.1*x)","Prohibitionism,0-(0.1*x)","Objectivism,0+(0.2*x)","Subjectivism,0-(0.2*x)","Anarchism,0-(0.3*x)","Authoritarianism,0+(0.5*x)","Isolationism,0+(0.5*x)","Globalism,0+(0.1*x)","Militarism,0+(0.6*x)","Pacifism,0-(0.2*x)",,,,,,,,,,,,,,,,,,,,,,,,,,,,,,,,,,,,,,,,,,,,,,,,,,,,,,,,,,,,,,,,,,,,,,,,,,,,,,,,,,,,,,,,,,,,,,,"ColTrauma,0-(0.5*x)","WWTrauma,0+(0.4*x)","CWTrauma,0+(0.4*x)",,,,,,,,,,,,,,,,,,,,,,,,,,,,,,,
#,CulturalHeritageJapan,FOREIGNPOLICY,_prereq_japan,map_japan,1,0.2,0.1,0,0+(1.0*x),0,0+(1.0*x),"_default_,1","_year,0-(0.015*x)	",,,,,,,,,"EthnicMinorities_perc,0-(0.5*x),8","Globalism,0-(0.3*x),32","Isolationism,0+(0.3*x),32",,,,,,,,,,,,,,,,,,,,,,,,,,,,,,,,,,,,,,,,,,,,,,,,,,,,,,,,,,,,,,,,,,,,,,,,,,,,,,,,,,,,,,,,,,,,,,,,,,,,,,,,,,,,,,,,,,,,,,,,,,,,,,,,,,,,,,,,,,,,,,,,"Comp,0+(0.3*x)","Coop,0+(0.3*x)",,"Individualism,0+(0.3*x)","Collectivism,0+(0.3*x)","Relativism,0+(0.2*x)","Universalism,0-(0.1*x)","Hedonism,0+(0.2*x)","Prohibitionism,0-(0.2*x)","Objectivism,0+(0.3*x)","Subjectivism,0+(0.3*x)","Anarchism,0-(0.3*x)","Authoritarianism,0+(0.2*x)","Isolationism,0+(0.5*x)","Globalism,0+(0.3*x)","Militarism,0-(0.5*x)","Pacifism,0+(0.5*x)",,,,,,,,,,,,,,,,,,,,,,,,,,,,,,,,,,,,,,,,,,,,,,,,,,,,,,,,,,,,,,,,,,,,,,,,,,,,,,,,,,,,,,,,,,,,,,,"ColTrauma,0+(0.3*x)","WWTrauma,0+(0.7*x)","CWTrauma,0+(0.2*x)",,,,,,,,,,,,,,,,,,,,,,,,,,,,,,,
#,CulturalHeritageAustralia,FOREIGNPOLICY,_prereq_australia,map_australia,1,0.2,0.1,0,0+(1.0*x),0,0+(1.0*x),"_default_,1","_year,0-(0.015*x)	",,,,,,,,,"EthnicMinorities_perc,0-(0.5*x),8","Globalism,0-(0.3*x),32","Isolationism,0+(0.3*x),32",,,,,,,,,,,,,,,,,,,,,,,,,,,,,,,,,,,,,,,,,,,,,,,,,,,,,,,,,,,,,,,,,,,,,,,,,,,,,,,,,,,,,,,,,,,,,,,,,,,,,,,,,,,,,,,,,,,,,,,,,,,,,,,,,,,,,,,,,,,,,,,,"Comp,0+(0.2*x)","Coop,0+(0.2*x)",,"Individualism,0+(0.2*x)","Collectivism,0-(0.1*x)","Relativism,0+(0.2*x)","Universalism,0-(0.1*x)","Hedonism,0+(0.2*x)","Prohibitionism,0-(0.1*x)","Objectivism,0+(0.2*x)","Subjectivism,0+(0.1*x)","Anarchism,0+(0.3*x)","Authoritarianism,0-(0.2*x)","Isolationism,0+(0.2*x)","Globalism,0+(0.4*x)","Militarism,0-(0.1*x)","Pacifism,0+(0.4*x)",,,,,,,,,,,,,,,,,,,,,,,,,,,,,,,,,,,,,,,,,,,,,,,,,,,,,,,,,,,,,,,,,,,,,,,,,,,,,,,,,,,,,,,,,,,,,,,"ColTrauma,0+(0.5*x)","WWTrauma,0+(0.1*x)","CWTrauma,0+(0.1*x)",,,,,,,,,,,,,,,,,,,,,,,,,,,,,,,
,,,,,,,,,,,,,,,,,,,,,,,,,,,,,,,,,,,,,,,,,,,,,,,,,,,,,,,,,,,,,,,,,,,,,,,,,,,,,,,,,,,,,,,,,,,,,,,,,,,,,,,,,,,,,,,,,,,,,,,,,,,,,,,,,,,,,,,,,,,,,,,,,,,,,,,,,,,,,,,,,,,,,,,,,,,,,,,,,,,,,,,,,,,,,,,,,,,,,,,,,,,,,,,,,,,,,,,,,,,,,,,,,,,,,,,,,,,,,,,,,,,,,,,,,,,,,,,,,,,,,,,,,,,,,,,,,,,,,,,,,,,,,,,,,,,,,,,,,,,,,,,,,,,,,,,,
,,,,,,,,,,,,,,,,,,,,,,,,,,,,,,,,,,,,,,,,,,,,,,,,,,,,,,,,,,,,,,,,,,,,,,,,,,,,,,,,,,,,,,,,,,,,,,,,,,,,,,,,,,,,,,,,,,,,,,,,,,,,,,,,,,,,,,,,,,,,,,,,,,,,,,,,,,,,,,,,,,,,,,,,,,,,,,,,,,,,,,,,,,,,,,,,,,,,,,,,,,,,,,,,,,,,,,,,,,,,,,,,,,,,,,,,,,,,,,,,,,,,,,,,,,,,,,,,,,,,,,,,,,,,,,,,,,,,,,,,,,,,,,,,,,,,,,,,,,,,,,,,,,,,,,,,
,DARK TRIAD,,,,,,,,,,,,,,,,,,,,,,,,,,,,,,,,,,,,,,,,,,,,,,,,,,,,,,,,,,,,,,,,,,,,,,,,,,,,,,,,,,,,,,,,,,,,,,,,,,,,,,,,,,,,,,,,,,,,,,,,,,,,,,,,,,,,,,,,,,,,,,,,,,,,,,,,,,,,,,,,,,,,,,,,,,,,,,,,,,,,,,,,,,,,,,,,,,,,,,,,,,,,,,,,,,,,,,,,,,,,,,,,,,,,,,,,,,,,,,,,,,,,,,,,,,,,,,,,,,,,,,,,,,,,,,,,,,,,,,,,,,,,,,,,,,,,,,,,,,,,,,,,,,,,,,,
,Narcisism,WELFARE,,icons_narcissism,0,0.3,0.1,0,0+(1.0*x),0,0+(1.0*x),"Capitalist_perc,0+(1*x)*Conservatives_perc",,,,,,,,,,,,,,,,,,,,,,,,,,,,,,,,,,,,,,,,,,,,,,,,,,,,,,,,,,,,,,,,,,,,,,,,,,,,,,,,,,,,,,,,,,,,,,,,,,,,,,,,,,,,,,,,,,,,,,,,,,,,,,,,,,,,,,,,,,,,,,,,,,,,,,,,,,,,,,,,,,,,,,,,,,,,,,,,,,,,,,,,,,,,,,,,,,,,,,,,,,,,,,,,,,,,,,,,,,,,,,,,,,,,,,,,,,,,,,,,,,,,,,,,,,,,,,,,,,,,,,,,,,,,,,,,,,,,,,,,,,,,,,,,,,,,,,,,,,,,
,Psychopathy,WELFARE,,icons_psychopathy,0,0.3,0.1,0,0+(1.0*x),0,0+(1.0*x),,,,,,,,,,,,,,,,,,,,,,,,,,,,,,,,,,,,,,,,,,,,,,,,,,,,,,,,,,,,,,,,,,,,,,,,,,,,,,,,,,,,,,,,,,,,,,,,,,,,,,,,,,,,,,,,,,,,,,,,,,,,,,,,,,,,,,,,,,,,,,,,,,,,,,,,,,,,,,,,,,,,,,,,,,,,,,,,,,,,,,,,,,,,,,,,,,,,,,,,,,,,,,,,,,,,,,,,,,,,,,,,,,,,,,,,,,,,,,,,,,,,,,,,,,,,,,,,,,,,,,,,,,,,,,,,,,,,,,,,,,,,,,,,,,,,,,,,,,,,,
,Machiavellianism,WELFARE,,icons_machiavellianism,0,0.3,0.1,0,0+(1.0*x),0,0+(1.0*x),,,,,,,,,,,,,,,,,,,,,,,,,,,,,,,,,,,,,,,,,,,,,,,,,,,,,,,,,,,,,,,,,,,,,,,,,,,,,,,,,,,,,,,,,,,,,,,,,,,,,,,,,,,,,,,,,,,,,,,,,,,,,,,,,,,,,,,,,,,,,,,,,,,,,,,,,,,,,,,,,,,,,,,,,,,,,,,,,,,,,,,,,,,,,,,,,,,,,,,,,,,,,,,,,,,,,,,,,,,,,,,,,,,,,,,,,,,,,,,,,,,,,,,,,,,,,,,,,,,,,,,,,,,,,,,,,,,,,,,,,,,,,,,,,,,,,,,,,,,,,
,,,,,,,,,,,,,,,,,,,,,,,,,,,,,,,,,,,,,,,,,,,,,,,,,,,,,,,,,,,,,,,,,,,,,,,,,,,,,,,,,,,,,,,,,,,,,,,,,,,,,,,,,,,,,,,,,,,,,,,,,,,,,,,,,,,,,,,,,,,,,,,,,,,,,,,,,,,,,,,,,,,,,,,,,,,,,,,,,,,,,,,,,,,,,,,,,,,,,,,,,,,,,,,,,,,,,,,,,,,,,,,,,,,,,,,,,,,,,,,,,,,,,,,,,,,,,,,,,,,,,,,,,,,,,,,,,,,,,,,,,,,,,,,,,,,,,,,,,,,,,,,,,,,,,,,,
,,,,,,,,,,,,,,,,,,,,,,,,,,,,,,,,,,,,,,,,,,,,,,,,,,,,,,,,,,,,,,,,,,,,,,,,,,,,,,,,,,,,,,,,,,,,,,,,,,,,,,,,,,,,,,,,,,,,,,,,,,,,,,,,,,,,,,,,,,,,,,,,,,,,,,,,,,,,,,,,,,,,,,,,,,,,,,,,,,,,,,,,,,,,,,,,,,,,,,,,,,,,,,,,,,,,,,,,,,,,,,,,,,,,,,,,,,,,,,,,,,,,,,,,,,,,,,,,,,,,,,,,,,,,,,,,,,,,,,,,,,,,,,,,,,,,,,,,,,,,,,,,,,,,,,,,
,,,,,,,,,,,,,,,,,,,,,,,,,,,,,,,,,,,,,,,,,,,,,,,,,,,,,,,,,,,,,,,,,,,,,,,,,,,,,,,,,,,,,,,,,,,,,,,,,,,,,,,,,,,,,,,,,,,,,,,,,,,,,,,,,,,,,,,,,,,,,,,,,,,,,,,,,,,,,,,,,,,,,,,,,,,,,,,,,,,,,,,,,,,,,,,,,,,,,,,,,,,,,,,,,,,,,,,,,,,,,,,,,,,,,,,,,,,,,,,,,,,,,,,,,,,,,,,,,,,,,,,,,,,,,,,,,,,,,,,,,,,,,,,,,,,,,,,,,,,,,,,,,,,,,,,,
,,,,,,,,,,,,,,,,,,,,,,,,,,,,,,,,,,,,,,,,,,,,,,,,,,,,,,,,,,,,,,,,,,,,,,,,,,,,,,,,,,,,,,,,,,,,,,,,,,,,,,,,,,,,,,,,,,,,,,,,,,,,,,,,,,,,,,,,,,,,,,,,,,,,,,,,,,,,,,,,,,,,,,,,,,,,,,,,,,,,,,,,,,,,,,,,,,,,,,,,,,,,,,,,,,,,,,,,,,,,,,,,,,,,,,,,,,,,,,,,,,,,,,,,,,,,,,,,,,,,,,,,,,,,,,,,,,,,,,,,,,,,,,,,,,,,,,,,,,,,,,,,,,,,,,,,
,,,,,,,,,,,,,,,,,,,,,,,,,,,,,,,,,,,,,,,,,,,,,,,,,,,,,,,,,,,,,,,,,,,,,,,,,,,,,,,,,,,,,,,,,,,,,,,,,,,,,,,,,,,,,,,,,,,,,,,,,,,,,,,,,,,,,,,,,,,,,,,,,,,,,,,,,,,,,,,,,,,,,,,,,,,,,,,,,,,,,,,,,,,,,,,,,,,,,,,,,,,,,,,,,,,,,,,,,,,,,,,,,,,,,,,,,,,,,,,,,,,,,,,,,,,,,,,,,,,,,,,,,,,,,,,,,,,,,,,,,,,,,,,,,,,,,,,,,,,,,,,,,,,,,,,,
,,,,,,,,,,,,,,,,,,,,,,,,,,,,,,,,,,,,,,,,,,,,,,,,,,,,,,,,,,,,,,,,,,,,,,,,,,,,,,,,,,,,,,,,,,,,,,,,,,,,,,,,,,,,,,,,,,,,,,,,,,,,,,,,,,,,,,,,,,,,,,,,,,,,,,,,,,,,,,,,,,,,,,,,,,,,,,,,,,,,,,,,,,,,,,,,,,,,,,,,,,,,,,,,,,,,,,,,,,,,,,,,,,,,,,,,,,,,,,,,,,,,,,,,,,,,,,,,,,,,,,,,,,,,,,,,,,,,,,,,,,,,,,,,,,,,,,,,,,,,,,,,,,,,,,,,
,,,,,,,,,,,,,,,,,,,,,,,,,,,,,,,,,,,,,,,,,,,,,,,,,,,,,,,,,,,,,,,,,,,,,,,,,,,,,,,,,,,,,,,,,,,,,,,,,,,,,,,,,,,,,,,,,,,,,,,,,,,,,,,,,,,,,,,,,,,,,,,,,,,,,,,,,,,,,,,,,,,,,,,,,,,,,,,,,,,,,,,,,,,,,,,,,,,,,,,,,,,,,,,,,,,,,,,,,,,,,,,,,,,,,,,,,,,,,,,,,,,,,,,,,,,,,,,,,,,,,,,,,,,,,,,,,,,,,,,,,,,,,,,,,,,,,,,,,,,,,,,,,,,,,,,,
,,,,,,,,,,,,,,,,,,,,,,,,,,,,,,,,,,,,,,,,,,,,,,,,,,,,,,,,,,,,,,,,,,,,,,,,,,,,,,,,,,,,,,,,,,,,,,,,,,,,,,,,,,,,,,,,,,,,,,,,,,,,,,,,,,,,,,,,,,,,,,,,,,,,,,,,,,,,,,,,,,,,,,,,,,,,,,,,,,,,,,,,,,,,,,,,,,,,,,,,,,,,,,,,,,,,,,,,,,,,,,,,,,,,,,,,,,,,,,,,,,,,,,,,,,,,,,,,,,,,,,,,,,,,,,,,,,,,,,,,,,,,,,,,,,,,,,,,,,,,,,,,,,,,,,,,
,,,,,,,,,,,,,,,,,,,,,,,,,,,,,,,,,,,,,,,,,,,,,,,,,,,,,,,,,,,,,,,,,,,,,,,,,,,,,,,,,,,,,,,,,,,,,,,,,,,,,,,,,,,,,,,,,,,,,,,,,,,,,,,,,,,,,,,,,,,,,,,,,,,,,,,,,,,,,,,,,,,,,,,,,,,,,,,,,,,,,,,,,,,,,,,,,,,,,,,,,,,,,,,,,,,,,,,,,,,,,,,,,,,,,,,,,,,,,,,,,,,,,,,,,,,,,,,,,,,,,,,,,,,,,,,,,,,,,,,,,,,,,,,,,,,,,,,,,,,,,,,,,,,,,,,,
